level,section,row,seat,zone,zone_id,price,map_x,map_y,seat_type,aisle,view_image_id,tessitura_seat,seat_id
orchestra,orchestra,M,108,Orchestra Premium2,5059,351.0,800.38,590.88,1,0,f0d28c1c-8d2c-428f-8c08-9460744e8853,172679,43331f50-e0ae-49ca-a390-08c284387b51
orchestra,orchestra,S,10,Orc 4 Accessible,5062,139.0,415.94,457.6,15,0,f4253fad-3ce2-4d04-ae9b-141438d2ebe3,172263,179f40c3-9329-4872-8658-4ebb5e50850f
orchestra,orchestra,A,101,Orchestra Premium,5058,351.0,971.23,992.78,1,0,297c1ff2-0678-44cf-b7e3-82b6a2e93ff9,173567,b3490ff6-a495-47cb-a1ee-1c5989f424c0
orchestra,orchestra,A,103,Orchestra Premium,5058,351.0,999.55,992.93,1,0,297c1ff2-0678-44cf-b7e3-82b6a2e93ff9,173568,145cf8ae-ca11-4bd0-8123-2666a29273c8
orchestra,orchestra,A,105,Orchestra Premium,5058,351.0,1027.85,994.5,1,0,297c1ff2-0678-44cf-b7e3-82b6a2e93ff9,173569,5d34cc58-e485-4443-8fbc-96cbca56a39f
orchestra,orchestra,A,107,Orchestra Premium,5058,351.0,1056.12,995.85,1,0,297c1ff2-0678-44cf-b7e3-82b6a2e93ff9,173570,95e536d0-6061-4935-a420-eed945c2cdc3
orchestra,orchestra,A,109,Orchestra Premium,5058,351.0,1084.37,997.74,1,0,297c1ff2-0678-44cf-b7e3-82b6a2e93ff9,173571,b4513db4-69f8-4a11-887a-01b07ed1de23
orchestra,orchestra,A,111,Orchestra Premium,5058,351.0,1112.6,999.88,1,0,297c1ff2-0678-44cf-b7e3-82b6a2e93ff9,173572,afe5b3d1-fda9-43cd-a633-8020e2034b9f
orchestra,orchestra,A,113,Orchestra Premium,5058,351.0,1140.8,1002.3,1,0,297c1ff2-0678-44cf-b7e3-82b6a2e93ff9,173573,2d1d0b9e-2d91-490a-944a-597e2d4f267a
orchestra,orchestra,A,115,Orchestra Premium,5058,351.0,1168.96,1005.5,1,0,297c1ff2-0678-44cf-b7e3-82b6a2e93ff9,173574,710311e1-544f-41c9-85ce-2efa61bd9fea
orchestra,orchestra,A,117,Orchestra Premium,5058,351.0,1197.1,1008.98,1,0,297c1ff2-0678-44cf-b7e3-82b6a2e93ff9,173575,b143a33b-7706-453a-9db8-0ab4c34f20c7
orchestra,orchestra,A,119,Orchestra Premium,5058,351.0,1225.2,1012.71,1,0,297c1ff2-0678-44cf-b7e3-82b6a2e93ff9,173576,c5ef3b16-6df6-4a08-8ed7-2d00d4740e14
orchestra,orchestra,A,121,Orchestra Premium,5058,351.0,1253.26,1016.71,1,0,297c1ff2-0678-44cf-b7e3-82b6a2e93ff9,173577,903cb743-5c12-46c5-aff1-c931dcc819e4
orchestra,orchestra,A,123,Orchestra Premium,5058,351.0,1281.3,1022.0,1,0,297c1ff2-0678-44cf-b7e3-82b6a2e93ff9,173578,cf39dba5-b197-4385-b058-eb495fb93d73
orchestra,orchestra,B,101,Orchestra Premium,5058,351.0,999.47,956.54,1,0,297c1ff2-0678-44cf-b7e3-82b6a2e93ff9,173488,6e132a18-8016-4cb2-b0ab-ee69958e14a2
orchestra,orchestra,B,103,Orchestra Premium,5058,351.0,1027.78,957.96,1,0,297c1ff2-0678-44cf-b7e3-82b6a2e93ff9,173489,cd17410e-5044-4fb5-8446-707c10242c92
orchestra,orchestra,B,105,Orchestra Premium,5058,351.0,1056.06,959.17,1,0,297c1ff2-0678-44cf-b7e3-82b6a2e93ff9,173490,6706c8b0-82e7-4218-985e-6a4ce87439cc
orchestra,orchestra,B,107,Orchestra Premium,5058,351.0,1084.32,960.93,1,0,297c1ff2-0678-44cf-b7e3-82b6a2e93ff9,173491,c92793bb-7bc6-45ed-a16c-4912a8bb1952
orchestra,orchestra,B,109,Orchestra Premium,5058,351.0,1112.56,962.91,1,0,297c1ff2-0678-44cf-b7e3-82b6a2e93ff9,173492,b901be7c-ef7f-4865-a36b-2c48d4042cec
orchestra,orchestra,B,111,Orchestra Premium,5058,351.0,1140.77,965.19,1,0,297c1ff2-0678-44cf-b7e3-82b6a2e93ff9,173493,c044b4e0-3daa-4333-88c6-f487bb712f39
orchestra,orchestra,B,113,Orchestra Premium,5058,351.0,1168.95,968.26,1,0,297c1ff2-0678-44cf-b7e3-82b6a2e93ff9,173494,8e39327b-3309-4f16-9179-5be25790e5fd
orchestra,orchestra,B,115,Orchestra Premium,5058,351.0,1197.1,971.58,1,0,297c1ff2-0678-44cf-b7e3-82b6a2e93ff9,173495,9dad128c-9d8e-4c5d-872f-116240b30504
orchestra,orchestra,B,117,Orchestra Premium,5058,351.0,1225.22,975.17,1,0,297c1ff2-0678-44cf-b7e3-82b6a2e93ff9,173496,604f5835-9484-4833-873c-3c21edda6ed9
orchestra,orchestra,B,119,Orchestra Premium,5058,351.0,1253.31,979.04,1,0,297c1ff2-0678-44cf-b7e3-82b6a2e93ff9,173497,9970df9e-5e98-4483-9fe0-b3cd8e179f88
orchestra,orchestra,B,121,Orchestra Premium,5058,351.0,1281.37,984.19,1,0,297c1ff2-0678-44cf-b7e3-82b6a2e93ff9,173498,2312b487-11e7-4a9f-acc3-f09dc7b65fef
orchestra,orchestra,C,101,Orchestra Premium,5058,351.0,971.14,919.68,17,0,297c1ff2-0678-44cf-b7e3-82b6a2e93ff9,173407,50e7350c-9c7b-4abf-b2b0-e14e3cf99ca6
orchestra,orchestra,C,103,Orchestra Premium,5058,351.0,999.46,919.65,1,0,297c1ff2-0678-44cf-b7e3-82b6a2e93ff9,173408,6583820d-ee26-4390-9155-2e13789aae2c
orchestra,orchestra,C,105,Orchestra Premium,5058,351.0,1027.77,921.04,1,0,297c1ff2-0678-44cf-b7e3-82b6a2e93ff9,173409,3e19a707-13b4-4ab3-8d74-69bd70292690
orchestra,orchestra,C,107,Orchestra Premium,5058,351.0,1056.05,922.21,1,0,297c1ff2-0678-44cf-b7e3-82b6a2e93ff9,173410,a1409493-326e-4bba-93b9-d25cef0077b8
orchestra,orchestra,C,109,Orchestra Premium,5058,351.0,1084.32,923.94,1,0,297c1ff2-0678-44cf-b7e3-82b6a2e93ff9,173411,1772d9f5-5ead-4a46-b45f-a19e2d3fdcbf
orchestra,orchestra,C,111,Orchestra Premium,5058,351.0,1112.55,925.89,1,0,297c1ff2-0678-44cf-b7e3-82b6a2e93ff9,173412,efcdd64e-a06a-4db6-bf24-03578dba15ec
orchestra,orchestra,C,113,Orchestra Premium,5058,351.0,1140.76,928.14,1,0,297c1ff2-0678-44cf-b7e3-82b6a2e93ff9,173413,9071e465-3f17-43e1-964b-832874059e7f
orchestra,orchestra,C,115,Orchestra Premium,5058,351.0,1168.94,931.17,1,0,297c1ff2-0678-44cf-b7e3-82b6a2e93ff9,173414,9b0fd51e-3d43-49d2-8839-0339e7fcd95d
orchestra,orchestra,C,117,Orchestra Premium,5058,351.0,1197.1,934.46,1,0,297c1ff2-0678-44cf-b7e3-82b6a2e93ff9,173415,2968a170-490c-44a5-929b-e6be2b58ad7b
orchestra,orchestra,C,119,Orchestra Premium,5058,351.0,1225.23,938.02,1,0,297c1ff2-0678-44cf-b7e3-82b6a2e93ff9,173416,03930a15-cf18-4fde-bb84-e78b869ae460
orchestra,orchestra,C,121,Orchestra Premium,5058,351.0,1253.32,941.86,1,0,297c1ff2-0678-44cf-b7e3-82b6a2e93ff9,173417,9e8f4fc1-77dd-480f-a0c9-edf69886583b
orchestra,orchestra,C,123,Orchestra Premium,5058,351.0,1281.39,946.97,17,0,297c1ff2-0678-44cf-b7e3-82b6a2e93ff9,173418,564888fa-6d99-4cfc-8df2-129f1010fd55
orchestra,orchestra,D,101,Orchestra Premium,5058,351.0,999.44,882.75,1,0,297c1ff2-0678-44cf-b7e3-82b6a2e93ff9,173328,4a627798-2363-4059-ae29-b2dd63f427c1
orchestra,orchestra,D,103,Orchestra Premium,5058,351.0,1027.75,884.12,1,0,297c1ff2-0678-44cf-b7e3-82b6a2e93ff9,173329,ae266a81-c897-4292-a015-6972ee04fffe
orchestra,orchestra,D,105,Orchestra Premium,5058,351.0,1056.03,885.26,1,0,297c1ff2-0678-44cf-b7e3-82b6a2e93ff9,173330,125ce5f6-d38a-4472-a655-441ab886a167
orchestra,orchestra,D,107,Orchestra Premium,5058,351.0,1084.31,886.95,1,0,297c1ff2-0678-44cf-b7e3-82b6a2e93ff9,173331,faabbe46-22e9-402e-a1bc-34be98a63a83
orchestra,orchestra,D,109,Orchestra Premium,5058,351.0,1112.54,889.87,1,0,297c1ff2-0678-44cf-b7e3-82b6a2e93ff9,173332,12985fe3-6327-4584-b832-9b57dd02df74
orchestra,orchestra,D,111,Orchestra Premium,5058,351.0,1140.76,892.09,1,0,297c1ff2-0678-44cf-b7e3-82b6a2e93ff9,173333,9263cd47-542b-413b-af73-05fc9becdaa2
orchestra,orchestra,D,113,Orchestra Premium,5058,351.0,1168.95,895.09,1,0,297c1ff2-0678-44cf-b7e3-82b6a2e93ff9,173334,9925f70b-44b5-4b4d-b6a0-d0b09ac3e713
orchestra,orchestra,D,115,Orchestra Premium,5058,351.0,1197.1,898.36,1,0,297c1ff2-0678-44cf-b7e3-82b6a2e93ff9,173335,eaadd944-c09d-48f4-ab0f-b32ff8f82a14
orchestra,orchestra,D,117,Orchestra Premium,5058,351.0,1225.23,901.89,1,0,297c1ff2-0678-44cf-b7e3-82b6a2e93ff9,173336,1c5cda6d-784a-48c9-bcc0-7844a450844c
orchestra,orchestra,D,119,Orchestra Premium,5058,351.0,1253.33,905.69,1,0,297c1ff2-0678-44cf-b7e3-82b6a2e93ff9,173337,47ef359d-7527-43de-9e79-5b506286108c
orchestra,orchestra,D,121,Orchestra Premium,5058,351.0,1281.4,910.77,1,0,297c1ff2-0678-44cf-b7e3-82b6a2e93ff9,173338,bc81c4ca-03c5-4164-b140-3dab9945c3c3
orchestra,orchestra,E,101,Orchestra Premium,5058,351.0,971.1,846.06,1,0,297c1ff2-0678-44cf-b7e3-82b6a2e93ff9,173247,3d85372d-7dfe-4124-b8ff-0bf2d58f6488
orchestra,orchestra,E,103,Orchestra Premium,5058,351.0,999.42,845.95,1,0,297c1ff2-0678-44cf-b7e3-82b6a2e93ff9,173248,57189b99-8b17-4ffe-a8e5-2a71910bd6e5
orchestra,orchestra,E,105,Orchestra Premium,5058,351.0,1027.73,847.26,1,0,297c1ff2-0678-44cf-b7e3-82b6a2e93ff9,173249,655d33df-8889-4b47-a29d-41b266463c42
orchestra,orchestra,E,107,Orchestra Premium,5058,351.0,1056.02,848.35,1,0,297c1ff2-0678-44cf-b7e3-82b6a2e93ff9,173250,cb7d4f07-a88f-4ccb-941c-1070a9991c21
orchestra,orchestra,E,109,Orchestra Premium,5058,351.0,1084.29,849.99,1,0,297c1ff2-0678-44cf-b7e3-82b6a2e93ff9,173251,50694d03-c5a1-4033-9567-4cd489dc8813
orchestra,orchestra,E,111,Orchestra Premium,5058,351.0,1112.53,851.86,1,0,297c1ff2-0678-44cf-b7e3-82b6a2e93ff9,173252,545c46d8-8477-4129-b951-3af5f42ec928
orchestra,orchestra,E,113,Orchestra Premium,5058,351.0,1140.74,855.03,1,0,297c1ff2-0678-44cf-b7e3-82b6a2e93ff9,173253,4fe2745c-94c0-44a1-89a9-80bdc09e8d48
orchestra,orchestra,E,115,Orchestra Premium,5058,351.0,1168.94,857.98,1,0,297c1ff2-0678-44cf-b7e3-82b6a2e93ff9,173254,0680699c-80d6-41a2-af39-8957e7a3b4dd
orchestra,orchestra,E,117,Orchestra Premium,5058,351.0,1197.1,861.19,1,0,297c1ff2-0678-44cf-b7e3-82b6a2e93ff9,173255,f2a8d8fc-11df-4df6-8129-2e674936b0f2
orchestra,orchestra,E,119,Orchestra Premium,5058,351.0,1225.24,864.67,1,0,297c1ff2-0678-44cf-b7e3-82b6a2e93ff9,173256,c3d21f1f-e909-40b3-963d-a7514919f2c6
orchestra,orchestra,E,121,Orchestra Premium,5058,351.0,1253.34,868.42,1,0,297c1ff2-0678-44cf-b7e3-82b6a2e93ff9,173257,4cda5f72-c567-491e-a68b-7f89f620dbea
orchestra,orchestra,E,123,Orchestra Premium,5058,351.0,1281.42,873.46,1,0,297c1ff2-0678-44cf-b7e3-82b6a2e93ff9,173258,4aaf59ec-f5b8-472a-8caa-37f7e2d8146a
orchestra,orchestra,F,101,Orchestra Premium,5058,351.0,999.5,808.21,1,0,297c1ff2-0678-44cf-b7e3-82b6a2e93ff9,173168,b8df567c-ff55-487a-ba54-6e70f6f447d2
orchestra,orchestra,F,103,Orchestra Premium,5058,351.0,1027.8,809.68,1,0,297c1ff2-0678-44cf-b7e3-82b6a2e93ff9,173169,2bbaad57-3c47-4fa8-8fa0-ac609c1bc30f
orchestra,orchestra,F,105,Orchestra Premium,5058,351.0,1056.08,810.93,1,0,297c1ff2-0678-44cf-b7e3-82b6a2e93ff9,173170,3ced8c1e-bf27-4275-ba2e-1683bc5185a9
orchestra,orchestra,F,107,Orchestra Premium,5058,351.0,1084.34,812.73,1,0,297c1ff2-0678-44cf-b7e3-82b6a2e93ff9,173171,0cbe56da-5ef3-46cd-8564-92e03d7bb40d
orchestra,orchestra,F,109,Orchestra Premium,5058,351.0,1112.57,814.75,1,0,297c1ff2-0678-44cf-b7e3-82b6a2e93ff9,173172,a4d0fb77-11d9-45b1-ada7-4783071b8bc1
orchestra,orchestra,F,111,Orchestra Premium,5058,351.0,1140.78,817.07,1,0,297c1ff2-0678-44cf-b7e3-82b6a2e93ff9,173173,a42487a9-e838-4c3a-9b23-dff138b143ba
orchestra,orchestra,F,113,Orchestra Premium,5058,351.0,1168.95,820.17,1,0,297c1ff2-0678-44cf-b7e3-82b6a2e93ff9,173174,44821bfc-7ec3-4ae8-af90-74b41faa8f0c
orchestra,orchestra,F,115,Orchestra Premium,5058,351.0,1197.1,823.55,1,0,297c1ff2-0678-44cf-b7e3-82b6a2e93ff9,173175,ecbf6a09-fefc-4ac3-866e-c4f70be8aec6
orchestra,orchestra,F,117,Orchestra Premium,5058,351.0,1225.22,827.18,1,0,297c1ff2-0678-44cf-b7e3-82b6a2e93ff9,173176,52ac1afc-2d13-47c9-94c6-2d223e68257e
orchestra,orchestra,F,119,Orchestra Premium,5058,351.0,1253.3,831.09,1,0,297c1ff2-0678-44cf-b7e3-82b6a2e93ff9,173177,b4a7615f-52e8-4e29-8f52-2ac53a791528
orchestra,orchestra,F,121,Orchestra Premium,5058,351.0,1281.35,836.27,1,0,297c1ff2-0678-44cf-b7e3-82b6a2e93ff9,173178,6707763b-bbfa-48f7-ab42-85fe2830c5b6
orchestra,orchestra,G,101,Orchestra Premium,5058,351.0,971.14,771.48,1,0,297c1ff2-0678-44cf-b7e3-82b6a2e93ff9,173087,ab368657-673f-4768-809c-6bd4813cedce
orchestra,orchestra,G,103,Orchestra Premium,5058,351.0,999.46,771.47,1,0,297c1ff2-0678-44cf-b7e3-82b6a2e93ff9,173088,b369e884-a46d-4ae6-bd21-1a9b505b5804
orchestra,orchestra,G,105,Orchestra Premium,5058,351.0,1027.77,772.87,1,0,297c1ff2-0678-44cf-b7e3-82b6a2e93ff9,173089,f2982a1d-1d29-4290-b60a-148593e1c3d8
orchestra,orchestra,G,107,Orchestra Premium,5058,351.0,1056.05,774.05,1,0,297c1ff2-0678-44cf-b7e3-82b6a2e93ff9,173090,9e0430e7-fbd7-4eb1-9246-246c1f7e0c9e
orchestra,orchestra,G,109,Orchestra Premium,5058,351.0,1084.32,775.79,1,0,297c1ff2-0678-44cf-b7e3-82b6a2e93ff9,173091,c4e92886-5055-4bbf-8780-eba291bb9a18
orchestra,orchestra,G,111,Orchestra Premium,5058,351.0,1112.55,777.75,1,0,297c1ff2-0678-44cf-b7e3-82b6a2e93ff9,173092,80c9fa6a-2d56-4e95-85fb-8391e8c57ed9
orchestra,orchestra,G,113,Orchestra Premium,5058,351.0,1140.76,780.01,1,0,297c1ff2-0678-44cf-b7e3-82b6a2e93ff9,173093,cbfee0cb-7f9c-48bb-93ed-8066c1f97560
orchestra,orchestra,G,115,Orchestra Premium,5058,351.0,1168.95,783.04,1,0,297c1ff2-0678-44cf-b7e3-82b6a2e93ff9,173094,7285ebb9-5a39-46f7-9d47-83bfcc597119
orchestra,orchestra,G,117,Orchestra Premium,5058,351.0,1197.1,786.35,1,0,297c1ff2-0678-44cf-b7e3-82b6a2e93ff9,173095,438f404d-664b-4ffc-9428-f2a0f30825d2
orchestra,orchestra,G,119,Orchestra Premium,5058,351.0,1225.23,789.92,1,0,297c1ff2-0678-44cf-b7e3-82b6a2e93ff9,173096,0509da66-9610-4f8f-b02a-0b9011f594f6
orchestra,orchestra,G,121,Orchestra Premium,5058,351.0,1253.32,793.77,1,0,297c1ff2-0678-44cf-b7e3-82b6a2e93ff9,173097,68dc28b9-91cd-4f04-a074-1624dfdeea78
orchestra,orchestra,G,123,Orchestra Premium,5058,351.0,1281.38,798.9,1,0,297c1ff2-0678-44cf-b7e3-82b6a2e93ff9,173098,03d2737b-2937-45a0-9f5a-4fb951d3c3d5
orchestra,orchestra,H,101,Orchestra Premium,5058,351.0,999.46,734.47,1,0,297c1ff2-0678-44cf-b7e3-82b6a2e93ff9,173008,1a1d9005-a6ea-4185-8502-4a1b28e554aa
orchestra,orchestra,H,103,Orchestra Premium,5058,351.0,1027.77,735.87,1,0,297c1ff2-0678-44cf-b7e3-82b6a2e93ff9,173009,744162af-be06-49ff-8ef0-ea6a26793191
orchestra,orchestra,H,105,Orchestra Premium,5058,351.0,1056.05,737.04,1,0,297c1ff2-0678-44cf-b7e3-82b6a2e93ff9,173010,5b7e2412-23b5-461d-932e-3798a63f5ed5
orchestra,orchestra,H,107,Orchestra Premium,5058,351.0,1084.32,738.77,1,0,297c1ff2-0678-44cf-b7e3-82b6a2e93ff9,173011,13530a7a-8987-4604-a394-73cd90d1432d
orchestra,orchestra,H,109,Orchestra Premium,5058,351.0,1112.55,740.72,1,0,297c1ff2-0678-44cf-b7e3-82b6a2e93ff9,173012,4cc49f5f-8d09-46d4-a1a2-4420f0008b92
orchestra,orchestra,H,111,Orchestra Premium,5058,351.0,1140.76,742.97,1,0,297c1ff2-0678-44cf-b7e3-82b6a2e93ff9,173013,f71c205a-1c04-4006-8bf4-0e8d35f8d1ea
orchestra,orchestra,H,113,Orchestra Premium,5058,351.0,1168.94,746.0,1,0,297c1ff2-0678-44cf-b7e3-82b6a2e93ff9,173014,ead0bfd5-a3ff-48b0-82ce-4f533f1bac67
orchestra,orchestra,H,115,Orchestra Premium,5058,351.0,1197.1,749.29,1,0,297c1ff2-0678-44cf-b7e3-82b6a2e93ff9,173015,0e42462d-712d-41f7-8f05-895c91e46d8b
orchestra,orchestra,H,117,Orchestra Premium,5058,351.0,1225.23,752.86,1,0,297c1ff2-0678-44cf-b7e3-82b6a2e93ff9,173016,3487074f-622d-48ad-b9cb-daeda7b21894
orchestra,orchestra,H,119,Orchestra Premium,5058,351.0,1253.32,756.69,1,0,297c1ff2-0678-44cf-b7e3-82b6a2e93ff9,173017,35e4072a-9724-4fec-a59c-d689b9f21952
orchestra,orchestra,H,121,Orchestra Premium,5058,351.0,1281.38,761.81,1,0,297c1ff2-0678-44cf-b7e3-82b6a2e93ff9,173018,6a69dbc9-4ece-47e4-b288-c96029394d67
orchestra,orchestra,J,101,Orchestra Premium,5058,351.0,971.12,697.63,1,0,297c1ff2-0678-44cf-b7e3-82b6a2e93ff9,172927,13ea2a18-cf49-4cd4-ba25-c643e579c497
orchestra,orchestra,J,103,Orchestra Premium,5058,351.0,999.44,697.57,1,0,297c1ff2-0678-44cf-b7e3-82b6a2e93ff9,172928,dc62240f-95fc-4d73-aba9-806c5ac80891
orchestra,orchestra,J,105,Orchestra Premium,5058,351.0,1027.75,698.94,1,0,297c1ff2-0678-44cf-b7e3-82b6a2e93ff9,172929,a2b9329e-2710-4aa0-babd-fd02c0cfaf1f
orchestra,orchestra,J,107,Orchestra Premium,5058,351.0,1056.03,700.08,1,0,297c1ff2-0678-44cf-b7e3-82b6a2e93ff9,172930,e7e6fdcf-84d1-40a1-8522-cbc86c6f6a75
orchestra,orchestra,J,109,Orchestra Premium,5058,351.0,1084.31,701.78,1,0,297c1ff2-0678-44cf-b7e3-82b6a2e93ff9,172931,22aa64b9-1183-4e86-92fd-899ab4835edd
orchestra,orchestra,J,111,Orchestra Premium,5058,351.0,1112.54,703.7,1,0,297c1ff2-0678-44cf-b7e3-82b6a2e93ff9,172932,a0f79005-bb0c-4ba2-9490-187cda609c1e
orchestra,orchestra,J,113,Orchestra Premium,5058,351.0,1140.76,705.92,1,0,297c1ff2-0678-44cf-b7e3-82b6a2e93ff9,172933,9520d13a-ed26-48e2-9f5b-d85630a2a499
orchestra,orchestra,J,115,Orchestra Premium,5058,351.0,1168.95,708.92,1,0,297c1ff2-0678-44cf-b7e3-82b6a2e93ff9,172934,a207a197-ba4e-4f82-82c3-63b371ecec65
orchestra,orchestra,J,117,Orchestra Premium,5058,351.0,1197.1,712.19,1,0,297c1ff2-0678-44cf-b7e3-82b6a2e93ff9,172935,09c582e6-8ba4-4413-bb0a-a382a0453360
orchestra,orchestra,J,119,Orchestra Premium,5058,351.0,1225.23,715.72,1,0,297c1ff2-0678-44cf-b7e3-82b6a2e93ff9,172936,53696b48-478b-42c9-8074-e85bf17373c2
orchestra,orchestra,J,121,Orchestra Premium,5058,351.0,1253.33,719.52,1,0,297c1ff2-0678-44cf-b7e3-82b6a2e93ff9,172937,04d97177-056d-4953-9ef1-3fb46f532efe
orchestra,orchestra,J,123,Orchestra Premium,5058,351.0,1281.4,724.61,1,0,297c1ff2-0678-44cf-b7e3-82b6a2e93ff9,172938,5c50cd95-f1fe-4187-aef1-3b16d11f1bb9
orchestra,orchestra,K,101,Orchestra Premium,5058,351.0,999.39,661.03,1,0,1369f560-4e89-4009-8020-471cb933e3f7,172848,78a97a25-d2e0-4377-827a-623f5993d202
orchestra,orchestra,K,103,Orchestra Premium,5058,351.0,1027.7,662.29,1,0,1369f560-4e89-4009-8020-471cb933e3f7,172849,f4435b5f-a876-4fb3-bd92-e5f34211014a
orchestra,orchestra,K,105,Orchestra Premium2,5059,351.0,1055.99,663.32,1,0,1369f560-4e89-4009-8020-471cb933e3f7,172850,e25b9024-645f-49be-8dbc-eeae7bf96efb
orchestra,orchestra,K,107,Orchestra Premium2,5059,351.0,1084.26,664.9,1,0,1369f560-4e89-4009-8020-471cb933e3f7,172851,482215dc-6627-4b7b-a439-e21cf1a0ff4a
orchestra,orchestra,K,109,Orchestra Premium2,5059,351.0,1112.51,666.72,1,0,1369f560-4e89-4009-8020-471cb933e3f7,172852,a615641e-804f-4807-8b9e-646b55158d98
orchestra,orchestra,K,111,Orchestra Premium2,5059,351.0,1140.74,668.83,1,0,1369f560-4e89-4009-8020-471cb933e3f7,172853,e245553b-cbfe-417f-b265-d1caf461f0e4
orchestra,orchestra,K,113,Orchestra Premium2,5059,351.0,1168.93,671.72,1,0,1369f560-4e89-4009-8020-471cb933e3f7,172854,53539d7f-c218-4603-8c95-8a600285612b
orchestra,orchestra,K,115,Orchestra Premium2,5059,351.0,1197.11,674.88,1,0,1369f560-4e89-4009-8020-471cb933e3f7,172855,c5fc6c71-88cb-424b-a099-ef31a9b14e5a
orchestra,orchestra,K,117,Orchestra Premium2,5059,351.0,1225.25,678.3,1,0,1369f560-4e89-4009-8020-471cb933e3f7,172856,53074f75-5528-4ac2-b62a-5fa253cdb32e
orchestra,orchestra,K,119,Orchestra Premium2,5059,351.0,1253.36,681.99,1,0,1369f560-4e89-4009-8020-471cb933e3f7,172857,95c96b96-1df3-4f2d-a473-e39fcb4d6b64
orchestra,orchestra,K,121,Orchestra Premium2,5059,351.0,1281.44,686.97,1,0,1369f560-4e89-4009-8020-471cb933e3f7,172858,1a2b130e-6027-41d5-b120-f3d5dc4b8612
orchestra,orchestra,L,101,Orchestra Premium,5058,351.0,971.1,623.8,1,0,1369f560-4e89-4009-8020-471cb933e3f7,172767,d30cd74c-e242-4159-b47f-571e5aaa67ed
orchestra,orchestra,L,103,Orchestra Premium,5058,351.0,999.42,623.7,1,0,1369f560-4e89-4009-8020-471cb933e3f7,172768,682e40b2-15bb-4fbb-9c10-09a6a4826067
orchestra,orchestra,L,105,Orchestra Premium2,5059,351.0,1027.73,625.02,1,0,1369f560-4e89-4009-8020-471cb933e3f7,172769,3f0a0b80-d099-41eb-ba21-b5ebf3d65989
orchestra,orchestra,L,107,Orchestra Premium2,5059,351.0,1056.02,626.12,1,0,1369f560-4e89-4009-8020-471cb933e3f7,172770,a136b218-3ff8-491c-8eec-2c6442c7b314
orchestra,orchestra,L,109,Orchestra Premium2,5059,351.0,1084.29,627.77,1,0,1369f560-4e89-4009-8020-471cb933e3f7,172771,2f84a18b-e1d4-4eb8-8e08-cc6dc7a46646
orchestra,orchestra,L,111,Orchestra Premium2,5059,351.0,1112.53,629.65,1,0,1369f560-4e89-4009-8020-471cb933e3f7,172772,edae2dd2-07df-4d0d-a1ed-c813c3c5253e
orchestra,orchestra,L,113,Orchestra Premium2,5059,351.0,1140.75,631.83,1,0,1369f560-4e89-4009-8020-471cb933e3f7,172773,97102b14-6617-4201-a935-f16924e9c492
orchestra,orchestra,L,115,Orchestra Premium2,5059,351.0,1168.94,634.79,1,0,1369f560-4e89-4009-8020-471cb933e3f7,172774,af6163f3-2622-474c-933d-64d9c227eb6e
orchestra,orchestra,L,117,Orchestra Premium2,5059,351.0,1197.1,638.01,1,0,1369f560-4e89-4009-8020-471cb933e3f7,172775,9c610f6f-e45a-40a6-a756-1363183ce281
orchestra,orchestra,L,119,Orchestra Premium2,5059,351.0,1225.24,641.5,1,0,1369f560-4e89-4009-8020-471cb933e3f7,172776,5e4a5d6e-e3b3-497e-a3d4-8ff3ecf6e5d0
orchestra,orchestra,L,121,Orchestra Premium2,5059,351.0,1253.34,645.26,1,0,1369f560-4e89-4009-8020-471cb933e3f7,172777,6eb752fc-4474-4fca-992f-8af276d82c7b
orchestra,orchestra,L,123,Orchestra Premium2,5059,351.0,1281.42,649.31,17,0,1369f560-4e89-4009-8020-471cb933e3f7,172778,af5fe41c-287e-48e0-ae62-43b2730ed9fb
orchestra,orchestra,M,101,Orchestra Premium,5058,351.0,999.38,587.04,1,0,1369f560-4e89-4009-8020-471cb933e3f7,172688,9d4f1e10-c839-4099-9792-cdddce77aae0
orchestra,orchestra,M,103,Orchestra Premium,5058,351.0,1027.7,588.28,1,0,1369f560-4e89-4009-8020-471cb933e3f7,172689,e64e923d-302b-4ebf-9d19-c57069933599
orchestra,orchestra,M,105,Orchestra Premium2,5059,351.0,1055.99,589.3,1,0,1369f560-4e89-4009-8020-471cb933e3f7,172690,78ba06c9-ecb9-49e5-ab9a-c89dc687eaa9
orchestra,orchestra,M,107,Orchestra Premium2,5059,351.0,1084.26,590.87,1,0,1369f560-4e89-4009-8020-471cb933e3f7,172691,c1a58618-9f21-4a18-8646-c1f292af2ffc
orchestra,orchestra,M,109,Orchestra Premium2,5059,351.0,1112.5,592.66,1,0,1369f560-4e89-4009-8020-471cb933e3f7,172692,392f2775-5f4e-4886-9e73-7a770aba6e04
orchestra,orchestra,M,111,Orchestra Premium2,5059,351.0,1140.73,594.75,1,0,1369f560-4e89-4009-8020-471cb933e3f7,172693,32d95d13-8238-49fb-a646-e8094908deaf
orchestra,orchestra,M,113,Orchestra Premium2,5059,351.0,1168.93,597.62,1,0,1369f560-4e89-4009-8020-471cb933e3f7,172694,1b5d8635-d8d8-4c8f-a9c1-517465070097
orchestra,orchestra,M,115,Orchestra Premium2,5059,351.0,1197.11,600.76,1,0,1369f560-4e89-4009-8020-471cb933e3f7,172695,eae42026-30d8-4f79-ad8f-e355f8c2bdcf
orchestra,orchestra,M,117,Orchestra Premium2,5059,351.0,1225.26,604.17,1,0,1369f560-4e89-4009-8020-471cb933e3f7,172696,aae5b16c-313e-4f58-8722-fb60b973ed14
orchestra,orchestra,M,119,Orchestra Premium2,5059,351.0,1253.36,607.85,1,0,1369f560-4e89-4009-8020-471cb933e3f7,172697,75f72d01-acaf-4d01-ab04-74e34e5920ee
orchestra,orchestra,M,121,Orchestra Premium2,5059,351.0,1281.45,612.81,1,0,1369f560-4e89-4009-8020-471cb933e3f7,172698,7e0f314f-005e-4075-9299-45ec0aa442eb
orchestra,orchestra,N,101,Orchestra Premium,5058,351.0,971.05,550.25,1,0,1369f560-4e89-4009-8020-471cb933e3f7,172607,9704f891-5e33-41fe-ad1b-482a5a5ae005
orchestra,orchestra,N,103,Orchestra Premium,5058,351.0,999.38,550.05,1,0,1369f560-4e89-4009-8020-471cb933e3f7,172608,36f3eda0-41fa-4a00-a0c0-03fe9086061d
orchestra,orchestra,N,105,Orchestra Premium2,5059,351.0,1027.69,551.28,1,0,1369f560-4e89-4009-8020-471cb933e3f7,172609,ae56f966-5533-4e68-b205-84f3b4b67872
orchestra,orchestra,N,107,Orchestra Premium2,5059,351.0,1055.98,552.28,1,0,1369f560-4e89-4009-8020-471cb933e3f7,172610,8b070ca9-a4ff-4eee-b30a-a21b3632f31e
orchestra,orchestra,N,109,Orchestra Premium2,5059,351.0,1084.25,553.84,1,0,1369f560-4e89-4009-8020-471cb933e3f7,172611,c93df8bd-c0b4-4f4c-bb15-39187810938b
orchestra,orchestra,N,111,Orchestra Premium2,5059,351.0,1112.5,555.63,1,0,1369f560-4e89-4009-8020-471cb933e3f7,172612,7f660366-f736-46da-9518-83cac61119b1
orchestra,orchestra,N,113,Orchestra Premium2,5059,351.0,1140.72,557.71,1,0,1369f560-4e89-4009-8020-471cb933e3f7,172613,f8b30373-43a7-486c-a840-574ba0d81226
orchestra,orchestra,N,115,Orchestra Premium2,5059,351.0,1168.93,560.58,1,0,1369f560-4e89-4009-8020-471cb933e3f7,172614,064ce863-b23e-422b-beee-b61ac8ef76cc
orchestra,orchestra,N,117,Orchestra Premium2,5059,351.0,1197.1,563.71,1,0,1369f560-4e89-4009-8020-471cb933e3f7,172615,c7240aad-f664-466b-b1fe-4ce266c71726
orchestra,orchestra,N,119,Orchestra Premium2,5059,351.0,1225.25,567.1,1,0,1369f560-4e89-4009-8020-471cb933e3f7,172616,fbf08291-0523-4549-8044-68b67d79fb83
orchestra,orchestra,N,121,Orchestra Premium2,5059,351.0,1253.37,570.77,1,0,1369f560-4e89-4009-8020-471cb933e3f7,172617,f2175deb-f15d-441c-8f95-4ecc80bd9420
orchestra,orchestra,N,123,Orchestra Premium2,5059,351.0,1281.46,575.72,1,0,1369f560-4e89-4009-8020-471cb933e3f7,172618,102109e2-f9f5-4f7f-a9b3-6ad3a3dddc90
orchestra,orchestra,O,101,Orchestra Premium,5058,351.0,999.41,512.71,1,0,1369f560-4e89-4009-8020-471cb933e3f7,172528,aad39397-baef-4be8-a723-48ad987bfa06
orchestra,orchestra,O,103,Orchestra Premium,5058,351.0,1027.72,514.0,1,0,1369f560-4e89-4009-8020-471cb933e3f7,172529,cafb8346-d6fe-44fc-a1f8-a0334df53a39
orchestra,orchestra,O,105,Orchestra Premium2,5059,351.0,1056.01,515.08,1,0,1369f560-4e89-4009-8020-471cb933e3f7,172530,e2d6bec6-64bb-41ef-8641-f3c04e8200a6
orchestra,orchestra,O,107,Orchestra Premium2,5059,351.0,1084.28,516.71,1,0,1369f560-4e89-4009-8020-471cb933e3f7,172531,85cc67be-c01a-4451-a48d-f4c30b46c140
orchestra,orchestra,O,109,Orchestra Premium2,5059,351.0,1112.52,518.57,1,0,1369f560-4e89-4009-8020-471cb933e3f7,172532,2d9de2b8-4da0-4f80-b0c3-47a3e2bbb739
orchestra,orchestra,O,111,Orchestra Premium2,5059,351.0,1140.74,520.72,1,0,1369f560-4e89-4009-8020-471cb933e3f7,172533,ff225cba-f6e4-4162-82d9-be4fa4553b65
orchestra,orchestra,O,113,Orchestra Premium2,5059,351.0,1168.94,523.64,1,0,1369f560-4e89-4009-8020-471cb933e3f7,172534,cd1e724a-4fcf-45dc-9e10-e1124533b482
orchestra,orchestra,O,115,Orchestra Premium2,5059,351.0,1197.11,526.84,1,0,1369f560-4e89-4009-8020-471cb933e3f7,172535,cbe3a267-d1ac-4af7-b3f5-766f4ef0f79f
orchestra,orchestra,O,117,Orchestra Premium2,5059,351.0,1225.24,530.31,1,0,1369f560-4e89-4009-8020-471cb933e3f7,172536,15c207ff-58bb-4295-9275-b2a0a04ed3a4
orchestra,orchestra,O,119,Orchestra Premium2,5059,351.0,1253.35,534.04,1,0,1369f560-4e89-4009-8020-471cb933e3f7,172537,fd1c1749-beef-4f48-9ab4-fe782878558e
orchestra,orchestra,O,121,Orchestra Premium2,5059,351.0,1281.43,539.06,1,0,1369f560-4e89-4009-8020-471cb933e3f7,172538,d8c1cd22-fc5b-4c41-8676-592433618d44
orchestra,orchestra,P,101,Orchestra Premium,5058,351.0,971.07,476.07,1,0,1369f560-4e89-4009-8020-471cb933e3f7,172447,564c93a9-ed71-477e-adf1-9d017476d1a7
orchestra,orchestra,P,103,Orchestra Premium,5058,351.0,999.39,475.9,1,0,1369f560-4e89-4009-8020-471cb933e3f7,172448,3adde2d8-dad2-459a-bb44-bd073531e00e
orchestra,orchestra,P,105,Orchestra Premium2,5059,351.0,1027.7,477.14,1,0,1369f560-4e89-4009-8020-471cb933e3f7,172449,fc19f9df-7720-4ad4-9f8c-85b25471943d
orchestra,orchestra,P,107,Orchestra Premium2,5059,351.0,1055.99,478.17,1,0,1369f560-4e89-4009-8020-471cb933e3f7,172450,b09c5937-d90a-4a43-8129-a504d838b98b
orchestra,orchestra,P,109,Orchestra Premium2,5059,351.0,1084.26,479.75,1,0,1369f560-4e89-4009-8020-471cb933e3f7,172451,7f25fe2e-241c-4b66-b3b9-209076f2e426
orchestra,orchestra,P,111,Orchestra Premium2,5059,351.0,1112.51,481.55,1,0,1369f560-4e89-4009-8020-471cb933e3f7,172452,521e2b27-caea-4a36-ac1c-78551e9b7ce5
orchestra,orchestra,P,113,Orchestra Premium2,5059,351.0,1140.73,483.65,1,0,1369f560-4e89-4009-8020-471cb933e3f7,172453,275ab0fc-3354-4806-ad37-c6d9544a7b44
orchestra,orchestra,P,115,Orchestra Premium2,5059,351.0,1168.93,486.54,1,0,1369f560-4e89-4009-8020-471cb933e3f7,172454,cd07825b-b409-4128-90b5-a3017ce94573
orchestra,orchestra,P,117,Orchestra Premium2,5059,351.0,1197.11,489.68,1,0,1369f560-4e89-4009-8020-471cb933e3f7,172455,f31a1db5-d93b-47fd-8395-81ccb17ad5b4
orchestra,orchestra,P,119,Orchestra Premium2,5059,351.0,1225.25,493.1,1,0,1369f560-4e89-4009-8020-471cb933e3f7,172456,3d1100b0-72a3-46d9-beff-b6902545a6a6
orchestra,orchestra,P,121,Orchestra Premium2,5059,351.0,1253.36,496.79,1,0,1369f560-4e89-4009-8020-471cb933e3f7,172457,8f0de418-9157-4f02-9262-c3b6ef451d4c
orchestra,orchestra,P,123,Orchestra Premium2,5059,351.0,1281.45,501.76,1,0,1369f560-4e89-4009-8020-471cb933e3f7,172458,ec674ad5-13bc-4c30-9ae8-ab357f7f1f15
orchestra,orchestra,R,101,Orchestra Premium,5058,351.0,999.42,438.6,1,0,1369f560-4e89-4009-8020-471cb933e3f7,172368,35473a8c-1531-415f-b7b1-6dd754c0bf72
orchestra,orchestra,R,103,Orchestra Premium,5058,351.0,1027.73,439.9,1,0,1369f560-4e89-4009-8020-471cb933e3f7,172369,9f44939d-c479-4ab4-abc5-a9edb6371ecc
orchestra,orchestra,R,105,Orchestra 3,5060,202.0,1056.01,440.99,1,0,1369f560-4e89-4009-8020-471cb933e3f7,172370,424d886d-7804-4030-a108-11df7dd4a8de
orchestra,orchestra,R,107,Orchestra 3,5060,202.0,1084.28,442.62,1,0,1369f560-4e89-4009-8020-471cb933e3f7,172371,8cdd0f9c-6faf-4483-9167-b27dd91a2366
orchestra,orchestra,R,109,Orchestra 3,5060,202.0,1112.52,444.49,1,0,1369f560-4e89-4009-8020-471cb933e3f7,172372,2b652d51-9101-4d82-a575-2a5e345b1f15
orchestra,orchestra,R,111,Orchestra 3,5060,202.0,1140.74,446.65,1,0,1369f560-4e89-4009-8020-471cb933e3f7,172373,0c593b0c-c0e8-4991-8adf-5b69f8fef972
orchestra,orchestra,R,113,Orchestra 3,5060,202.0,1168.94,449.59,1,0,1369f560-4e89-4009-8020-471cb933e3f7,172374,8cffff63-44fc-4c00-849e-70b96a75236c
orchestra,orchestra,R,115,Orchestra 3,5060,202.0,1197.11,452.8,1,0,1369f560-4e89-4009-8020-471cb933e3f7,172375,a47cb83c-7a5b-41e8-86e7-3777080b11e3
orchestra,orchestra,R,117,Orchestra 3,5060,202.0,1225.24,456.27,1,0,1369f560-4e89-4009-8020-471cb933e3f7,172376,c1326190-ad57-4c13-a396-c738f9c87ea1
orchestra,orchestra,R,119,Orchestra Premium2,5059,351.0,1253.35,460.02,1,0,1369f560-4e89-4009-8020-471cb933e3f7,172377,c4e7273e-2b80-4638-b8c2-bcaed13c5b2f
orchestra,orchestra,R,121,Orchestra Premium2,5059,351.0,1281.43,465.05,1,0,1369f560-4e89-4009-8020-471cb933e3f7,172378,4fbca60e-5fe7-481b-bca3-ebab41f1a83a
orchestra,orchestra,S,101,Orchestra Premium,5058,351.0,971.11,401.51,1,0,1369f560-4e89-4009-8020-471cb933e3f7,172287,4f58768a-55e4-4f13-a4e0-002cb6301cc2
orchestra,orchestra,S,103,Orchestra Premium,5058,351.0,999.43,401.43,1,0,1369f560-4e89-4009-8020-471cb933e3f7,172288,f249b88c-3c0c-4e3b-928f-86ea07fc8afc
orchestra,orchestra,S,105,Orchestra 3,5060,202.0,1027.74,402.76,1,0,1369f560-4e89-4009-8020-471cb933e3f7,172289,203cf18c-570a-4961-8d73-d74e712a8828
orchestra,orchestra,S,107,Orchestra 3,5060,202.0,1056.02,403.88,1,0,1369f560-4e89-4009-8020-471cb933e3f7,172290,bd65fdb5-fc42-41c2-b62f-908d105711d0
orchestra,orchestra,S,109,Orchestra 3,5060,202.0,1084.29,405.54,1,0,1369f560-4e89-4009-8020-471cb933e3f7,172291,9742f85a-5b44-4f8c-a77b-6441e63791e8
orchestra,orchestra,S,111,Orchestra 3,5060,202.0,1112.53,407.44,1,0,1369f560-4e89-4009-8020-471cb933e3f7,172292,1049a595-bf70-497b-a104-f5e4656a6b59
orchestra,orchestra,S,113,Orchestra 3,5060,202.0,1140.75,409.63,1,0,1369f560-4e89-4009-8020-471cb933e3f7,172293,0d265cb3-07f0-4f33-b96b-9d5c4841e8e6
orchestra,orchestra,S,115,Orchestra 3,5060,202.0,1168.94,412.6,1,0,1369f560-4e89-4009-8020-471cb933e3f7,172294,a9be6458-f7e8-40d9-99b3-c39dfb63b0f1
orchestra,orchestra,S,117,Orchestra 3,5060,202.0,1197.1,415.84,1,0,1369f560-4e89-4009-8020-471cb933e3f7,172295,8e607cde-cc67-4cc6-ad2b-7cb419a4c4a6
orchestra,orchestra,S,119,Orchestra 3,5060,202.0,1225.24,419.34,1,0,1369f560-4e89-4009-8020-471cb933e3f7,172296,3ec4e6a4-267d-43b2-b8b7-af3a1c7a9337
orchestra,orchestra,S,121,Orchestra Premium2,5059,351.0,1253.34,422.12,1,0,1369f560-4e89-4009-8020-471cb933e3f7,172297,a834ef53-de6f-40ad-9983-f544ef687c89
orchestra,orchestra,S,123,Orchestra Premium2,5059,351.0,1281.41,426.17,17,0,1369f560-4e89-4009-8020-471cb933e3f7,172298,cda7a317-2693-44b6-acc8-f7600faf9396
orchestra,orchestra,T,101,Orchestra Premium,5058,351.0,999.33,365.31,1,0,1369f560-4e89-4009-8020-471cb933e3f7,172208,9f00e69c-22ab-4c15-a0ef-719df8b17775
orchestra,orchestra,T,103,Orchestra Premium,5058,351.0,1027.65,366.44,1,0,1369f560-4e89-4009-8020-471cb933e3f7,172209,49b9bd8c-a17b-43e1-b41a-53960845f38d
orchestra,orchestra,T,105,Orchestra 3,5060,202.0,1055.95,367.35,1,0,1369f560-4e89-4009-8020-471cb933e3f7,172210,32c2ae28-e01e-4f67-bc21-e8c330e4aaaa
orchestra,orchestra,T,107,Orchestra 3,5060,202.0,1084.22,368.82,1,0,1369f560-4e89-4009-8020-471cb933e3f7,172211,e7a2568d-4e9b-4a92-8bd3-eaafa5be4e44
orchestra,orchestra,T,109,Orchestra 3,5060,202.0,1112.48,370.51,1,0,1369f560-4e89-4009-8020-471cb933e3f7,172212,bb37a860-d7e8-4370-a2ee-3d3cecab1814
orchestra,orchestra,T,111,Orchestra 3,5060,202.0,1140.71,372.5,1,0,1369f560-4e89-4009-8020-471cb933e3f7,172213,ea84c8cd-b027-472b-88b5-fc77b12ba0aa
orchestra,orchestra,T,113,Orchestra 3,5060,202.0,1168.92,375.26,1,0,1369f560-4e89-4009-8020-471cb933e3f7,172214,558908aa-ec74-4839-b3dd-3cce0effb7bc
orchestra,orchestra,T,115,Orchestra 3,5060,202.0,1197.11,378.3,1,0,1369f560-4e89-4009-8020-471cb933e3f7,172215,7009ad15-6362-49ee-8c3b-dbae6c3b735a
orchestra,orchestra,T,117,Orchestra 3,5060,202.0,1225.27,381.6,1,0,1369f560-4e89-4009-8020-471cb933e3f7,172216,78a56f40-6712-4418-8e83-4ea2ef98a942
orchestra,orchestra,T,119,Orchestra Premium2,5059,351.0,1253.39,385.17,1,0,1369f560-4e89-4009-8020-471cb933e3f7,172217,e3bd6157-ccc2-4ff8-928a-d5ae27795503
orchestra,orchestra,T,121,Orchestra Premium2,5059,351.0,1281.5,390.03,1,0,1369f560-4e89-4009-8020-471cb933e3f7,172218,208d1a51-3505-42cc-a175-1db71b0c5cff
orchestra,orchestra,U,101,Orchestra Premium,5058,351.0,970.99,328.75,1,0,7fb6f17d-1ea4-4425-b130-6032d81c7cc1,172127,b7b61778-44de-4c50-85a0-a23c092eebd3
orchestra,orchestra,U,103,Orchestra Premium,5058,351.0,999.32,328.42,1,0,7fb6f17d-1ea4-4425-b130-6032d81c7cc1,172128,ad77a80b-a07b-4bf1-8460-11f8e9a906f1
orchestra,orchestra,U,105,Orchestra 3,5060,202.0,1027.64,329.52,1,0,7fb6f17d-1ea4-4425-b130-6032d81c7cc1,172129,f6ec9781-89fe-4087-a46a-5679cd0fd914
orchestra,orchestra,U,107,Orchestra 3,5060,202.0,1055.93,330.4,1,0,7fb6f17d-1ea4-4425-b130-6032d81c7cc1,172130,d3a13749-bd66-4951-ae0e-0ccae458294d
orchestra,orchestra,U,109,Orchestra 3,5060,202.0,1084.21,331.83,1,0,7fb6f17d-1ea4-4425-b130-6032d81c7cc1,172131,7b5aa50c-2451-4afb-91fc-d99de31aade5
orchestra,orchestra,U,111,Orchestra 3,5060,202.0,1112.47,333.49,1,0,7fb6f17d-1ea4-4425-b130-6032d81c7cc1,172132,592772d0-da30-4403-916a-68dcb09f98e0
orchestra,orchestra,U,113,Orchestra 3,5060,202.0,1140.7,335.45,1,0,7fb6f17d-1ea4-4425-b130-6032d81c7cc1,172133,dd6fc5ad-19ed-41a8-9672-ffca956bf07f
orchestra,orchestra,U,115,Orchestra 3,5060,202.0,1168.92,338.18,1,0,7fb6f17d-1ea4-4425-b130-6032d81c7cc1,172134,1b655f31-b37e-41bc-87dc-4c90eb89f02f
orchestra,orchestra,U,117,Orchestra 3,5060,202.0,1197.11,341.18,1,0,7fb6f17d-1ea4-4425-b130-6032d81c7cc1,172135,1a4b2512-e8c8-4b03-b3d8-0ff18b5ae8c0
orchestra,orchestra,U,119,Orchestra 3,5060,202.0,1225.27,344.45,1,0,7fb6f17d-1ea4-4425-b130-6032d81c7cc1,172136,ece9df4c-e9c6-4130-b330-8225fdea0bd2
orchestra,orchestra,U,121,Orchestra Premium2,5059,351.0,1253.4,347.99,1,0,7fb6f17d-1ea4-4425-b130-6032d81c7cc1,172137,10b30c87-f939-44f9-aa01-1cb9347260e5
orchestra,orchestra,U,123,Orchestra Premium2,5059,351.0,1281.52,352.82,1,0,7fb6f17d-1ea4-4425-b130-6032d81c7cc1,172138,7ee7eec1-2669-49ee-b261-c9868fb553b9
orchestra,orchestra,V,101,Orchestra 3,5060,202.0,999.32,291.4,1,0,7fb6f17d-1ea4-4425-b130-6032d81c7cc1,172048,1aacaed2-ddc7-48c3-a8ee-85a8715e61ad
orchestra,orchestra,V,103,Orchestra 3,5060,202.0,1027.64,292.5,1,0,7fb6f17d-1ea4-4425-b130-6032d81c7cc1,172049,de99390a-e98f-4565-9bf4-f7eba5e040b9
orchestra,orchestra,V,105,Orchestra 3,5060,202.0,1055.93,293.37,1,0,7fb6f17d-1ea4-4425-b130-6032d81c7cc1,172050,79cb67bc-e195-47ad-96e4-8cc553efae20
orchestra,orchestra,V,107,Orchestra 3,5060,202.0,1084.21,294.8,1,0,7fb6f17d-1ea4-4425-b130-6032d81c7cc1,172051,46c24d1c-374f-40d1-bc77-d225cb9b8b9d
orchestra,orchestra,V,109,Orchestra 3,5060,202.0,1112.47,296.46,1,0,7fb6f17d-1ea4-4425-b130-6032d81c7cc1,172052,497e8f2e-ca6e-4689-93ca-d58e5fa10a15
orchestra,orchestra,V,111,Orchestra 3,5060,202.0,1140.7,298.41,1,0,7fb6f17d-1ea4-4425-b130-6032d81c7cc1,172053,d88e268f-9136-42e8-996b-21d06e11d1d7
orchestra,orchestra,V,113,Orchestra 3,5060,202.0,1168.92,301.14,1,0,7fb6f17d-1ea4-4425-b130-6032d81c7cc1,172054,6be9c17f-a898-478b-96cc-43869fb046ac
orchestra,orchestra,V,115,Orchestra 3,5060,202.0,1197.11,304.14,1,0,7fb6f17d-1ea4-4425-b130-6032d81c7cc1,172055,655dec5e-355b-4856-becb-0335803d2cf3
orchestra,orchestra,V,117,Orchestra 3,5060,202.0,1225.27,307.4,1,0,7fb6f17d-1ea4-4425-b130-6032d81c7cc1,172056,335c816b-e657-42ff-8a13-f1cdcda3c3e6
orchestra,orchestra,V,119,Orchestra 3,5060,202.0,1253.4,310.94,1,0,7fb6f17d-1ea4-4425-b130-6032d81c7cc1,172057,7a923b64-418f-424c-b96a-2894b8c36abd
orchestra,orchestra,V,121,Orchestra 3,5060,202.0,1281.52,315.77,1,0,7fb6f17d-1ea4-4425-b130-6032d81c7cc1,172058,54dcf57b-3970-42b4-9383-83a9563a0895
orchestra,orchestra,W,101,Orchestra 3,5060,202.0,971.04,254.21,17,0,7fb6f17d-1ea4-4425-b130-6032d81c7cc1,171967,c21f4d36-8775-4f04-be09-c83002783b40
orchestra,orchestra,W,103,Orchestra 3,5060,202.0,999.36,253.97,1,0,7fb6f17d-1ea4-4425-b130-6032d81c7cc1,171968,7f189138-bf6d-46a6-9d1e-fdf823b4854b
orchestra,orchestra,W,105,Orchestra 3,5060,202.0,1027.67,255.15,1,0,7fb6f17d-1ea4-4425-b130-6032d81c7cc1,171969,9dd8ca5d-60b5-4dbc-aa63-e7e8c9ef3a84
orchestra,orchestra,W,107,Orchestra 3,5060,202.0,1055.97,256.12,1,0,7fb6f17d-1ea4-4425-b130-6032d81c7cc1,171970,3b258319-5855-497a-a17e-6756797074a7
orchestra,orchestra,W,109,Orchestra 3,5060,202.0,1084.24,257.63,1,0,7fb6f17d-1ea4-4425-b130-6032d81c7cc1,171971,5ed830da-5147-4c57-9498-31f7d279b81a
orchestra,orchestra,W,111,Orchestra 3,5060,202.0,1112.49,259.38,1,0,7fb6f17d-1ea4-4425-b130-6032d81c7cc1,171972,adda5e96-3b09-4649-a316-331f55b3ddf9
orchestra,orchestra,W,113,Orchestra 3,5060,202.0,1140.72,261.42,1,0,7fb6f17d-1ea4-4425-b130-6032d81c7cc1,171973,894921d6-428a-427d-bd0d-2b2fb91d65a5
orchestra,orchestra,W,115,Orchestra 3,5060,202.0,1168.93,264.24,1,0,7fb6f17d-1ea4-4425-b130-6032d81c7cc1,171974,0e1eca16-15d7-4a4c-a1c0-567e4e491778
orchestra,orchestra,W,117,Orchestra 3,5060,202.0,1197.11,267.32,1,0,7fb6f17d-1ea4-4425-b130-6032d81c7cc1,171975,2dccff83-01bf-4e2a-9ec8-5333c80e0e30
orchestra,orchestra,W,119,Orchestra 3,5060,202.0,1225.26,270.68,1,0,7fb6f17d-1ea4-4425-b130-6032d81c7cc1,171976,13467a9d-d9e0-4b10-81ec-5da7a0d6a1b5
orchestra,orchestra,W,121,Orchestra 3,5060,202.0,1253.38,274.31,1,0,7fb6f17d-1ea4-4425-b130-6032d81c7cc1,171977,b61cfd35-93db-4017-8f9a-9bef5dd1a7e9
orchestra,orchestra,W,123,Orchestra 3,5060,202.0,1281.48,279.21,17,0,7fb6f17d-1ea4-4425-b130-6032d81c7cc1,171978,0ba02fd4-5c48-42da-9b64-fe0095599449
orchestra,orchestra,X,101,Orchestra 4,5061,139.0,999.3,217.51,1,0,7fb6f17d-1ea4-4425-b130-6032d81c7cc1,174205,03915896-d0c6-4610-be51-a894649e669b
orchestra,orchestra,X,103,Orchestra 4,5061,139.0,1027.62,218.57,1,0,7fb6f17d-1ea4-4425-b130-6032d81c7cc1,174206,4aa073e5-d440-4f19-a77e-f64c40197f80
orchestra,orchestra,X,105,Orchestra 4,5061,139.0,1055.91,219.4,1,0,7fb6f17d-1ea4-4425-b130-6032d81c7cc1,174207,fc16f2e2-9ddc-4ab9-b007-46ea8bdbe7cd
orchestra,orchestra,X,107,Orchestra 4,5061,139.0,1084.2,220.79,1,0,7fb6f17d-1ea4-4425-b130-6032d81c7cc1,174208,df831299-e2b0-4f5a-8ca2-711538e2be0c
orchestra,orchestra,X,109,Orchestra 4,5061,139.0,1112.46,222.41,1,0,7fb6f17d-1ea4-4425-b130-6032d81c7cc1,174209,f53e73db-7f60-4931-b1a5-517321364f8b
orchestra,orchestra,X,111,Orchestra 4,5061,139.0,1140.69,224.32,1,0,7fb6f17d-1ea4-4425-b130-6032d81c7cc1,174210,bce82fb4-16ba-4ca6-8510-a68fa153ccc5
orchestra,orchestra,X,113,Orchestra 4,5061,139.0,1168.91,227.01,1,0,7fb6f17d-1ea4-4425-b130-6032d81c7cc1,174211,955c06ed-7505-471c-9f72-b03d4ff397f5
orchestra,orchestra,X,115,Orchestra 4,5061,139.0,1197.11,229.97,1,0,7fb6f17d-1ea4-4425-b130-6032d81c7cc1,174212,1725d559-209d-4771-83f8-d85bf55863e9
orchestra,orchestra,X,117,Orchestra 4,5061,139.0,1225.27,233.2,1,0,7fb6f17d-1ea4-4425-b130-6032d81c7cc1,174213,ba06ad27-d9a8-4176-ab4b-2544744b5bc1
orchestra,orchestra,X,119,Orchestra 4,5061,139.0,1253.41,236.7,1,0,7fb6f17d-1ea4-4425-b130-6032d81c7cc1,174214,112ccfe7-862e-42be-93a5-13b8931f1d58
orchestra,orchestra,X,121,Orchestra 4,5061,139.0,1281.53,241.48,1,0,7fb6f17d-1ea4-4425-b130-6032d81c7cc1,174215,e3336300-fdb8-41cf-808f-45067b7c3733
orchestra,orchestra,Y,101,Orchestra 4,5061,139.0,970.97,180.92,1,0,7fb6f17d-1ea4-4425-b130-6032d81c7cc1,174124,683aa278-98f2-49f5-b8ce-bee84d61dcf9
orchestra,orchestra,Y,103,Orchestra 4,5061,139.0,999.29,180.54,1,0,7fb6f17d-1ea4-4425-b130-6032d81c7cc1,174125,24d32ecd-f7f4-476f-b994-cff4bb95a984
orchestra,orchestra,Y,105,Orchestra 4,5061,139.0,1027.62,181.58,1,0,7fb6f17d-1ea4-4425-b130-6032d81c7cc1,174126,49327aa2-e620-4174-bde2-cd3aaffcbd37
orchestra,orchestra,Y,107,Orchestra 4,5061,139.0,1055.91,182.4,1,0,7fb6f17d-1ea4-4425-b130-6032d81c7cc1,174127,26ee64d5-b4a6-446e-afa0-4fd6992cb350
orchestra,orchestra,Y,109,Orchestra 4,5061,139.0,1084.2,183.78,1,0,7fb6f17d-1ea4-4425-b130-6032d81c7cc1,174128,031d9b71-3365-4c76-b83b-d06358a6bccb
orchestra,orchestra,Y,111,Orchestra 4,5061,139.0,1112.45,185.38,1,0,7fb6f17d-1ea4-4425-b130-6032d81c7cc1,174129,1995bb81-3760-4a65-bcfd-2341582e956d
orchestra,orchestra,Y,113,Orchestra 4,5061,139.0,1140.69,187.28,1,0,7fb6f17d-1ea4-4425-b130-6032d81c7cc1,174130,4d2fedfa-7813-46e0-a6a3-62c37fae7307
orchestra,orchestra,Y,115,Orchestra 4,5061,139.0,1168.91,189.96,1,0,7fb6f17d-1ea4-4425-b130-6032d81c7cc1,174131,cc25a241-1ada-4c71-8eb8-4f288bef20b6
orchestra,orchestra,Y,117,Orchestra 4,5061,139.0,1197.11,192.9,1,0,7fb6f17d-1ea4-4425-b130-6032d81c7cc1,174132,7bc147c2-3ddd-4d7e-b2fc-9ddcd1a95efa
orchestra,orchestra,Y,119,Orchestra 4,5061,139.0,1225.28,196.12,1,0,7fb6f17d-1ea4-4425-b130-6032d81c7cc1,174133,893c1ef8-361c-4b95-86c0-57e9c57b68c0
orchestra,orchestra,Y,121,Orchestra 4,5061,139.0,1253.41,199.6,1,0,7fb6f17d-1ea4-4425-b130-6032d81c7cc1,174134,f0920d91-153b-4440-9c83-aa79a727adb3
orchestra,orchestra,Y,123,Orchestra 4,5061,139.0,1281.54,204.37,22,0,7fb6f17d-1ea4-4425-b130-6032d81c7cc1,174135,49aa5cfb-bff5-4ecc-a028-179d0d95935f
orchestra,orchestra,Z,101,Orchestra 4,5061,139.0,999.28,143.66,22,0,7fb6f17d-1ea4-4425-b130-6032d81c7cc1,174045,0464c7f2-1ea4-4454-9d11-5d66434c09cb
orchestra,orchestra,Z,103,Orchestra 4,5061,139.0,1027.6,144.67,1,0,7fb6f17d-1ea4-4425-b130-6032d81c7cc1,174046,210d74cc-11fd-408b-9b48-bcff8d6e5594
orchestra,orchestra,Z,105,Orchestra 4,5061,139.0,1055.9,145.46,1,0,7fb6f17d-1ea4-4425-b130-6032d81c7cc1,174047,d024a368-d85b-41f4-9df6-862f01ba55cd
orchestra,orchestra,Z,107,Orchestra 4,5061,139.0,1084.19,146.8,1,0,7fb6f17d-1ea4-4425-b130-6032d81c7cc1,174048,d09c2a18-6a80-44b1-a52a-8822fc1ddc2f
orchestra,orchestra,Z,109,Orchestra 4,5061,139.0,1112.44,148.36,1,0,7fb6f17d-1ea4-4425-b130-6032d81c7cc1,174049,972f7dec-412e-48ae-81da-7f8b560ba65b
orchestra,orchestra,Z,111,Orchestra 4,5061,139.0,1140.68,150.23,1,0,7fb6f17d-1ea4-4425-b130-6032d81c7cc1,174050,5ecfbd72-97aa-4f68-81a4-f80574876629
orchestra,orchestra,Z,113,Orchestra 4,5061,139.0,1168.91,152.87,1,0,7fb6f17d-1ea4-4425-b130-6032d81c7cc1,174051,a46f9f04-50ae-421b-8599-844f5369eb15
orchestra,orchestra,Z,115,Orchestra 4,5061,139.0,1197.1,155.78,1,0,7fb6f17d-1ea4-4425-b130-6032d81c7cc1,174052,a7434b89-720c-48e6-a171-12be4ad84aa0
orchestra,orchestra,Z,117,Orchestra 4,5061,139.0,1225.28,158.96,1,0,7fb6f17d-1ea4-4425-b130-6032d81c7cc1,174053,bcbddf86-ed42-4427-a458-f3698a4adc23
orchestra,orchestra,Z,119,Orchestra 4,5061,139.0,1253.42,162.41,1,0,7fb6f17d-1ea4-4425-b130-6032d81c7cc1,174054,e7a0bd2b-85e5-41e0-a342-b724bf8415e9
orchestra,orchestra,Z,121,Orchestra 4,5061,139.0,1281.55,167.14,1,0,7fb6f17d-1ea4-4425-b130-6032d81c7cc1,174055,18172a55-9846-4c60-bb59-4b09516f1550
orchestra,orchestra,ZZ,101,Orc 4 Accessible,5062,139.0,973.92,107.68,18,0,7fb6f17d-1ea4-4425-b130-6032d81c7cc1,173884,af4800a4-aa1b-4dec-a4ef-99face73f497
orchestra,orchestra,ZZ,103,Orc 4 Accessible,5062,139.0,1002.24,108.19,15,0,7fb6f17d-1ea4-4425-b130-6032d81c7cc1,173885,14f1a129-8c1d-4829-95cf-916f321df1ba
orchestra,orchestra,ZZ,105,Orc 4 Accessible,5062,139.0,1030.56,109.12,8,0,7fb6f17d-1ea4-4425-b130-6032d81c7cc1,173886,5b6665bc-5831-4a8d-a921-da14dc03ea6c
orchestra,orchestra,ZZ,107,Orc 4 Accessible,5062,139.0,1058.87,109.82,18,0,7fb6f17d-1ea4-4425-b130-6032d81c7cc1,173887,d79a4a2e-e11f-4c4b-ab89-934b4213f38f
orchestra,orchestra,ZZ,109,Orc 4 Accessible,5062,139.0,1087.15,111.08,18,0,7fb6f17d-1ea4-4425-b130-6032d81c7cc1,173888,66cbf44d-712a-4e1b-9043-f95709e80def
orchestra,orchestra,ZZ,111,Orc 4 Accessible,5062,139.0,1115.42,112.57,13,0,7fb6f17d-1ea4-4425-b130-6032d81c7cc1,173889,d057258c-1c91-4ef3-96d7-42ecc07f79a5
orchestra,orchestra,ZZ,113,Orc 4 Accessible,5062,139.0,1143.66,114.36,15,0,7fb6f17d-1ea4-4425-b130-6032d81c7cc1,173890,4de4a3e7-23fa-4460-988f-1e368657450b
orchestra,orchestra,ZZ,115,Orc 4 Accessible,5062,139.0,1171.89,116.92,8,0,7fb6f17d-1ea4-4425-b130-6032d81c7cc1,173891,d5817160-75d0-494e-be57-8ef019c761ba
orchestra,orchestra,ZZ,117,Orc 4 Accessible,5062,139.0,1200.1,119.75,18,0,7fb6f17d-1ea4-4425-b130-6032d81c7cc1,173892,520a8d87-3a3e-432f-adcd-4f16309e0933
orchestra,orchestra,ZZ,119,Orc 4 Accessible,5062,139.0,1228.28,122.86,15,0,7fb6f17d-1ea4-4425-b130-6032d81c7cc1,173893,ff4cefdd-6e21-4fab-b09a-90ca69aaa17e
orchestra,orchestra,ZZ,121,Orc 4 Accessible,5062,139.0,1256.43,126.22,8,0,7fb6f17d-1ea4-4425-b130-6032d81c7cc1,173894,7ce5d3d4-f94c-4387-9566-5a142b8d610e
orchestra,orchestra,ZZ,123,Orc 4 Accessible,5062,139.0,1284.58,129.87,18,0,7fb6f17d-1ea4-4425-b130-6032d81c7cc1,173895,9d241c61-80c6-4faa-a31b-8c039ac6029a
orchestra,orchestra,A,102,Orchestra Premium,5058,351.0,913.42,992.78,1,0,670ede44-395d-41b5-989b-dc65b69f5bf4,173563,36659835-01a8-450f-84e3-54f69940ae14
orchestra,orchestra,A,104,Orchestra Premium,5058,351.0,885.1,992.93,1,0,670ede44-395d-41b5-989b-dc65b69f5bf4,173562,6431b61d-ad73-4bef-a41b-2346d1b28488
orchestra,orchestra,A,106,Orchestra Premium,5058,351.0,856.8,994.49,1,0,670ede44-395d-41b5-989b-dc65b69f5bf4,173561,9f305317-4110-4ea6-8f28-53972bc9422e
orchestra,orchestra,A,108,Orchestra Premium,5058,351.0,828.52,995.85,1,0,670ede44-395d-41b5-989b-dc65b69f5bf4,173560,cca34165-e26c-4357-9a3e-88c90b43828e
orchestra,orchestra,A,110,Orchestra Premium,5058,351.0,800.27,997.74,1,0,670ede44-395d-41b5-989b-dc65b69f5bf4,173559,12e8af7f-3ac6-4f2a-a787-4762827d4f9a
orchestra,orchestra,A,112,Orchestra Premium,5058,351.0,772.05,999.87,1,0,670ede44-395d-41b5-989b-dc65b69f5bf4,173558,6f8eb0d6-d7a5-434d-87d6-893aaa7f3264
orchestra,orchestra,A,114,Orchestra Premium,5058,351.0,743.85,1002.3,1,0,670ede44-395d-41b5-989b-dc65b69f5bf4,173557,48d0005a-b5c1-4d98-a7d1-48feeb4b691b
orchestra,orchestra,A,116,Orchestra Premium,5058,351.0,715.69,1005.5,1,0,670ede44-395d-41b5-989b-dc65b69f5bf4,173556,fc77fd3b-ae65-4e42-a643-578c56ca1237
orchestra,orchestra,A,118,Orchestra Premium,5058,351.0,687.55,1008.97,1,0,670ede44-395d-41b5-989b-dc65b69f5bf4,173555,23a0da22-4bf8-4ac6-a46e-fc681481bb92
orchestra,orchestra,A,120,Orchestra Premium,5058,351.0,659.44,1012.71,1,0,670ede44-395d-41b5-989b-dc65b69f5bf4,173554,9de34a49-f6f3-4c90-8ff6-ab60425c28e5
orchestra,orchestra,A,122,Orchestra Premium,5058,351.0,631.38,1016.72,1,0,670ede44-395d-41b5-989b-dc65b69f5bf4,173553,7ab73bdd-4e7e-4f43-b4c6-1630b195ef9b
orchestra,orchestra,A,124,Orchestra Premium,5058,351.0,603.34,1022.0,1,0,670ede44-395d-41b5-989b-dc65b69f5bf4,173552,c93cb2c7-0220-4088-870e-824ca106e855
orchestra,orchestra,B,102,Orchestra Premium,5058,351.0,885.17,956.54,17,0,670ede44-395d-41b5-989b-dc65b69f5bf4,173482,f64b0adc-71d4-4d92-8542-1d4a09ab1de1
orchestra,orchestra,B,104,Orchestra Premium,5058,351.0,856.86,957.96,1,0,670ede44-395d-41b5-989b-dc65b69f5bf4,173481,a2c60ad0-0919-4a86-949a-818bd8e11c4d
orchestra,orchestra,B,106,Orchestra Premium,5058,351.0,828.58,959.17,1,0,670ede44-395d-41b5-989b-dc65b69f5bf4,173480,067d3d8e-bed7-4a92-bd67-9d259c285337
orchestra,orchestra,B,108,Orchestra Premium,5058,351.0,800.32,960.93,1,0,670ede44-395d-41b5-989b-dc65b69f5bf4,173479,d8407a32-e879-4fba-bf92-725a3b1c2c1a
orchestra,orchestra,B,110,Orchestra Premium,5058,351.0,772.09,962.91,1,0,670ede44-395d-41b5-989b-dc65b69f5bf4,173478,b59b8d4f-3b7c-4d7b-b66c-5f01db4cc4d1
orchestra,orchestra,B,112,Orchestra Premium,5058,351.0,743.88,965.19,1,0,670ede44-395d-41b5-989b-dc65b69f5bf4,173477,929cdb30-aa2f-45de-9b77-fc85974c7381
orchestra,orchestra,B,114,Orchestra Premium,5058,351.0,715.7,968.25,1,0,670ede44-395d-41b5-989b-dc65b69f5bf4,173476,8bd32df4-2ff4-417e-99dc-17267758a2c1
orchestra,orchestra,B,116,Orchestra Premium,5058,351.0,687.54,971.58,1,0,670ede44-395d-41b5-989b-dc65b69f5bf4,173475,06983ab4-3f95-46eb-ae36-c25a4f3d652b
orchestra,orchestra,B,118,Orchestra Premium,5058,351.0,659.42,975.17,1,0,670ede44-395d-41b5-989b-dc65b69f5bf4,173474,01ac05fa-0449-4bbc-bc31-d75ab48b62e2
orchestra,orchestra,B,120,Orchestra Premium,5058,351.0,631.33,979.04,1,0,670ede44-395d-41b5-989b-dc65b69f5bf4,173473,53664895-f81f-459b-860c-adc090a37fc4
orchestra,orchestra,B,122,Orchestra Premium,5058,351.0,603.28,984.19,1,0,670ede44-395d-41b5-989b-dc65b69f5bf4,173472,fdd11e3b-69ac-44e6-8627-9b9d48409b04
orchestra,orchestra,C,102,Orchestra Premium,5058,351.0,913.51,919.68,1,0,670ede44-395d-41b5-989b-dc65b69f5bf4,173403,94745cf8-ad6f-4b31-af08-793ba620470f
orchestra,orchestra,C,104,Orchestra Premium,5058,351.0,885.19,919.65,1,0,670ede44-395d-41b5-989b-dc65b69f5bf4,173402,b94de886-8a2c-4f14-b622-35e28f7174f3
orchestra,orchestra,C,106,Orchestra Premium,5058,351.0,856.88,921.04,1,0,670ede44-395d-41b5-989b-dc65b69f5bf4,173401,fbf1ed8c-4436-4f38-b4f3-cd1ab1a1417a
orchestra,orchestra,C,108,Orchestra Premium,5058,351.0,828.6,922.22,1,0,670ede44-395d-41b5-989b-dc65b69f5bf4,173400,c4672a44-fb83-4507-b7ca-bb836b6598a6
orchestra,orchestra,C,110,Orchestra Premium,5058,351.0,800.33,923.94,1,0,670ede44-395d-41b5-989b-dc65b69f5bf4,173399,20c7bb57-b644-4e66-b43e-18d16f5055fa
orchestra,orchestra,C,112,Orchestra Premium,5058,351.0,772.1,925.89,1,0,670ede44-395d-41b5-989b-dc65b69f5bf4,173398,f8f3ee1f-d11b-4771-bc35-e9653cb51db9
orchestra,orchestra,C,114,Orchestra Premium,5058,351.0,743.88,928.14,1,0,670ede44-395d-41b5-989b-dc65b69f5bf4,173397,a860bb5a-684b-40f3-869d-765a71b410d0
orchestra,orchestra,C,116,Orchestra Premium,5058,351.0,715.7,931.17,1,0,670ede44-395d-41b5-989b-dc65b69f5bf4,173396,2b7017f1-3cdb-4c6f-b083-adcca955763d
orchestra,orchestra,C,118,Orchestra Premium,5058,351.0,687.54,934.47,1,0,670ede44-395d-41b5-989b-dc65b69f5bf4,173395,6e2d4b5f-f1dc-4505-a5f9-9453beaca0bc
orchestra,orchestra,C,120,Orchestra Premium,5058,351.0,659.42,938.02,1,0,670ede44-395d-41b5-989b-dc65b69f5bf4,173394,960e8f78-bf77-4448-923e-6bec1f8fb305
orchestra,orchestra,C,122,Orchestra Premium,5058,351.0,631.32,941.86,1,0,670ede44-395d-41b5-989b-dc65b69f5bf4,173393,8cef8cf8-46ae-4024-8842-25c21d0b10ca
orchestra,orchestra,C,124,Orchestra Premium,5058,351.0,603.26,946.97,17,0,670ede44-395d-41b5-989b-dc65b69f5bf4,173392,94a3d245-b020-42c1-af20-8c2f117bda95
orchestra,orchestra,D,102,Orchestra Premium,5058,351.0,885.2,882.75,1,0,670ede44-395d-41b5-989b-dc65b69f5bf4,173322,1ea6daa0-8703-472b-a8f3-f4dbfff09866
orchestra,orchestra,D,104,Orchestra Premium,5058,351.0,856.89,884.11,1,0,670ede44-395d-41b5-989b-dc65b69f5bf4,173321,837fda10-d602-4611-8ccb-d1de8d385d31
orchestra,orchestra,D,106,Orchestra Premium,5058,351.0,828.61,885.26,1,0,670ede44-395d-41b5-989b-dc65b69f5bf4,173320,f597cdde-50ed-43cc-8e60-8ac6008a713e
orchestra,orchestra,D,108,Orchestra Premium,5058,351.0,800.34,886.95,1,0,670ede44-395d-41b5-989b-dc65b69f5bf4,173319,a4800f02-d656-4ac1-b301-58557f0f0e55
orchestra,orchestra,D,110,Orchestra Premium,5058,351.0,772.11,889.87,1,0,670ede44-395d-41b5-989b-dc65b69f5bf4,173318,ad1dd89a-ff08-4169-a3a2-153ff96ee333
orchestra,orchestra,D,112,Orchestra Premium,5058,351.0,743.89,892.1,1,0,670ede44-395d-41b5-989b-dc65b69f5bf4,173317,7346eb69-b80d-4299-b623-cbea6e84dccc
orchestra,orchestra,D,114,Orchestra Premium,5058,351.0,715.7,895.09,1,0,670ede44-395d-41b5-989b-dc65b69f5bf4,173316,6388f48e-6f55-4f2d-8017-79b2ff76c924
orchestra,orchestra,D,116,Orchestra Premium,5058,351.0,687.54,898.36,1,0,670ede44-395d-41b5-989b-dc65b69f5bf4,173315,f22b566a-5978-4121-92cc-d1a5ac6456ea
orchestra,orchestra,D,118,Orchestra Premium,5058,351.0,659.41,901.89,1,0,670ede44-395d-41b5-989b-dc65b69f5bf4,173314,de37e879-1448-49ac-a12d-40dc3dbc5982
orchestra,orchestra,D,120,Orchestra Premium,5058,351.0,631.31,905.69,1,0,670ede44-395d-41b5-989b-dc65b69f5bf4,173313,de327172-3bbd-43fc-8db6-2e70d2baa55c
orchestra,orchestra,D,122,Orchestra Premium,5058,351.0,603.24,910.77,1,0,670ede44-395d-41b5-989b-dc65b69f5bf4,173312,fa3c5498-e858-4236-be22-14cb5ad83400
orchestra,orchestra,E,102,Orchestra Premium,5058,351.0,913.55,846.06,1,0,670ede44-395d-41b5-989b-dc65b69f5bf4,173243,348befb2-8ed6-4e32-9306-e11fb66aca66
orchestra,orchestra,E,104,Orchestra Premium,5058,351.0,885.23,845.95,1,0,670ede44-395d-41b5-989b-dc65b69f5bf4,173242,6ed8d96d-cbf5-474d-b255-42992d50ffcd
orchestra,orchestra,E,106,Orchestra Premium,5058,351.0,856.92,847.26,1,0,670ede44-395d-41b5-989b-dc65b69f5bf4,173241,324e2065-1381-4e32-9c66-e4230b8af566
orchestra,orchestra,E,108,Orchestra Premium,5058,351.0,828.63,848.35,1,0,670ede44-395d-41b5-989b-dc65b69f5bf4,173240,d93aa523-8de8-43c8-a896-80d15030779a
orchestra,orchestra,E,110,Orchestra Premium,5058,351.0,800.36,849.99,1,0,670ede44-395d-41b5-989b-dc65b69f5bf4,173239,956d6253-b5f0-4c9c-a873-2d59a7817478
orchestra,orchestra,E,112,Orchestra Premium,5058,351.0,772.12,851.86,1,0,670ede44-395d-41b5-989b-dc65b69f5bf4,173238,2e4e9b82-8bf2-43e7-a676-b8693a8a5e56
orchestra,orchestra,E,114,Orchestra Premium,5058,351.0,743.9,855.03,1,0,670ede44-395d-41b5-989b-dc65b69f5bf4,173237,b2d49753-9e85-4e22-9dec-262483ee1e16
orchestra,orchestra,E,116,Orchestra Premium,5058,351.0,715.71,857.98,1,0,670ede44-395d-41b5-989b-dc65b69f5bf4,173236,95668804-e072-4f2f-b523-f717d2b859c8
orchestra,orchestra,E,118,Orchestra Premium,5058,351.0,687.54,861.19,1,0,670ede44-395d-41b5-989b-dc65b69f5bf4,173235,2ebef5e7-e9f9-4196-a59a-c42e4063ea68
orchestra,orchestra,E,120,Orchestra Premium,5058,351.0,659.4,864.67,1,0,670ede44-395d-41b5-989b-dc65b69f5bf4,173234,1c79f2eb-ecc4-4ba7-98e9-d43cf206526f
orchestra,orchestra,E,122,Orchestra Premium,5058,351.0,631.3,868.42,1,0,670ede44-395d-41b5-989b-dc65b69f5bf4,173233,074511c6-f854-432b-8251-b3cd4a329afc
orchestra,orchestra,E,124,Orchestra Premium,5058,351.0,603.22,873.46,1,0,670ede44-395d-41b5-989b-dc65b69f5bf4,173232,29038515-8e81-42eb-8b46-9347a118f52c
orchestra,orchestra,F,102,Orchestra Premium,5058,351.0,885.15,808.21,1,0,670ede44-395d-41b5-989b-dc65b69f5bf4,173162,6a384b78-8ac2-4126-8d6e-6b3f69f594bd
orchestra,orchestra,F,104,Orchestra Premium,5058,351.0,856.85,809.68,1,0,670ede44-395d-41b5-989b-dc65b69f5bf4,173161,aa52ff06-858c-47d5-bf15-b6581a35c8c1
orchestra,orchestra,F,106,Orchestra Premium,5058,351.0,828.57,810.93,1,0,670ede44-395d-41b5-989b-dc65b69f5bf4,173160,2b584996-6706-4559-bcd4-9d616101cceb
orchestra,orchestra,F,108,Orchestra Premium,5058,351.0,800.31,812.73,1,0,670ede44-395d-41b5-989b-dc65b69f5bf4,173159,b9117a7f-ec8e-4fc6-b668-c2050e2a3e00
orchestra,orchestra,F,110,Orchestra Premium,5058,351.0,772.08,814.75,1,0,670ede44-395d-41b5-989b-dc65b69f5bf4,173158,07f5835c-64a9-4bb7-aaa0-8d0edb426a18
orchestra,orchestra,F,112,Orchestra Premium,5058,351.0,743.87,817.07,1,0,670ede44-395d-41b5-989b-dc65b69f5bf4,173157,65779bb2-375c-43ab-afe8-d0aa7f500efc
orchestra,orchestra,F,114,Orchestra Premium,5058,351.0,715.7,820.17,1,0,670ede44-395d-41b5-989b-dc65b69f5bf4,173156,9c874ff1-f54e-42cd-b4c0-abc2bd96e28b
orchestra,orchestra,F,116,Orchestra Premium,5058,351.0,687.54,823.54,1,0,670ede44-395d-41b5-989b-dc65b69f5bf4,173155,b1e633fe-f757-40cb-a03a-95a0fcc82924
orchestra,orchestra,F,118,Orchestra Premium,5058,351.0,659.43,827.18,1,0,670ede44-395d-41b5-989b-dc65b69f5bf4,173154,089ad147-6bfd-4b0b-8079-4e1a2c7ce330
orchestra,orchestra,F,120,Orchestra Premium,5058,351.0,631.34,831.08,1,0,670ede44-395d-41b5-989b-dc65b69f5bf4,173153,f6d2ad97-2849-4b1b-82da-d6fa9809fe32
orchestra,orchestra,F,122,Orchestra Premium,5058,351.0,603.29,836.28,1,0,670ede44-395d-41b5-989b-dc65b69f5bf4,173152,13b66e71-28df-4886-bacf-9815e7983fe8
orchestra,orchestra,G,102,Orchestra Premium,5058,351.0,913.5,771.48,1,0,670ede44-395d-41b5-989b-dc65b69f5bf4,173083,49d6a6f1-dfd1-47e6-9a15-21684191e7f6
orchestra,orchestra,G,104,Orchestra Premium,5058,351.0,885.18,771.46,1,0,670ede44-395d-41b5-989b-dc65b69f5bf4,173082,93eb0ee9-898e-495e-91ec-0cb92274e820
orchestra,orchestra,G,106,Orchestra Premium,5058,351.0,856.87,772.87,1,0,670ede44-395d-41b5-989b-dc65b69f5bf4,173081,ecca4ff8-a204-4521-848d-311c9878f9b1
orchestra,orchestra,G,108,Orchestra Premium,5058,351.0,828.59,774.05,1,0,670ede44-395d-41b5-989b-dc65b69f5bf4,173080,645cff1f-dd85-4699-92ba-5cb4fea03954
orchestra,orchestra,G,110,Orchestra Premium,5058,351.0,800.33,775.78,1,0,670ede44-395d-41b5-989b-dc65b69f5bf4,173079,39e1d252-4e2f-44c4-815d-68a91ca3db8e
orchestra,orchestra,G,112,Orchestra Premium,5058,351.0,772.1,777.75,1,0,670ede44-395d-41b5-989b-dc65b69f5bf4,173078,2d4a0be1-1ed7-401e-b0a4-3d07dc71a9ba
orchestra,orchestra,G,114,Orchestra Premium,5058,351.0,743.88,780.0,1,0,670ede44-395d-41b5-989b-dc65b69f5bf4,173077,7d03d393-e3d2-4439-beba-69f701f713e2
orchestra,orchestra,G,116,Orchestra Premium,5058,351.0,715.7,783.05,1,0,670ede44-395d-41b5-989b-dc65b69f5bf4,173076,af0bb2a1-2bd6-451a-8aa8-cfe80bb4af9e
orchestra,orchestra,G,118,Orchestra Premium,5058,351.0,687.54,786.36,1,0,670ede44-395d-41b5-989b-dc65b69f5bf4,173075,0657abb0-ec77-4bb0-8dca-4cebff744c36
orchestra,orchestra,G,120,Orchestra Premium,5058,351.0,659.42,789.92,1,0,670ede44-395d-41b5-989b-dc65b69f5bf4,173074,362061ac-c588-40ca-96bc-18e10e847106
orchestra,orchestra,G,122,Orchestra Premium,5058,351.0,631.33,793.77,1,0,670ede44-395d-41b5-989b-dc65b69f5bf4,173073,26e32ff0-62eb-4f7f-8bb4-20737a7d78c3
orchestra,orchestra,G,124,Orchestra Premium,5058,351.0,603.26,798.89,1,0,670ede44-395d-41b5-989b-dc65b69f5bf4,173072,a82c6717-e0bb-4463-b2ce-9d6e318903ea
orchestra,orchestra,H,102,Orchestra Premium,5058,351.0,885.19,734.47,1,0,670ede44-395d-41b5-989b-dc65b69f5bf4,173002,02f0a3a8-8bc7-4c63-ae07-e25be70a51f6
orchestra,orchestra,H,104,Orchestra Premium,5058,351.0,856.88,735.87,1,0,670ede44-395d-41b5-989b-dc65b69f5bf4,173001,12e13fb9-1386-4bc2-9dc5-12a04344dbe9
orchestra,orchestra,H,106,Orchestra Premium,5058,351.0,828.6,737.04,1,0,670ede44-395d-41b5-989b-dc65b69f5bf4,173000,253764cd-981b-4e5f-94f4-5d8623755b01
orchestra,orchestra,H,108,Orchestra Premium,5058,351.0,800.33,738.77,1,0,670ede44-395d-41b5-989b-dc65b69f5bf4,172999,d39fcfcd-e9ef-4cb8-aacc-a6495b50d2ca
orchestra,orchestra,H,110,Orchestra Premium,5058,351.0,772.1,740.72,1,0,670ede44-395d-41b5-989b-dc65b69f5bf4,172998,3ede2025-1afc-432b-8c6b-54cc2c304b00
orchestra,orchestra,H,112,Orchestra Premium,5058,351.0,743.88,742.97,1,0,670ede44-395d-41b5-989b-dc65b69f5bf4,172997,2179f576-98b7-4b05-8d49-5d9b40e9f46b
orchestra,orchestra,H,114,Orchestra Premium,5058,351.0,715.7,746.0,1,0,670ede44-395d-41b5-989b-dc65b69f5bf4,172996,740d36b1-eba1-4b96-8f6c-2e4e6bf4d819
orchestra,orchestra,H,116,Orchestra Premium,5058,351.0,687.54,749.3,1,0,670ede44-395d-41b5-989b-dc65b69f5bf4,172995,a1f7e80c-14eb-496f-8d82-4e7a6f49df35
orchestra,orchestra,H,118,Orchestra Premium,5058,351.0,659.42,752.86,1,0,670ede44-395d-41b5-989b-dc65b69f5bf4,172994,26b42ac9-d352-4952-b022-8f3857617c41
orchestra,orchestra,H,120,Orchestra Premium,5058,351.0,631.32,756.69,1,0,670ede44-395d-41b5-989b-dc65b69f5bf4,172993,137bb9e9-10e0-4e0e-9c2c-b7b24b405a16
orchestra,orchestra,H,122,Orchestra Premium,5058,351.0,603.26,761.81,1,0,670ede44-395d-41b5-989b-dc65b69f5bf4,172992,e6ad03f4-3b70-4483-af71-053ef36e784b
orchestra,orchestra,J,102,Orchestra Premium,5058,351.0,913.53,697.63,1,0,670ede44-395d-41b5-989b-dc65b69f5bf4,172923,16dd18c8-8209-4683-918b-c3a29a70ee7f
orchestra,orchestra,J,104,Orchestra Premium,5058,351.0,885.2,697.57,1,0,670ede44-395d-41b5-989b-dc65b69f5bf4,172922,b388e5d8-949a-42d4-bce0-770b8aa20d74
orchestra,orchestra,J,106,Orchestra Premium,5058,351.0,856.89,698.93,1,0,670ede44-395d-41b5-989b-dc65b69f5bf4,172921,b23ecbf3-2425-4344-95ef-621bccc90231
orchestra,orchestra,J,108,Orchestra Premium,5058,351.0,828.61,700.08,1,0,670ede44-395d-41b5-989b-dc65b69f5bf4,172920,c34eabb6-5a86-4e5a-a9be-2c5402d0bd1a
orchestra,orchestra,J,110,Orchestra Premium,5058,351.0,800.34,701.77,1,0,670ede44-395d-41b5-989b-dc65b69f5bf4,172919,6415f44a-c262-40c7-b4c7-62205d8cf3aa
orchestra,orchestra,J,112,Orchestra Premium,5058,351.0,772.11,703.7,1,0,670ede44-395d-41b5-989b-dc65b69f5bf4,172918,2ca4bc73-5c05-4ab7-b098-9744681f267e
orchestra,orchestra,J,114,Orchestra Premium,5058,351.0,743.89,705.92,1,0,670ede44-395d-41b5-989b-dc65b69f5bf4,172917,831944c9-04f0-4772-ae47-b71386011a2d
orchestra,orchestra,J,116,Orchestra Premium,5058,351.0,715.7,708.92,1,0,670ede44-395d-41b5-989b-dc65b69f5bf4,172916,3baa21de-5f8c-473e-8166-e6fcaea8a604
orchestra,orchestra,J,118,Orchestra Premium,5058,351.0,687.54,712.19,1,0,670ede44-395d-41b5-989b-dc65b69f5bf4,172915,dad82c85-afbb-4c80-b056-fbfa95f4614c
orchestra,orchestra,J,120,Orchestra Premium,5058,351.0,659.41,715.72,1,0,670ede44-395d-41b5-989b-dc65b69f5bf4,172914,730ddf47-e24e-4102-a233-71f41a161d38
orchestra,orchestra,J,122,Orchestra Premium,5058,351.0,631.31,719.53,1,0,670ede44-395d-41b5-989b-dc65b69f5bf4,172913,8b503232-60aa-4371-abf4-b4a0bd608b68
orchestra,orchestra,J,124,Orchestra Premium,5058,351.0,603.25,724.61,1,0,670ede44-395d-41b5-989b-dc65b69f5bf4,172912,50703875-5e01-4773-b8e0-f2460f16d5e1
orchestra,orchestra,K,102,Orchestra Premium,5058,351.0,885.25,661.03,1,0,f0d28c1c-8d2c-428f-8c08-9460744e8853,172842,13b5ee44-6c84-407a-9665-fc4d3e4be6a8
orchestra,orchestra,K,104,Orchestra Premium,5058,351.0,856.94,662.29,1,0,f0d28c1c-8d2c-428f-8c08-9460744e8853,172841,225746e4-8add-4bcc-84a8-c5510e58b35b
orchestra,orchestra,K,106,Orchestra Premium2,5059,351.0,828.65,663.32,1,0,f0d28c1c-8d2c-428f-8c08-9460744e8853,172840,49f3d908-5f36-44ab-a1ed-6fdf5a263559
orchestra,orchestra,K,108,Orchestra Premium2,5059,351.0,800.38,664.91,1,0,f0d28c1c-8d2c-428f-8c08-9460744e8853,172839,fa808084-15ef-4960-8f2c-591f2ddf8569
orchestra,orchestra,K,110,Orchestra Premium2,5059,351.0,772.13,666.72,1,0,f0d28c1c-8d2c-428f-8c08-9460744e8853,172838,e66d953c-a367-408e-8015-d8cb2c104222
orchestra,orchestra,K,112,Orchestra Premium2,5059,351.0,743.91,668.83,1,0,f0d28c1c-8d2c-428f-8c08-9460744e8853,172837,f9ba048a-cf17-4a9c-9247-8cd34472341b
orchestra,orchestra,K,114,Orchestra Premium2,5059,351.0,715.71,671.72,1,0,f0d28c1c-8d2c-428f-8c08-9460744e8853,172836,f08e459b-af35-4b4f-9c19-df1547fc73d5
orchestra,orchestra,K,116,Orchestra Premium2,5059,351.0,687.54,674.88,1,0,f0d28c1c-8d2c-428f-8c08-9460744e8853,172835,bda93ee8-1a94-44d6-870d-d72685dc8a15
orchestra,orchestra,K,118,Orchestra Premium2,5059,351.0,659.4,678.3,1,0,f0d28c1c-8d2c-428f-8c08-9460744e8853,172834,9b2d730f-a4b2-4dda-87e7-c2951c4ad266
orchestra,orchestra,K,120,Orchestra Premium2,5059,351.0,631.29,682.0,1,0,f0d28c1c-8d2c-428f-8c08-9460744e8853,172833,f5173070-ea08-40c8-a6ae-11ba1c5c488c
orchestra,orchestra,K,122,Orchestra Premium2,5059,351.0,603.19,686.98,1,0,f0d28c1c-8d2c-428f-8c08-9460744e8853,172832,6ef0258d-5834-45d0-8727-4bafc0ca19ca
orchestra,orchestra,L,102,Orchestra Premium,5058,351.0,913.54,623.79,1,0,f0d28c1c-8d2c-428f-8c08-9460744e8853,172763,71eaa20b-8546-432c-a105-fc62e79dfb97
orchestra,orchestra,L,104,Orchestra Premium,5058,351.0,885.22,623.7,1,0,f0d28c1c-8d2c-428f-8c08-9460744e8853,172762,97eee65c-7755-4ace-b7cf-20d8278a731f
orchestra,orchestra,L,106,Orchestra Premium2,5059,351.0,856.91,625.02,1,0,f0d28c1c-8d2c-428f-8c08-9460744e8853,172761,3deb4335-c053-4514-953c-da19c6b99fbb
orchestra,orchestra,L,108,Orchestra Premium2,5059,351.0,828.62,626.12,1,0,f0d28c1c-8d2c-428f-8c08-9460744e8853,172760,79bc0be3-dc0a-4417-aefa-c534f7c32621
orchestra,orchestra,L,110,Orchestra Premium2,5059,351.0,800.36,627.77,1,0,f0d28c1c-8d2c-428f-8c08-9460744e8853,172759,60e2896d-f208-422d-b5da-9d508f743fc3
orchestra,orchestra,L,112,Orchestra Premium2,5059,351.0,772.12,629.66,1,0,f0d28c1c-8d2c-428f-8c08-9460744e8853,172758,5b08df10-9377-4b2e-98c4-d3a09a3630f9
orchestra,orchestra,L,114,Orchestra Premium2,5059,351.0,743.9,631.83,1,0,f0d28c1c-8d2c-428f-8c08-9460744e8853,172757,73eb1592-b251-4ff6-816c-96abe8274b11
orchestra,orchestra,L,116,Orchestra Premium2,5059,351.0,715.71,634.79,1,0,f0d28c1c-8d2c-428f-8c08-9460744e8853,172756,b5c8843f-d343-40f8-95d0-ec8a341eabe2
orchestra,orchestra,L,118,Orchestra Premium2,5059,351.0,687.54,638.01,1,0,f0d28c1c-8d2c-428f-8c08-9460744e8853,172755,0f2ed040-3adb-406f-8c36-193537b786ef
orchestra,orchestra,L,120,Orchestra Premium2,5059,351.0,659.4,641.5,1,0,f0d28c1c-8d2c-428f-8c08-9460744e8853,172754,db44ae43-a2ea-4a4d-9c7c-160750b6a6bd
orchestra,orchestra,L,122,Orchestra Premium2,5059,351.0,631.3,645.26,1,0,f0d28c1c-8d2c-428f-8c08-9460744e8853,172753,8f5e220d-6f8b-41ee-a110-e93414aa54e9
orchestra,orchestra,L,124,Orchestra Premium2,5059,351.0,603.23,650.31,17,0,f0d28c1c-8d2c-428f-8c08-9460744e8853,172752,9619dfe9-2cc4-4ea3-b38e-7b9180f8a2cf
orchestra,orchestra,M,102,Orchestra Premium,5058,351.0,885.26,587.04,1,0,f0d28c1c-8d2c-428f-8c08-9460744e8853,172682,f6e21c7e-44c4-475c-b8c2-d3e70a0801ec
orchestra,orchestra,M,104,Orchestra Premium,5058,351.0,856.95,588.28,1,0,f0d28c1c-8d2c-428f-8c08-9460744e8853,172681,94a4e3eb-63ce-46ac-b8fa-f081efe4db73
orchestra,orchestra,M,106,Orchestra Premium2,5059,351.0,828.66,589.3,1,0,f0d28c1c-8d2c-428f-8c08-9460744e8853,172680,475a6c31-3075-4df0-a1ff-726f64760a0c
orchestra,orchestra,M,110,Orchestra Premium2,5059,351.0,772.14,592.66,1,0,f0d28c1c-8d2c-428f-8c08-9460744e8853,172678,ee5bbfc0-d8d6-4300-90a8-3e342d384e57
orchestra,orchestra,M,112,Orchestra Premium2,5059,351.0,743.91,594.75,1,0,f0d28c1c-8d2c-428f-8c08-9460744e8853,172677,83efe3ae-11d7-495d-9d8d-59723d2b236a
orchestra,orchestra,M,114,Orchestra Premium2,5059,351.0,715.72,597.62,1,0,f0d28c1c-8d2c-428f-8c08-9460744e8853,172676,ceea4dc6-aef6-4265-8cac-bf05a95ecb16
orchestra,orchestra,M,116,Orchestra Premium2,5059,351.0,687.54,600.76,1,0,f0d28c1c-8d2c-428f-8c08-9460744e8853,172675,200f78de-991f-42ac-bafd-1e244d524f2d
orchestra,orchestra,M,118,Orchestra Premium2,5059,351.0,659.39,604.17,1,0,f0d28c1c-8d2c-428f-8c08-9460744e8853,172674,579264e1-46af-4827-a824-712569fc7c29
orchestra,orchestra,M,120,Orchestra Premium2,5059,351.0,631.28,607.85,1,0,f0d28c1c-8d2c-428f-8c08-9460744e8853,172673,1c08c604-ec4e-45bd-aea4-216562c0a1ff
orchestra,orchestra,M,122,Orchestra Premium2,5059,351.0,603.18,612.81,1,0,f0d28c1c-8d2c-428f-8c08-9460744e8853,172672,0d203f17-2423-4e42-9b1a-f3badc78452f
orchestra,orchestra,N,102,Orchestra Premium,5058,351.0,913.59,550.25,1,0,f0d28c1c-8d2c-428f-8c08-9460744e8853,172603,81c4583b-bc9b-42c5-ac2f-44a6eda9308e
orchestra,orchestra,N,104,Orchestra Premium,5058,351.0,885.27,550.05,1,0,f0d28c1c-8d2c-428f-8c08-9460744e8853,172602,261c8128-0c2f-4c13-9a02-82de47cdcc43
orchestra,orchestra,N,106,Orchestra Premium2,5059,351.0,856.95,551.28,1,0,f0d28c1c-8d2c-428f-8c08-9460744e8853,172601,721788bf-fb58-44e9-b882-28c6847524e7
orchestra,orchestra,N,108,Orchestra Premium2,5059,351.0,828.67,552.29,1,0,f0d28c1c-8d2c-428f-8c08-9460744e8853,172600,6566fe3a-0e29-4f17-b2e4-275f18f98df5
orchestra,orchestra,N,110,Orchestra Premium2,5059,351.0,800.39,553.84,1,0,f0d28c1c-8d2c-428f-8c08-9460744e8853,172599,808bd24f-5c96-4cac-861b-017ac640d97f
orchestra,orchestra,N,112,Orchestra Premium2,5059,351.0,772.14,555.63,1,0,f0d28c1c-8d2c-428f-8c08-9460744e8853,172598,cc29a5c3-0305-4847-9cb7-378b1a09b379
orchestra,orchestra,N,114,Orchestra Premium2,5059,351.0,743.91,557.71,1,0,f0d28c1c-8d2c-428f-8c08-9460744e8853,172597,96ccf6d8-281d-4888-8da9-1093bf56a602
orchestra,orchestra,N,116,Orchestra Premium2,5059,351.0,715.72,560.58,1,0,f0d28c1c-8d2c-428f-8c08-9460744e8853,172596,dc252099-158c-4c12-9e7b-881ea2ca54df
orchestra,orchestra,N,118,Orchestra Premium2,5059,351.0,687.54,563.7,1,0,f0d28c1c-8d2c-428f-8c08-9460744e8853,172595,03d1b389-e616-4726-b205-3f874209d27b
orchestra,orchestra,N,120,Orchestra Premium2,5059,351.0,659.39,567.1,1,0,f0d28c1c-8d2c-428f-8c08-9460744e8853,172594,98d5bd15-647b-4480-8af3-89efa4b10b80
orchestra,orchestra,N,122,Orchestra Premium2,5059,351.0,631.28,570.77,1,0,f0d28c1c-8d2c-428f-8c08-9460744e8853,172593,fb44c84c-2e42-4df7-879d-fc1136bbed8c
orchestra,orchestra,N,124,Orchestra Premium2,5059,351.0,603.18,575.72,1,0,f0d28c1c-8d2c-428f-8c08-9460744e8853,172592,51ee804a-aa03-4dd8-84b0-d491681d96f1
orchestra,orchestra,O,102,Orchestra Premium,5058,351.0,885.24,512.71,1,0,f0d28c1c-8d2c-428f-8c08-9460744e8853,172522,7097f762-0e53-4721-b31c-f84bef27eae6
orchestra,orchestra,O,104,Orchestra Premium,5058,351.0,856.92,514.0,1,0,f0d28c1c-8d2c-428f-8c08-9460744e8853,172521,84d0adf9-9063-45a0-b17c-3cd641dca6fc
orchestra,orchestra,O,106,Orchestra Premium2,5059,351.0,828.63,515.09,1,0,f0d28c1c-8d2c-428f-8c08-9460744e8853,172520,84c2ea56-173a-4ac0-a28a-09e62b436874
orchestra,orchestra,O,108,Orchestra Premium2,5059,351.0,800.36,516.71,1,0,f0d28c1c-8d2c-428f-8c08-9460744e8853,172519,f7220a40-4a94-48d8-a42a-d3804c9437c0
orchestra,orchestra,O,110,Orchestra Premium2,5059,351.0,772.12,518.56,1,0,f0d28c1c-8d2c-428f-8c08-9460744e8853,172518,2f143f24-5069-4269-927d-8f310ca6bb91
orchestra,orchestra,O,112,Orchestra Premium2,5059,351.0,743.9,520.71,1,0,f0d28c1c-8d2c-428f-8c08-9460744e8853,172517,51fb467c-950c-495a-81d7-0ee3aaa6648f
orchestra,orchestra,O,114,Orchestra Premium2,5059,351.0,715.71,523.64,1,0,f0d28c1c-8d2c-428f-8c08-9460744e8853,172516,acf5931d-0cf5-4945-a8f8-2c313f8ea83b
orchestra,orchestra,O,116,Orchestra Premium2,5059,351.0,687.54,526.84,1,0,f0d28c1c-8d2c-428f-8c08-9460744e8853,172515,f8ff21d8-c756-4138-9d2d-bc541e07f2a8
orchestra,orchestra,O,118,Orchestra Premium2,5059,351.0,659.4,530.3,1,0,f0d28c1c-8d2c-428f-8c08-9460744e8853,172514,c81cdfef-3748-4117-9701-cd54adbb9389
orchestra,orchestra,O,120,Orchestra Premium2,5059,351.0,631.3,534.04,1,0,f0d28c1c-8d2c-428f-8c08-9460744e8853,172513,8f3db5a3-5cc1-438e-929f-a606ae322a70
orchestra,orchestra,O,122,Orchestra Premium2,5059,351.0,603.21,539.06,1,0,f0d28c1c-8d2c-428f-8c08-9460744e8853,172512,b6bc451a-a270-4b17-8853-ef2d105d4967
orchestra,orchestra,P,102,Orchestra Premium,5058,351.0,913.58,476.07,1,0,f0d28c1c-8d2c-428f-8c08-9460744e8853,172443,25972e28-8ffc-47ba-82b1-2cc2e69121b5
orchestra,orchestra,P,104,Orchestra Premium,5058,351.0,885.26,475.9,1,0,f0d28c1c-8d2c-428f-8c08-9460744e8853,172442,06f2d5b2-9e19-420b-9b98-c4574d2bdbf3
orchestra,orchestra,P,106,Orchestra Premium2,5059,351.0,856.94,477.14,1,0,f0d28c1c-8d2c-428f-8c08-9460744e8853,172441,14ea6d8d-0741-4d2d-aa6b-85b7193a61cf
orchestra,orchestra,P,108,Orchestra Premium2,5059,351.0,828.66,478.17,1,0,f0d28c1c-8d2c-428f-8c08-9460744e8853,172440,b9c3fece-988e-4c81-acc9-bd9bd40b2e6a
orchestra,orchestra,P,110,Orchestra Premium2,5059,351.0,800.38,479.75,1,0,f0d28c1c-8d2c-428f-8c08-9460744e8853,172439,feb3c4e8-3cfd-4a2d-98e6-5d679b8b128f
orchestra,orchestra,P,112,Orchestra Premium2,5059,351.0,772.13,481.55,1,0,f0d28c1c-8d2c-428f-8c08-9460744e8853,172438,5411b036-080f-4339-8f5e-30a842816193
orchestra,orchestra,P,114,Orchestra Premium2,5059,351.0,743.91,483.65,1,0,f0d28c1c-8d2c-428f-8c08-9460744e8853,172437,6b47c5a1-bd13-49dd-b261-d66b80f03569
orchestra,orchestra,P,116,Orchestra Premium2,5059,351.0,715.71,486.54,1,0,f0d28c1c-8d2c-428f-8c08-9460744e8853,172436,a833b9d8-f30e-484e-9dea-5b89042a60c1
orchestra,orchestra,P,118,Orchestra Premium2,5059,351.0,687.54,489.69,1,0,f0d28c1c-8d2c-428f-8c08-9460744e8853,172435,71a81900-f017-483b-a54a-56a20aa32deb
orchestra,orchestra,P,120,Orchestra Premium2,5059,351.0,659.39,493.1,1,0,f0d28c1c-8d2c-428f-8c08-9460744e8853,172434,8853080e-3062-431c-b1f8-887d7a735e24
orchestra,orchestra,P,122,Orchestra Premium2,5059,351.0,631.28,496.79,1,0,f0d28c1c-8d2c-428f-8c08-9460744e8853,172433,ad6af9f2-4516-42c5-9ea6-e7aade31e54b
orchestra,orchestra,P,124,Orchestra Premium2,5059,351.0,603.19,501.76,1,0,f0d28c1c-8d2c-428f-8c08-9460744e8853,172432,0fd6095a-6d6b-4c43-be4f-f4835bc8dd27
orchestra,orchestra,R,102,Orchestra Premium,5058,351.0,885.23,438.6,1,0,f0d28c1c-8d2c-428f-8c08-9460744e8853,172362,c855dc92-e9ad-4c6b-a2ff-908731372957
orchestra,orchestra,R,104,Orchestra Premium,5058,351.0,856.92,439.9,1,0,f0d28c1c-8d2c-428f-8c08-9460744e8853,172361,7a2db297-b759-478c-881b-92f963e87bda
orchestra,orchestra,R,106,Orchestra 3,5060,202.0,828.63,440.99,1,0,f0d28c1c-8d2c-428f-8c08-9460744e8853,172360,b9a84f88-4b52-4ae4-9220-766e5dc92ff8
orchestra,orchestra,R,108,Orchestra 3,5060,202.0,800.36,442.62,1,0,f0d28c1c-8d2c-428f-8c08-9460744e8853,172359,296f9fad-4bee-4306-9457-fd0d681fc3eb
orchestra,orchestra,R,110,Orchestra 3,5060,202.0,772.12,444.49,1,0,f0d28c1c-8d2c-428f-8c08-9460744e8853,172358,4f180788-d10a-4927-8fc8-8c801a491dd0
orchestra,orchestra,R,112,Orchestra 3,5060,202.0,743.9,446.65,1,0,f0d28c1c-8d2c-428f-8c08-9460744e8853,172357,2659b8c9-0e59-4b7d-bb8e-81d5b5719721
orchestra,orchestra,R,114,Orchestra 3,5060,202.0,715.71,449.59,1,0,f0d28c1c-8d2c-428f-8c08-9460744e8853,172356,35a96029-05fc-42e7-adab-90eb1404dbe6
orchestra,orchestra,R,116,Orchestra 3,5060,202.0,687.54,452.8,1,0,f0d28c1c-8d2c-428f-8c08-9460744e8853,172355,00f0a306-e6a8-4cb3-bf2e-30dd523ceafa
orchestra,orchestra,R,118,Orchestra 3,5060,202.0,659.4,456.27,1,0,f0d28c1c-8d2c-428f-8c08-9460744e8853,172354,103b97c1-4480-4fa3-9f75-4cf73683082b
orchestra,orchestra,R,120,Orchestra Premium2,5059,351.0,631.3,460.02,1,0,f0d28c1c-8d2c-428f-8c08-9460744e8853,172353,7e391417-e32c-4bb0-a219-7a534ae4a6c2
orchestra,orchestra,R,122,Orchestra Premium2,5059,351.0,603.22,465.05,1,0,f0d28c1c-8d2c-428f-8c08-9460744e8853,172352,b8751fbd-bd8a-439b-8357-400f8e7f223b
orchestra,orchestra,S,102,Orchestra Premium,5058,351.0,913.53,401.51,1,0,f0d28c1c-8d2c-428f-8c08-9460744e8853,172283,a555f9e3-5673-4a7c-9521-44f735efd225
orchestra,orchestra,S,104,Orchestra Premium,5058,351.0,885.21,401.43,1,0,f0d28c1c-8d2c-428f-8c08-9460744e8853,172282,137356ab-db8d-4948-a9dc-f3c0127da526
orchestra,orchestra,S,106,Orchestra 3,5060,202.0,856.91,402.76,1,0,f0d28c1c-8d2c-428f-8c08-9460744e8853,172281,a0b684ac-ef35-4365-a90a-49afbf9ed852
orchestra,orchestra,S,108,Orchestra 3,5060,202.0,828.62,403.87,1,0,f0d28c1c-8d2c-428f-8c08-9460744e8853,172280,2085a397-4631-4114-9c2b-31a67feaabc4
orchestra,orchestra,S,110,Orchestra 3,5060,202.0,800.35,405.54,1,0,f0d28c1c-8d2c-428f-8c08-9460744e8853,172279,1bc60591-3ac9-4b38-b017-9d35b170dbf0
orchestra,orchestra,S,112,Orchestra 3,5060,202.0,772.12,407.44,1,0,f0d28c1c-8d2c-428f-8c08-9460744e8853,172278,b8573739-5f9b-4107-8b00-1932f30b281e
orchestra,orchestra,S,114,Orchestra 3,5060,202.0,743.9,409.63,1,0,f0d28c1c-8d2c-428f-8c08-9460744e8853,172277,684cfaa7-2774-4e07-a312-fea81c05843b
orchestra,orchestra,S,116,Orchestra 3,5060,202.0,715.71,412.6,1,0,f0d28c1c-8d2c-428f-8c08-9460744e8853,172276,4994182b-ba5c-48af-910a-e098376a0289
orchestra,orchestra,S,118,Orchestra 3,5060,202.0,687.54,415.84,1,0,f0d28c1c-8d2c-428f-8c08-9460744e8853,172275,3d713751-8c97-4f9e-9594-1dfca7b6e417
orchestra,orchestra,S,120,Orchestra 3,5060,202.0,659.41,419.34,1,0,f0d28c1c-8d2c-428f-8c08-9460744e8853,172274,68545560-82b0-4751-983b-44400eb51385
orchestra,orchestra,S,122,Orchestra Premium2,5059,351.0,631.31,423.12,1,0,f0d28c1c-8d2c-428f-8c08-9460744e8853,172273,b491eb06-d0e9-4ba3-b0e6-677009f4ec25
orchestra,orchestra,S,124,Orchestra Premium2,5059,351.0,603.23,428.18,17,0,f0d28c1c-8d2c-428f-8c08-9460744e8853,172272,e047ef6d-690e-43ee-bfe5-4bbdd139c0f8
orchestra,orchestra,T,102,Orchestra Premium,5058,351.0,885.31,365.31,1,0,f0d28c1c-8d2c-428f-8c08-9460744e8853,172202,d5329f19-f58e-4f76-8497-a3fe79406677
orchestra,orchestra,T,104,Orchestra Premium,5058,351.0,856.99,366.44,1,0,f0d28c1c-8d2c-428f-8c08-9460744e8853,172201,5ff7abe2-5eec-402e-9535-6b5769e45b13
orchestra,orchestra,T,106,Orchestra 3,5060,202.0,828.7,367.36,1,0,f0d28c1c-8d2c-428f-8c08-9460744e8853,172200,cc30898e-8178-40ee-a115-971e3da89199
orchestra,orchestra,T,108,Orchestra 3,5060,202.0,800.42,368.82,1,0,f0d28c1c-8d2c-428f-8c08-9460744e8853,172199,713e4c57-8431-4e97-bad8-a70fd514187f
orchestra,orchestra,T,110,Orchestra 3,5060,202.0,772.17,370.51,1,0,f0d28c1c-8d2c-428f-8c08-9460744e8853,172198,d230b7bf-ee02-430f-857f-d3ce28e52f6f
orchestra,orchestra,T,112,Orchestra 3,5060,202.0,743.94,372.5,1,0,f0d28c1c-8d2c-428f-8c08-9460744e8853,172197,ad6050a2-3209-4341-879f-1f406df2a677
orchestra,orchestra,T,114,Orchestra 3,5060,202.0,715.72,375.26,1,0,f0d28c1c-8d2c-428f-8c08-9460744e8853,172196,dbdbdc2a-530e-41ef-937c-6e5a2d0b0311
orchestra,orchestra,T,116,Orchestra 3,5060,202.0,687.54,378.3,1,0,f0d28c1c-8d2c-428f-8c08-9460744e8853,172195,1576cb7d-5f0f-481d-85a2-ae31dc6411f1
orchestra,orchestra,T,118,Orchestra 3,5060,202.0,659.38,381.6,1,0,f0d28c1c-8d2c-428f-8c08-9460744e8853,172194,81e7f1e6-b518-4587-8cd8-572ac806f274
orchestra,orchestra,T,120,Orchestra Premium2,5059,351.0,631.25,385.17,1,0,f0d28c1c-8d2c-428f-8c08-9460744e8853,172193,b9f7ab21-212b-4894-9cc4-3ad030b4d3fb
orchestra,orchestra,T,122,Orchestra Premium2,5059,351.0,603.14,390.03,1,0,f0d28c1c-8d2c-428f-8c08-9460744e8853,172192,d9364b37-8dcc-4591-b3f7-a88352f31675
orchestra,orchestra,U,102,Orchestra Premium,5058,351.0,913.65,328.74,1,0,dd2b485b-c78a-48dd-90b8-951f76d5ee20,172123,aed61abe-7f4b-485b-bafa-9742d18787e0
orchestra,orchestra,U,104,Orchestra Premium,5058,351.0,885.33,328.42,1,0,dd2b485b-c78a-48dd-90b8-951f76d5ee20,172122,fdc3d2ff-6407-43e1-a9e8-d8cd2373eeec
orchestra,orchestra,U,106,Orchestra 3,5060,202.0,857.0,329.52,1,0,dd2b485b-c78a-48dd-90b8-951f76d5ee20,172121,d5aed33d-79b0-4d4e-9536-7e3edc6fc19f
orchestra,orchestra,U,108,Orchestra 3,5060,202.0,828.71,330.4,1,0,dd2b485b-c78a-48dd-90b8-951f76d5ee20,172120,acd4df69-f3b8-4bcf-9451-b6ad5ed8a18f
orchestra,orchestra,U,110,Orchestra 3,5060,202.0,800.43,331.83,1,0,dd2b485b-c78a-48dd-90b8-951f76d5ee20,172119,b58d1b74-b6a2-47d4-826a-b7609d50cd11
orchestra,orchestra,U,112,Orchestra 3,5060,202.0,772.18,333.49,1,0,dd2b485b-c78a-48dd-90b8-951f76d5ee20,172118,a477882e-de91-436f-af03-381f1501b91a
orchestra,orchestra,U,114,Orchestra 3,5060,202.0,743.94,335.44,1,0,dd2b485b-c78a-48dd-90b8-951f76d5ee20,172117,28e340aa-84f5-4a08-bda5-6653bc58a068
orchestra,orchestra,U,116,Orchestra 3,5060,202.0,715.73,338.18,1,0,dd2b485b-c78a-48dd-90b8-951f76d5ee20,172116,a67d3ff2-ed05-4852-a43f-add26b7ab40b
orchestra,orchestra,U,118,Orchestra 3,5060,202.0,687.54,341.18,1,0,dd2b485b-c78a-48dd-90b8-951f76d5ee20,172115,6bb8fba3-8d92-4e64-bcfe-eb8d272d4a94
orchestra,orchestra,U,120,Orchestra 3,5060,202.0,659.38,344.46,1,0,dd2b485b-c78a-48dd-90b8-951f76d5ee20,172114,74de4ba5-12ac-4f78-bcb7-51a61af81f9b
orchestra,orchestra,U,122,Orchestra Premium2,5059,351.0,631.24,347.99,1,0,dd2b485b-c78a-48dd-90b8-951f76d5ee20,172113,31acd55b-9695-4ce1-9d62-6b16b65f5ad6
orchestra,orchestra,U,124,Orchestra Premium2,5059,351.0,603.13,352.82,1,0,dd2b485b-c78a-48dd-90b8-951f76d5ee20,172112,002da6ca-e1ec-4cb7-8a8e-f761207fec0a
orchestra,orchestra,V,102,Orchestra 3,5060,202.0,885.33,291.4,1,0,dd2b485b-c78a-48dd-90b8-951f76d5ee20,172042,d8e2bac0-08d8-4c4b-8652-df2c0580ad1f
orchestra,orchestra,V,104,Orchestra 3,5060,202.0,857.01,292.5,1,0,dd2b485b-c78a-48dd-90b8-951f76d5ee20,172041,741221fe-36c9-4b57-9b2c-ef2215154709
orchestra,orchestra,V,106,Orchestra 3,5060,202.0,828.71,293.37,1,0,dd2b485b-c78a-48dd-90b8-951f76d5ee20,172040,8551fb38-6a0b-4bf6-beaf-e620daefcb42
orchestra,orchestra,V,108,Orchestra 3,5060,202.0,800.43,294.8,1,0,dd2b485b-c78a-48dd-90b8-951f76d5ee20,172039,546c5720-d98b-40fb-bb12-4fab45bda152
orchestra,orchestra,V,110,Orchestra 3,5060,202.0,772.18,296.46,1,0,dd2b485b-c78a-48dd-90b8-951f76d5ee20,172038,e594ade9-71f2-4253-9448-561301cba8ed
orchestra,orchestra,V,112,Orchestra 3,5060,202.0,743.94,298.41,1,0,dd2b485b-c78a-48dd-90b8-951f76d5ee20,172037,e8c2d6c4-0b71-4525-9108-0695c733dbdf
orchestra,orchestra,V,114,Orchestra 3,5060,202.0,715.73,301.14,1,0,dd2b485b-c78a-48dd-90b8-951f76d5ee20,172036,03970698-4f07-44f1-82f5-ec42d2d6837c
orchestra,orchestra,V,116,Orchestra 3,5060,202.0,687.54,304.14,1,0,dd2b485b-c78a-48dd-90b8-951f76d5ee20,172035,64c0ec6a-1761-4a02-8500-ec2ea23f5c9a
orchestra,orchestra,V,118,Orchestra 3,5060,202.0,659.37,307.41,1,0,dd2b485b-c78a-48dd-90b8-951f76d5ee20,172034,49389ec2-5ce4-4821-a9d1-c95d2b5d9ef4
orchestra,orchestra,V,120,Orchestra 3,5060,202.0,631.24,310.94,1,0,dd2b485b-c78a-48dd-90b8-951f76d5ee20,172033,e0a8e3d9-dd90-4b0c-893d-c4d72ab1bd4a
orchestra,orchestra,V,122,Orchestra 3,5060,202.0,603.13,315.77,1,0,dd2b485b-c78a-48dd-90b8-951f76d5ee20,172032,a84fe8b4-10bf-445c-bbc5-1d7f224c0ee5
orchestra,orchestra,W,102,Orchestra 3,5060,202.0,913.61,254.21,1,0,dd2b485b-c78a-48dd-90b8-951f76d5ee20,171963,a5bb46ca-e88f-40a7-a428-3fdbe2f935df
orchestra,orchestra,W,104,Orchestra 3,5060,202.0,885.29,253.97,1,0,dd2b485b-c78a-48dd-90b8-951f76d5ee20,171962,66474950-f663-460e-ba0e-405d65c27c4f
orchestra,orchestra,W,106,Orchestra 3,5060,202.0,856.97,255.15,1,0,dd2b485b-c78a-48dd-90b8-951f76d5ee20,171961,3e023c5c-3a8a-49be-9198-72ec486e8c3c
orchestra,orchestra,W,108,Orchestra 3,5060,202.0,828.68,256.12,1,0,dd2b485b-c78a-48dd-90b8-951f76d5ee20,171960,9c6dc773-8f74-4e65-b5fb-8190bfa1ad0b
orchestra,orchestra,W,110,Orchestra 3,5060,202.0,800.4,257.63,1,0,dd2b485b-c78a-48dd-90b8-951f76d5ee20,171959,8beabe8d-b0b6-4613-b3db-f6c89758f52a
orchestra,orchestra,W,112,Orchestra 3,5060,202.0,772.15,259.38,1,0,dd2b485b-c78a-48dd-90b8-951f76d5ee20,171958,26da756a-e1d4-4c2d-b887-03a978c0e9f0
orchestra,orchestra,W,114,Orchestra 3,5060,202.0,743.93,261.42,1,0,dd2b485b-c78a-48dd-90b8-951f76d5ee20,171957,fdec78de-cd04-4e9b-a35b-5a0ceca110bc
orchestra,orchestra,W,116,Orchestra 3,5060,202.0,715.72,264.24,1,0,dd2b485b-c78a-48dd-90b8-951f76d5ee20,171956,2f411b75-2c17-4f4f-830b-44260948358c
orchestra,orchestra,W,118,Orchestra 3,5060,202.0,687.54,267.32,1,0,dd2b485b-c78a-48dd-90b8-951f76d5ee20,171955,1710c42b-c4c7-4ed5-b3c8-3f6e85defc02
orchestra,orchestra,W,120,Orchestra 3,5060,202.0,659.39,270.68,1,0,dd2b485b-c78a-48dd-90b8-951f76d5ee20,171954,3266aaf3-b8d1-4f2d-8ef9-80eb3a1c0a73
orchestra,orchestra,W,122,Orchestra 3,5060,202.0,631.27,274.31,1,0,dd2b485b-c78a-48dd-90b8-951f76d5ee20,171953,33c39384-9540-4811-9a9c-7ec57a06f0c3
orchestra,orchestra,W,124,Orchestra 3,5060,202.0,603.17,279.21,17,0,dd2b485b-c78a-48dd-90b8-951f76d5ee20,171952,ee241786-6c80-485b-95ef-c981d5ac83ad
orchestra,orchestra,X,102,Orchestra 4,5061,139.0,885.35,217.5,17,0,dd2b485b-c78a-48dd-90b8-951f76d5ee20,174199,c406e29d-66f5-4823-b22b-49f7228187eb
orchestra,orchestra,X,104,Orchestra 4,5061,139.0,857.02,218.57,1,0,dd2b485b-c78a-48dd-90b8-951f76d5ee20,174198,8b5c4d50-fe58-449f-a35e-ec323484a167
orchestra,orchestra,X,106,Orchestra 4,5061,139.0,828.73,219.4,1,0,dd2b485b-c78a-48dd-90b8-951f76d5ee20,174197,c722ba2d-9f06-4111-b6ec-1922de2a45d6
orchestra,orchestra,X,108,Orchestra 4,5061,139.0,800.44,220.79,1,0,dd2b485b-c78a-48dd-90b8-951f76d5ee20,174196,d3f871f6-0ffd-4c36-9448-13eb3c8509ad
orchestra,orchestra,X,110,Orchestra 4,5061,139.0,772.19,222.41,1,0,dd2b485b-c78a-48dd-90b8-951f76d5ee20,174195,86492b88-517e-4cb7-bc17-92f5633b7486
orchestra,orchestra,X,112,Orchestra 4,5061,139.0,743.95,224.32,1,0,dd2b485b-c78a-48dd-90b8-951f76d5ee20,174194,bd121197-8a0c-4783-957b-3a1ed7f19272
orchestra,orchestra,X,114,Orchestra 4,5061,139.0,715.74,227.02,1,0,dd2b485b-c78a-48dd-90b8-951f76d5ee20,174193,c6c4734f-c1ca-4b5b-a5f5-10cc613e6603
orchestra,orchestra,X,116,Orchestra 4,5061,139.0,687.54,229.97,1,0,dd2b485b-c78a-48dd-90b8-951f76d5ee20,174192,24651f43-1003-4e17-a566-1d42032f685b
orchestra,orchestra,X,118,Orchestra 4,5061,139.0,659.37,233.2,1,0,dd2b485b-c78a-48dd-90b8-951f76d5ee20,174191,7aca9d95-f2a7-40a4-ac78-57fa8a8ba8a1
orchestra,orchestra,X,120,Orchestra 4,5061,139.0,631.24,236.7,1,0,dd2b485b-c78a-48dd-90b8-951f76d5ee20,174190,e720de94-99cd-4190-b735-667639ca7866
orchestra,orchestra,X,122,Orchestra 4,5061,139.0,603.11,241.48,1,0,dd2b485b-c78a-48dd-90b8-951f76d5ee20,174189,1f4e285c-fc82-450d-b8f6-80fffda98be1
orchestra,orchestra,Y,102,Orchestra 4,5061,139.0,913.67,180.92,1,0,dd2b485b-c78a-48dd-90b8-951f76d5ee20,174120,6c208827-1aab-492b-8c5f-60b58761557f
orchestra,orchestra,Y,104,Orchestra 4,5061,139.0,885.35,180.53,1,0,dd2b485b-c78a-48dd-90b8-951f76d5ee20,174119,b67d3088-b077-4f7b-862c-ed9cf2c947d1
orchestra,orchestra,Y,106,Orchestra 4,5061,139.0,857.03,181.58,1,0,dd2b485b-c78a-48dd-90b8-951f76d5ee20,174118,8e224d71-5492-4ce5-9d87-ec7e4164515a
orchestra,orchestra,Y,108,Orchestra 4,5061,139.0,828.73,182.4,1,0,dd2b485b-c78a-48dd-90b8-951f76d5ee20,174117,2d3a2dd9-a86d-41e4-ae35-87a8027753c5
orchestra,orchestra,Y,110,Orchestra 4,5061,139.0,800.45,183.78,1,0,dd2b485b-c78a-48dd-90b8-951f76d5ee20,174116,4ada4ea4-d612-4503-b4c4-536ab591a531
orchestra,orchestra,Y,112,Orchestra 4,5061,139.0,772.19,185.38,1,0,dd2b485b-c78a-48dd-90b8-951f76d5ee20,174115,f4c5ea22-0af0-46fc-9cff-1a2871d3e91d
orchestra,orchestra,Y,114,Orchestra 4,5061,139.0,743.95,187.28,1,0,dd2b485b-c78a-48dd-90b8-951f76d5ee20,174114,f20b85dc-51cd-4969-8a53-d06d6d544afa
orchestra,orchestra,Y,116,Orchestra 4,5061,139.0,715.74,189.96,1,0,dd2b485b-c78a-48dd-90b8-951f76d5ee20,174113,99c08067-8fe6-4f0d-a23b-1f2a84e34046
orchestra,orchestra,Y,118,Orchestra 4,5061,139.0,687.54,192.9,1,0,dd2b485b-c78a-48dd-90b8-951f76d5ee20,174112,93e80390-eab0-4b12-82c5-4cf041b86cf6
orchestra,orchestra,Y,120,Orchestra 4,5061,139.0,659.37,196.12,1,0,dd2b485b-c78a-48dd-90b8-951f76d5ee20,174111,11020cb7-900c-4622-bf10-42eaf764f586
orchestra,orchestra,Y,122,Orchestra 4,5061,139.0,631.23,199.61,1,0,dd2b485b-c78a-48dd-90b8-951f76d5ee20,174110,13db555c-8150-4059-8df3-11e039cf1819
orchestra,orchestra,Y,124,Orchestra 4,5061,139.0,603.11,204.37,22,0,dd2b485b-c78a-48dd-90b8-951f76d5ee20,174109,2214bfec-fa46-4187-802c-695cc2556a50
orchestra,orchestra,Z,102,Orchestra 4,5061,139.0,885.37,143.66,22,0,dd2b485b-c78a-48dd-90b8-951f76d5ee20,174039,4e411fb8-17c0-42a7-a325-b66e9e3e0ac1
orchestra,orchestra,Z,104,Orchestra 4,5061,139.0,857.04,144.67,1,0,dd2b485b-c78a-48dd-90b8-951f76d5ee20,174038,b21771d8-9e4a-4ce1-86fe-dea5718d44d5
orchestra,orchestra,Z,106,Orchestra 4,5061,139.0,828.75,145.46,1,0,dd2b485b-c78a-48dd-90b8-951f76d5ee20,174037,374b2e61-ba14-4fe1-88ae-d45bb454e654
orchestra,orchestra,Z,108,Orchestra 4,5061,139.0,800.46,146.8,1,0,dd2b485b-c78a-48dd-90b8-951f76d5ee20,174036,4bc04d2f-9522-41e8-b46c-2728e7daf728
orchestra,orchestra,Z,110,Orchestra 4,5061,139.0,772.2,148.36,1,0,dd2b485b-c78a-48dd-90b8-951f76d5ee20,174035,41c7faee-55ff-452d-b336-bf5b65cc905f
orchestra,orchestra,Z,112,Orchestra 4,5061,139.0,743.96,150.23,1,0,dd2b485b-c78a-48dd-90b8-951f76d5ee20,174034,6db898f5-56e5-4227-82f0-380c2431322e
orchestra,orchestra,Z,114,Orchestra 4,5061,139.0,715.74,152.87,1,0,dd2b485b-c78a-48dd-90b8-951f76d5ee20,174033,132333e6-cab4-44ec-93b1-c6f1a3a15de8
orchestra,orchestra,Z,116,Orchestra 4,5061,139.0,687.54,155.78,1,0,dd2b485b-c78a-48dd-90b8-951f76d5ee20,174032,d1c8cc36-ea06-4d59-9b3e-0e4304b12806
orchestra,orchestra,Z,118,Orchestra 4,5061,139.0,659.37,158.96,1,0,dd2b485b-c78a-48dd-90b8-951f76d5ee20,174031,590b3eb6-32c6-4fed-8b21-cd5955a4c4b7
orchestra,orchestra,Z,120,Orchestra 4,5061,139.0,631.22,162.41,1,0,dd2b485b-c78a-48dd-90b8-951f76d5ee20,174030,5e44d17c-77d5-4c0b-8e57-804896b91c1d
orchestra,orchestra,Z,122,Orchestra 4,5061,139.0,603.09,167.14,1,0,dd2b485b-c78a-48dd-90b8-951f76d5ee20,174029,2d4f6859-ce29-4446-b846-8e763eb822d0
orchestra,orchestra,ZZ,102,Orc 4 Accessible,5062,139.0,911.72,107.68,18,0,dd2b485b-c78a-48dd-90b8-951f76d5ee20,173880,2daee668-fff1-489a-a7de-99b1093ff123
orchestra,orchestra,ZZ,104,Orc 4 Accessible,5062,139.0,883.41,108.19,15,0,dd2b485b-c78a-48dd-90b8-951f76d5ee20,173879,13263f59-e722-46f2-98cc-51168f9eb39e
orchestra,orchestra,ZZ,106,Orc 4 Accessible,5062,139.0,855.08,109.12,8,0,dd2b485b-c78a-48dd-90b8-951f76d5ee20,173878,659370bb-50f8-47a0-bf69-d388d8e5beda
orchestra,orchestra,ZZ,108,Orc 4 Accessible,5062,139.0,826.78,109.82,18,0,dd2b485b-c78a-48dd-90b8-951f76d5ee20,173877,a9ce2649-017b-43f5-8026-7a8317b01f11
orchestra,orchestra,ZZ,110,Orc 4 Accessible,5062,139.0,798.49,111.08,18,0,dd2b485b-c78a-48dd-90b8-951f76d5ee20,173876,6ade1c0a-b802-4dc7-ba41-1369f48552d4
orchestra,orchestra,ZZ,112,Orc 4 Accessible,5062,139.0,770.23,112.57,13,0,dd2b485b-c78a-48dd-90b8-951f76d5ee20,173875,a37ff526-0bdc-4e04-ba42-ea760ff62a35
orchestra,orchestra,ZZ,114,Orc 4 Accessible,5062,139.0,741.98,114.36,15,0,dd2b485b-c78a-48dd-90b8-951f76d5ee20,173874,927e49ab-cd9f-474c-b9fc-2943d572b9f6
orchestra,orchestra,ZZ,116,Orc 4 Accessible,5062,139.0,713.75,116.93,8,0,dd2b485b-c78a-48dd-90b8-951f76d5ee20,173873,399c9f37-fd57-4fef-8b77-09235cd1a0e8
orchestra,orchestra,ZZ,118,Orc 4 Accessible,5062,139.0,685.54,119.75,18,0,dd2b485b-c78a-48dd-90b8-951f76d5ee20,173872,c6538a6a-f743-4a3d-8cf5-2841bfd5180b
orchestra,orchestra,ZZ,120,Orc 4 Accessible,5062,139.0,657.37,122.85,15,0,dd2b485b-c78a-48dd-90b8-951f76d5ee20,173871,df6c3514-4ff3-46f6-8b79-7d4145682d56
orchestra,orchestra,ZZ,122,Orc 4 Accessible,5062,139.0,629.21,126.22,8,0,dd2b485b-c78a-48dd-90b8-951f76d5ee20,173870,d4c29f46-6697-49e0-be3a-3dd414ac52ac
orchestra,orchestra,ZZ,124,Orc 4 Accessible,5062,139.0,601.07,129.88,18,0,dd2b485b-c78a-48dd-90b8-951f76d5ee20,173869,1146a723-3045-425a-900b-96d5beebf473
orchestra,orchestra,A,1,Orchestra Premium,5058,351.0,1339.47,1032.85,1,0,ecb089b1-c626-41b4-b2d1-0fc62a304774,173582,3bb48ee3-13ff-4611-b0ca-d474d2854f42
orchestra,orchestra,A,3,Orchestra Premium,5058,351.0,1368.6,1039.27,1,0,ecb089b1-c626-41b4-b2d1-0fc62a304774,173583,7b372146-880c-4e31-b7bd-be75b96de308
orchestra,orchestra,A,5,Orchestra 3,5060,202.0,1397.72,1045.96,1,0,ecb089b1-c626-41b4-b2d1-0fc62a304774,173584,85c7dbb9-911c-493b-b689-413e08216f44
orchestra,orchestra,A,7,Orchestra 3,5060,202.0,1426.84,1052.93,1,0,ecb089b1-c626-41b4-b2d1-0fc62a304774,173585,ad478893-25ac-45f0-b138-96d70c3ea77b
orchestra,orchestra,A,9,Orchestra 4,5061,139.0,1455.95,1061.18,1,0,ecb089b1-c626-41b4-b2d1-0fc62a304774,173586,17f7f2b0-21ad-41af-9174-ea5016195d4b
orchestra,orchestra,A,11,Orchestra 4,5061,139.0,1485.05,1069.73,1,0,ecb089b1-c626-41b4-b2d1-0fc62a304774,173587,3b451931-4da0-4251-962c-debac635d3ac
orchestra,orchestra,A,13,Orchestra 4,5061,139.0,1514.15,1079.63,1,0,ecb089b1-c626-41b4-b2d1-0fc62a304774,173588,b50fb7e1-ae11-4b7c-8fa8-5d2e7fbfd33f
orchestra,orchestra,A,15,Orchestra 4,5061,139.0,1543.24,1090.89,1,0,ecb089b1-c626-41b4-b2d1-0fc62a304774,173589,c3fb9d39-6984-480d-8bbb-efb32b57bf85
orchestra,orchestra,B,1,Orchestra Premium,5058,351.0,1340.87,995.19,17,0,ecb089b1-c626-41b4-b2d1-0fc62a304774,173502,9233b2cb-d687-40fc-b6f7-59e5c788284b
orchestra,orchestra,B,3,Orchestra Premium,5058,351.0,1370.55,1001.15,1,0,ecb089b1-c626-41b4-b2d1-0fc62a304774,173503,64a9f689-463d-4ff3-81e7-7e62e0dd0c3e
orchestra,orchestra,B,5,Orchestra 3,5060,202.0,1400.22,1008.38,1,0,ecb089b1-c626-41b4-b2d1-0fc62a304774,173504,9c324dc9-15d6-4bed-8470-06c8583f154d
orchestra,orchestra,B,7,Orchestra 3,5060,202.0,1429.88,1015.88,1,0,ecb089b1-c626-41b4-b2d1-0fc62a304774,173505,fc91de09-2ec3-4dea-844f-11686d51fa80
orchestra,orchestra,B,9,Orchestra 4,5061,139.0,1459.55,1023.67,1,0,ecb089b1-c626-41b4-b2d1-0fc62a304774,173506,d0173e01-cbe1-4099-92bd-382b77549aea
orchestra,orchestra,B,11,Orchestra 4,5061,139.0,1489.22,1032.76,1,0,ecb089b1-c626-41b4-b2d1-0fc62a304774,173507,ac4ef75e-7990-46f8-b555-95987793b44d
orchestra,orchestra,B,13,Orchestra 4,5061,139.0,1518.88,1042.19,1,0,ecb089b1-c626-41b4-b2d1-0fc62a304774,173508,186a10e5-a22b-42d4-9bdc-eb519d4e045e
orchestra,orchestra,B,15,Orchestra 4,5061,139.0,1548.53,1052.99,1,0,ecb089b1-c626-41b4-b2d1-0fc62a304774,173509,9fcede91-7379-4ffa-bbaa-1f26990aabe4
orchestra,orchestra,C,1,Orchestra Premium,5058,351.0,1339.31,957.17,1,0,ecb089b1-c626-41b4-b2d1-0fc62a304774,173422,b88caaad-4e77-42e0-a80f-ab6724153a2d
orchestra,orchestra,C,3,Orchestra Premium,5058,351.0,1366.48,963.64,1,0,ecb089b1-c626-41b4-b2d1-0fc62a304774,173423,bca58a84-1284-4fab-a91d-0badc28ffbb8
orchestra,orchestra,C,5,Orchestra 3,5060,202.0,1393.58,968.38,1,0,ecb089b1-c626-41b4-b2d1-0fc62a304774,173424,16109eac-5869-4d0b-9add-5c615c8d9b0c
orchestra,orchestra,C,7,Orchestra 3,5060,202.0,1420.61,975.4,1,0,ecb089b1-c626-41b4-b2d1-0fc62a304774,173425,8165922c-7d13-4ec6-a46d-8db8cbf12013
orchestra,orchestra,C,9,Orchestra 4,5061,139.0,1447.57,981.71,1,0,ecb089b1-c626-41b4-b2d1-0fc62a304774,173426,3a9d2cd2-134c-477b-ac49-edc226784561
orchestra,orchestra,C,11,Orchestra 4,5061,139.0,1474.45,990.29,1,0,ecb089b1-c626-41b4-b2d1-0fc62a304774,173427,9d303201-03aa-4f02-8a23-a29190c05d35
orchestra,orchestra,C,13,Orchestra 4,5061,139.0,1501.25,998.17,1,0,ecb089b1-c626-41b4-b2d1-0fc62a304774,173428,50e86cc0-6c17-4751-9661-19d5eb04e011
orchestra,orchestra,C,15,Orchestra 4,5061,139.0,1527.94,1007.39,1,0,6aab4c77-323f-4599-8029-8733f21f5718,173429,333bfdc4-4b90-4c59-84bc-699d6ce5bfff
orchestra,orchestra,C,17,Orchestra 4,5061,139.0,1554.52,1016.99,1,0,6aab4c77-323f-4599-8029-8733f21f5718,173430,b396e4af-a10c-4a05-adcf-053d1820cb48
orchestra,orchestra,D,1,Orchestra Premium,5058,351.0,1341.1,921.02,1,0,ecb089b1-c626-41b4-b2d1-0fc62a304774,173342,dacc6d0c-358f-45d7-aaa7-bf03ab319dab
orchestra,orchestra,D,3,Orchestra Premium,5058,351.0,1368.76,926.48,1,0,ecb089b1-c626-41b4-b2d1-0fc62a304774,173343,d4b73ed1-137d-4f6d-980c-ebc20c9a8016
orchestra,orchestra,D,5,Orchestra 3,5060,202.0,1396.41,932.23,1,0,ecb089b1-c626-41b4-b2d1-0fc62a304774,173344,f1338c5f-8c13-4b71-8d6a-8fd73936b4ca
orchestra,orchestra,D,7,Orchestra 3,5060,202.0,1424.06,938.25,1,0,ecb089b1-c626-41b4-b2d1-0fc62a304774,173345,20fa8d53-259e-498b-ab86-274ca8372826
orchestra,orchestra,D,9,Orchestra 4,5061,139.0,1451.7,945.55,1,0,ecb089b1-c626-41b4-b2d1-0fc62a304774,173346,02858845-c2e5-4ea7-8489-bb08798df9a6
orchestra,orchestra,D,11,Orchestra 4,5061,139.0,1479.36,953.14,1,0,ecb089b1-c626-41b4-b2d1-0fc62a304774,173347,805942f7-098b-4e9e-b551-9c6b289e6015
orchestra,orchestra,D,13,Orchestra 4,5061,139.0,1507.02,962.02,1,0,ecb089b1-c626-41b4-b2d1-0fc62a304774,173348,c347dc81-8371-4e19-b9b0-12d1eb710a6c
orchestra,orchestra,D,15,Orchestra 4,5061,139.0,1534.67,970.24,1,0,6aab4c77-323f-4599-8029-8733f21f5718,173349,77b880f8-daa5-47d2-b029-2529a5eefb43
orchestra,orchestra,D,17,Orchestra 4,5061,139.0,1562.31,979.84,1,0,6aab4c77-323f-4599-8029-8733f21f5718,173350,0a2f3765-94ae-4b17-873a-4d3c7f9807ee
orchestra,orchestra,E,1,Orchestra Premium,5058,351.0,1339.28,882.52,1,0,ecb089b1-c626-41b4-b2d1-0fc62a304774,173262,0d395c15-2336-4db2-a3d0-e0daa151c3ac
orchestra,orchestra,E,3,Orchestra Premium,5058,351.0,1364.75,887.4,1,0,ecb089b1-c626-41b4-b2d1-0fc62a304774,173263,45aa3462-0de7-4e6d-a1fd-42dad0c5f034
orchestra,orchestra,E,5,Orchestra 3,5060,202.0,1390.22,892.54,1,0,ecb089b1-c626-41b4-b2d1-0fc62a304774,173264,020d5a57-2b6c-46e2-b0da-ec91f0813699
orchestra,orchestra,E,7,Orchestra 3,5060,202.0,1415.69,898.96,1,0,ecb089b1-c626-41b4-b2d1-0fc62a304774,173265,3e25ba72-d3a8-4b15-827e-d443ff160643
orchestra,orchestra,E,9,Orchestra 4,5061,139.0,1441.16,904.66,1,0,ecb089b1-c626-41b4-b2d1-0fc62a304774,173266,6c983313-f8a2-410f-8d56-8d4a0cab2a72
orchestra,orchestra,E,11,Orchestra 4,5061,139.0,1466.62,911.63,1,0,ecb089b1-c626-41b4-b2d1-0fc62a304774,173267,1f449469-c397-4600-bc69-ed3db19acc7b
orchestra,orchestra,E,13,Orchestra 4,5061,139.0,1492.1,918.89,1,0,ecb089b1-c626-41b4-b2d1-0fc62a304774,173268,40c91292-d96b-4de4-9bd1-1ec59002e445
orchestra,orchestra,E,15,Orchestra 4,5061,139.0,1517.56,926.45,1,0,6aab4c77-323f-4599-8029-8733f21f5718,173269,e1f03a46-5bf3-47b1-bb17-87758bf3fe42
orchestra,orchestra,E,17,Orchestra 4,5061,139.0,1543.03,934.35,1,0,6aab4c77-323f-4599-8029-8733f21f5718,173270,b1ae225f-379a-419e-8a6c-12a38e9673fc
orchestra,orchestra,E,19,Orchestra 4,5061,139.0,1568.5,942.63,1,0,6aab4c77-323f-4599-8029-8733f21f5718,173271,44476410-42d2-4b3e-a22e-308f30db417d
orchestra,orchestra,F,1,Orchestra Premium,5058,351.0,1340.21,845.49,1,0,ecb089b1-c626-41b4-b2d1-0fc62a304774,173182,d38fe6ac-b234-4c70-be01-364cf1a6b395
orchestra,orchestra,F,3,Orchestra Premium,5058,351.0,1366.22,850.43,1,0,ecb089b1-c626-41b4-b2d1-0fc62a304774,173183,1934ff8b-a798-48fa-99b2-9688a2ca3967
orchestra,orchestra,F,5,Orchestra 3,5060,202.0,1392.22,855.63,1,0,ecb089b1-c626-41b4-b2d1-0fc62a304774,173184,1fe43e04-f7a4-4137-a2bb-191bf97a2458
orchestra,orchestra,F,7,Orchestra 3,5060,202.0,1418.23,862.11,1,0,ecb089b1-c626-41b4-b2d1-0fc62a304774,173185,856926f9-22c7-44bf-8d7d-c5095bb4acd3
orchestra,orchestra,F,9,Orchestra 4,5061,139.0,1444.24,867.87,1,0,ecb089b1-c626-41b4-b2d1-0fc62a304774,173186,df87b834-f2e3-4570-bf7b-6100894b5f65
orchestra,orchestra,F,11,Orchestra 4,5061,139.0,1470.25,874.91,1,0,ecb089b1-c626-41b4-b2d1-0fc62a304774,173187,35d85a90-0406-443e-9344-79b4389f0b39
orchestra,orchestra,F,13,Orchestra 4,5061,139.0,1496.25,881.23,1,0,6aab4c77-323f-4599-8029-8733f21f5718,173188,f85e5289-60da-43aa-9c89-37b4b23e2c65
orchestra,orchestra,F,15,Orchestra 4,5061,139.0,1522.27,888.84,1,0,6aab4c77-323f-4599-8029-8733f21f5718,173189,94de2704-8060-41cf-9b04-a1de8ff24548
orchestra,orchestra,F,17,Orchestra 4,5061,139.0,1548.27,896.81,1,0,6aab4c77-323f-4599-8029-8733f21f5718,173190,71c031c3-3526-4c64-a7ba-f0b0b3219c12
orchestra,orchestra,F,19,Orchestra 4,5061,139.0,1574.28,905.15,1,0,6aab4c77-323f-4599-8029-8733f21f5718,173191,c9481b93-2fe8-4421-a360-fc08e5a04adc
orchestra,orchestra,G,1,Orchestra Premium,5058,351.0,1341.28,808.29,1,0,ecb089b1-c626-41b4-b2d1-0fc62a304774,173102,f4a990de-fd32-4330-af29-5a2dbf27d7bd
orchestra,orchestra,G,3,Orchestra Premium,5058,351.0,1367.86,813.15,1,0,ecb089b1-c626-41b4-b2d1-0fc62a304774,173103,3fb1e24c-a9d2-4087-9fd5-fa89f5033f62
orchestra,orchestra,G,5,Orchestra 3,5060,202.0,1394.45,818.28,1,0,ecb089b1-c626-41b4-b2d1-0fc62a304774,173104,605dc8c3-be86-4b88-aecd-526a76b605b9
orchestra,orchestra,G,7,Orchestra 3,5060,202.0,1421.03,823.68,1,0,ecb089b1-c626-41b4-b2d1-0fc62a304774,173105,07294929-3efc-40ae-bd09-5a2d8ba1bb31
orchestra,orchestra,G,9,Orchestra 4,5061,139.0,1447.62,830.36,1,0,ecb089b1-c626-41b4-b2d1-0fc62a304774,173106,ec1c4e26-6470-42f7-9cd4-c26c5064eba4
orchestra,orchestra,G,11,Orchestra 4,5061,139.0,1474.2,837.32,1,0,ecb089b1-c626-41b4-b2d1-0fc62a304774,173107,62f10399-a10c-4e10-b2af-2b99513a8782
orchestra,orchestra,G,13,Orchestra 4,5061,139.0,1500.78,844.56,1,0,6aab4c77-323f-4599-8029-8733f21f5718,173108,c6076e7b-caaa-464b-a3ea-bc8b692cc3a0
orchestra,orchestra,G,15,Orchestra 4,5061,139.0,1527.37,852.1,1,0,6aab4c77-323f-4599-8029-8733f21f5718,173109,36f91ffc-311b-400d-af09-69ef00d2defd
orchestra,orchestra,G,17,Orchestra 4,5061,139.0,1553.95,859.99,1,0,6aab4c77-323f-4599-8029-8733f21f5718,173110,304d3142-1018-41b0-bef8-23ace4be8337
orchestra,orchestra,G,19,Orchestra 4,5061,139.0,1580.54,868.25,1,0,6aab4c77-323f-4599-8029-8733f21f5718,173111,64baa6f2-b4c0-4425-9e99-a2b2585b23b8
orchestra,orchestra,H,1,Orchestra Premium,5058,351.0,1340.3,770.35,1,0,ecb089b1-c626-41b4-b2d1-0fc62a304774,173022,c684883d-8d5d-4d2b-a7a0-f7ff09b1009e
orchestra,orchestra,H,3,Orchestra Premium,5058,351.0,1364.96,775.56,1,0,ecb089b1-c626-41b4-b2d1-0fc62a304774,173023,e2350ea4-c53d-47f0-a0f5-21d67d27bbcf
orchestra,orchestra,H,5,Orchestra 3,5060,202.0,1389.62,780.04,1,0,ecb089b1-c626-41b4-b2d1-0fc62a304774,173024,b49bec18-3fd4-4c1c-86a7-59942a746191
orchestra,orchestra,H,7,Orchestra 3,5060,202.0,1414.27,784.77,1,0,ecb089b1-c626-41b4-b2d1-0fc62a304774,173025,e4fd0567-40ac-47ea-9aa2-263d22d64ff6
orchestra,orchestra,H,9,Orchestra 4,5061,139.0,1438.93,790.8,1,0,ecb089b1-c626-41b4-b2d1-0fc62a304774,173026,b82bf112-fdf0-4ffe-9e94-7109a7f8065f
orchestra,orchestra,H,11,Orchestra 4,5061,139.0,1463.58,796.1,1,0,ecb089b1-c626-41b4-b2d1-0fc62a304774,173027,43b7f957-8e6e-4e60-a85a-ea3ddf9532d7
orchestra,orchestra,H,13,Orchestra 4,5061,139.0,1488.24,802.67,1,0,6aab4c77-323f-4599-8029-8733f21f5718,173028,de58e942-d3ad-4896-869f-f286aa543d0e
orchestra,orchestra,H,15,Orchestra 4,5061,139.0,1512.9,809.54,1,0,6aab4c77-323f-4599-8029-8733f21f5718,173029,8971b58a-16f0-4b55-aa30-19b4c912b08d
orchestra,orchestra,H,17,Orchestra 4,5061,139.0,1537.55,816.7,1,0,6aab4c77-323f-4599-8029-8733f21f5718,173030,872f9eb5-0552-42de-b0fb-5a903d302a2f
orchestra,orchestra,H,19,Orchestra 4,5061,139.0,1562.21,824.21,1,0,6aab4c77-323f-4599-8029-8733f21f5718,173031,4feb488d-f1eb-4801-b176-b9b0d7c79e92
orchestra,orchestra,H,21,Orchestra 4,5061,139.0,1586.86,832.09,1,0,6aab4c77-323f-4599-8029-8733f21f5718,173032,f0b87427-b288-4db9-8cc5-d04878585a87
orchestra,orchestra,J,1,Orchestra Premium,5058,351.0,1341.8,733.3,1,0,ecb089b1-c626-41b4-b2d1-0fc62a304774,172942,1e01cae7-6ca4-41ea-b3ce-5315bd45ff4a
orchestra,orchestra,J,3,Orchestra Premium,5058,351.0,1366.92,737.65,1,0,ecb089b1-c626-41b4-b2d1-0fc62a304774,172943,e1aa980d-55b7-4bfd-866d-1ed3ec943c51
orchestra,orchestra,J,5,Orchestra 3,5060,202.0,1392.05,743.26,1,0,ecb089b1-c626-41b4-b2d1-0fc62a304774,172944,7dcd313b-522b-49d9-a48d-738e7ae15531
orchestra,orchestra,J,7,Orchestra 3,5060,202.0,1417.18,748.13,1,0,ecb089b1-c626-41b4-b2d1-0fc62a304774,172945,fc835fe8-2235-478d-b289-ae6a30536a8d
orchestra,orchestra,J,9,Orchestra 4,5061,139.0,1442.31,753.28,1,0,ecb089b1-c626-41b4-b2d1-0fc62a304774,172946,89d52649-88b1-454e-b868-41e337d29bfe
orchestra,orchestra,J,11,Orchestra 4,5061,139.0,1467.43,758.7,1,0,6aab4c77-323f-4599-8029-8733f21f5718,172947,1eebb307-97f0-4dca-8604-bb91f43091bb
orchestra,orchestra,J,13,Orchestra 4,5061,139.0,1492.55,764.41,1,0,6aab4c77-323f-4599-8029-8733f21f5718,172948,d160eaa7-6507-49f6-baf8-9080ed5a43eb
orchestra,orchestra,J,15,Orchestra 4,5061,139.0,1517.68,771.41,1,0,6aab4c77-323f-4599-8029-8733f21f5718,172949,96fc20c6-f3a6-4081-a68a-33f364f46735
orchestra,orchestra,J,17,Orchestra 4,5061,139.0,1542.8,778.7,1,0,6aab4c77-323f-4599-8029-8733f21f5718,172950,37a622da-9aec-4fc2-8955-25ba54fde830
orchestra,orchestra,J,19,Orchestra 4,5061,139.0,1567.92,786.34,1,0,6aab4c77-323f-4599-8029-8733f21f5718,172951,383cd5f1-da9d-497e-a88f-c85da102f719
orchestra,orchestra,J,21,Orchestra 4,5061,139.0,1593.05,794.35,17,0,6aab4c77-323f-4599-8029-8733f21f5718,172952,04de97d2-d89e-48a6-910e-3dd9a42f15d9
orchestra,orchestra,K,1,Orchestra Premium2,5059,351.0,1341.67,696.91,17,0,18704461-004f-44c2-8ca3-12a2294f474a,172862,90e92994-041a-4379-859d-3bad029d2f94
orchestra,orchestra,K,3,Orchestra Premium2,5059,351.0,1367.4,701.26,1,0,18704461-004f-44c2-8ca3-12a2294f474a,172863,062e7f70-d54b-4aec-bd67-7fc89455abf6
orchestra,orchestra,K,5,Orchestra 3,5060,202.0,1393.13,705.87,1,0,18704461-004f-44c2-8ca3-12a2294f474a,172864,a99cc2de-f88a-4df2-86ef-d3c90c0c421b
orchestra,orchestra,K,7,Orchestra 3,5060,202.0,1418.85,710.73,1,0,18704461-004f-44c2-8ca3-12a2294f474a,172865,cca462e5-9c8f-41d2-a95a-4a4d16ee182f
orchestra,orchestra,K,9,Orchestra 4,5061,139.0,1444.58,716.89,1,0,18704461-004f-44c2-8ca3-12a2294f474a,172866,bbb4d8cd-1c4d-47bb-be42-4c80dc559719
orchestra,orchestra,K,11,Orchestra 4,5061,139.0,1470.3,722.32,1,0,6aab4c77-323f-4599-8029-8733f21f5718,172867,1d6f7dac-6552-4c84-8b58-10e077953cec
orchestra,orchestra,K,13,Orchestra 4,5061,139.0,1496.03,728.02,1,0,6aab4c77-323f-4599-8029-8733f21f5718,172868,c95cf50d-f04f-41d1-93e7-2da52498e144
orchestra,orchestra,K,15,Orchestra 4,5061,139.0,1521.75,735.02,1,0,6aab4c77-323f-4599-8029-8733f21f5718,172869,91f6053c-50cc-48d6-9daa-ba258726dbf5
orchestra,orchestra,K,17,Orchestra 4,5061,139.0,1547.47,742.3,1,0,6aab4c77-323f-4599-8029-8733f21f5718,172870,3ea757d8-8a15-41c8-9e17-7252253a347d
orchestra,orchestra,K,19,Orchestra 4,5061,139.0,1573.2,749.94,1,0,6aab4c77-323f-4599-8029-8733f21f5718,172871,33ec252e-6ea3-41e6-b066-cd74593525d7
orchestra,orchestra,K,21,Orchestra 4,5061,139.0,1598.92,757.96,17,0,6aab4c77-323f-4599-8029-8733f21f5718,172872,a4d85dc7-f9ab-49d8-8cf1-a2f526401bd2
orchestra,orchestra,L,1,Orchestra Premium2,5059,351.0,1341.52,658.55,1,0,18704461-004f-44c2-8ca3-12a2294f474a,172782,b26d61b6-6ea0-44fa-8bc5-81cb898d038f
orchestra,orchestra,L,3,Orchestra Premium2,5059,351.0,1365.59,663.13,1,0,18704461-004f-44c2-8ca3-12a2294f474a,172783,4deafa20-4698-472b-8ebf-522ec8a44160
orchestra,orchestra,L,5,Orchestra 3,5060,202.0,1389.67,667.98,1,0,18704461-004f-44c2-8ca3-12a2294f474a,172784,579b3d7a-c97e-46c6-9752-a836d2427bb6
orchestra,orchestra,L,7,Orchestra 3,5060,202.0,1413.75,672.1,1,0,18704461-004f-44c2-8ca3-12a2294f474a,172785,64fb8a8f-a119-4968-873c-3446cef24070
orchestra,orchestra,L,9,Orchestra 4,5061,139.0,1437.85,677.47,1,0,18704461-004f-44c2-8ca3-12a2294f474a,172786,6dc00b82-75d4-4232-8ff5-158a2bb7ea13
orchestra,orchestra,L,11,Orchestra 4,5061,139.0,1461.94,683.13,1,0,18704461-004f-44c2-8ca3-12a2294f474a,172787,3c4c3975-5f2d-48b3-a4aa-300203b05774
orchestra,orchestra,L,13,Orchestra 4,5061,139.0,1486.04,688.07,1,0,6aab4c77-323f-4599-8029-8733f21f5718,172788,84043ac4-6f9a-4faf-8fa8-d43cfa0c4002
orchestra,orchestra,L,15,Orchestra 4,5061,139.0,1510.15,693.28,1,0,6aab4c77-323f-4599-8029-8733f21f5718,172789,680b1ca7-4017-41a8-b7fc-94403e147bd3
orchestra,orchestra,L,17,Orchestra 4,5061,139.0,1534.25,699.78,1,0,6aab4c77-323f-4599-8029-8733f21f5718,172790,8b934e24-f63e-46c2-8a8e-24236ae4a16d
orchestra,orchestra,L,19,Orchestra 4,5061,139.0,1558.37,706.58,1,0,6aab4c77-323f-4599-8029-8733f21f5718,172791,f4764ee7-8f63-44bc-86b9-c7685253ad5e
orchestra,orchestra,L,21,Orchestra 4,5061,139.0,1582.16,713.99,22,0,6aab4c77-323f-4599-8029-8733f21f5718,172792,8f2ba5b3-a9c8-4e0e-8d34-d2f499aba42f
orchestra,orchestra,M,1,Orchestra Premium2,5059,351.0,1341.53,621.52,1,0,18704461-004f-44c2-8ca3-12a2294f474a,172702,770680fa-8f31-4794-a152-d718ec5ddb1e
orchestra,orchestra,M,3,Orchestra Premium2,5059,351.0,1366.05,626.15,1,0,18704461-004f-44c2-8ca3-12a2294f474a,172703,412587bc-9d4a-4337-8f62-d32e2358a111
orchestra,orchestra,M,5,Orchestra 3,5060,202.0,1390.57,631.07,1,0,18704461-004f-44c2-8ca3-12a2294f474a,172704,a61f684e-1f88-41bb-a2e2-724cef660c46
orchestra,orchestra,M,7,Orchestra 3,5060,202.0,1415.09,635.24,1,0,18704461-004f-44c2-8ca3-12a2294f474a,172705,896a017e-ce3c-450e-9b73-f204688baf67
orchestra,orchestra,M,9,Orchestra 4,5061,139.0,1439.62,640.67,1,0,18704461-004f-44c2-8ca3-12a2294f474a,172706,a8537aa8-7ff2-4096-a46a-69e4748f1718
orchestra,orchestra,M,11,Orchestra 4,5061,139.0,1464.15,646.39,1,0,18704461-004f-44c2-8ca3-12a2294f474a,172707,51283fd2-c6f7-4f30-b419-5028c22aca98
orchestra,orchestra,M,13,Orchestra 4,5061,139.0,1488.69,651.39,1,0,18704461-004f-44c2-8ca3-12a2294f474a,172708,1a3b789f-bdc1-4f86-9384-427f573227d2
orchestra,orchestra,M,15,Orchestra 4,5061,139.0,1513.23,657.66,1,0,6aab4c77-323f-4599-8029-8733f21f5718,172709,1077069e-7438-410d-9e7e-7294e77bc5f8
orchestra,orchestra,M,17,Orchestra 4,5061,139.0,1537.78,663.22,1,0,6aab4c77-323f-4599-8029-8733f21f5718,172710,4a03d427-5d32-4031-825e-4ec4aa6f761d
orchestra,orchestra,M,19,Orchestra 4,5061,139.0,1562.33,669.08,1,0,6aab4c77-323f-4599-8029-8733f21f5718,172711,b3ce11fd-8152-4634-b050-80da94009e31
orchestra,orchestra,M,21,Orchestra 4,5061,139.0,1586.88,676.28,1,0,6aab4c77-323f-4599-8029-8733f21f5718,172712,96cee19b-5a90-4885-ba6a-952815ab0f22
orchestra,orchestra,N,1,Orchestra Premium2,5059,351.0,1342.74,584.93,1,0,18704461-004f-44c2-8ca3-12a2294f474a,172622,2681b890-3248-4283-8b29-90b058477aa3
orchestra,orchestra,N,3,Orchestra Premium2,5059,351.0,1367.78,589.7,1,0,18704461-004f-44c2-8ca3-12a2294f474a,172623,80275bd1-de1e-4d51-86c3-8c552a224c5b
orchestra,orchestra,N,5,Orchestra 3,5060,202.0,1392.83,593.73,1,0,18704461-004f-44c2-8ca3-12a2294f474a,172624,0388d2e5-6383-4e1c-b8e4-6cdd7068ac99
orchestra,orchestra,N,7,Orchestra 3,5060,202.0,1417.88,599.03,1,0,18704461-004f-44c2-8ca3-12a2294f474a,172625,bdb125f0-b7a9-4bb3-bd8a-e172c0fa9e50
orchestra,orchestra,N,9,Orchestra 4,5061,139.0,1442.92,603.59,1,0,18704461-004f-44c2-8ca3-12a2294f474a,172626,27cf3e34-4a6b-419c-a5de-fabac2e67bd6
orchestra,orchestra,N,11,Orchestra 4,5061,139.0,1467.96,609.44,1,0,18704461-004f-44c2-8ca3-12a2294f474a,172627,4cad775c-73e6-4c9b-89a7-320fddfd39c9
orchestra,orchestra,N,13,Orchestra 4,5061,139.0,1493.01,614.56,1,0,18704461-004f-44c2-8ca3-12a2294f474a,172628,8db18f4c-0bf9-4f80-8b0e-a6e98266a290
orchestra,orchestra,N,15,Orchestra 4,5061,139.0,1518.05,619.96,1,0,18704461-004f-44c2-8ca3-12a2294f474a,172629,42f79779-ac10-439f-928c-9c4193b21268
orchestra,orchestra,N,17,Orchestra 4,5061,139.0,1543.1,626.65,1,0,6aab4c77-323f-4599-8029-8733f21f5718,172630,b610c798-d79f-457c-a816-750e56a71ad7
orchestra,orchestra,N,19,Orchestra 4,5061,139.0,1568.14,633.64,1,0,6aab4c77-323f-4599-8029-8733f21f5718,172631,1f088cc9-1a07-4323-acb7-cf7b74b8daaa
orchestra,orchestra,N,21,Orchestra 4,5061,139.0,1593.19,639.98,1,0,6aab4c77-323f-4599-8029-8733f21f5718,172632,7c69a06d-b5f8-401a-8e9d-1c27d9d07d5e
orchestra,orchestra,O,1,Orchestra Premium2,5059,351.0,1343.51,547.71,17,0,18704461-004f-44c2-8ca3-12a2294f474a,172542,7285ab67-9e00-4dc5-9175-f876294a27ec
orchestra,orchestra,O,3,Orchestra Premium2,5059,351.0,1369.04,552.35,1,0,18704461-004f-44c2-8ca3-12a2294f474a,172543,b4c7cd65-f7ec-45ca-b101-685b4aeadbf7
orchestra,orchestra,O,5,Orchestra 3,5060,202.0,1394.57,556.27,1,0,18704461-004f-44c2-8ca3-12a2294f474a,172544,2d5b65d7-0389-4aeb-a3b0-fd42b9df4a66
orchestra,orchestra,O,7,Orchestra 3,5060,202.0,1420.09,561.45,1,0,18704461-004f-44c2-8ca3-12a2294f474a,172545,7f39d73c-36a9-47fb-ab6d-9c5e9a078cd5
orchestra,orchestra,O,9,Orchestra 4,5061,139.0,1445.62,566.89,1,0,18704461-004f-44c2-8ca3-12a2294f474a,172546,628fb07e-6ae1-4f0f-b93c-0045a5e6430b
orchestra,orchestra,O,11,Orchestra 4,5061,139.0,1471.14,571.62,1,0,18704461-004f-44c2-8ca3-12a2294f474a,172547,06d42b0f-4c8c-4d36-bf96-ffe7f1a7b789
orchestra,orchestra,O,13,Orchestra 4,5061,139.0,1496.67,576.62,1,0,18704461-004f-44c2-8ca3-12a2294f474a,172548,37185839-2623-4e84-9843-cab8deb23956
orchestra,orchestra,O,15,Orchestra 4,5061,139.0,1522.19,582.9,1,0,18704461-004f-44c2-8ca3-12a2294f474a,172549,ce47e086-b97f-434e-8c39-c6c3373ff671
orchestra,orchestra,O,17,Orchestra 4,5061,139.0,1547.72,589.47,1,0,18704461-004f-44c2-8ca3-12a2294f474a,172550,7285de36-4f61-45af-98a7-1c393f4c419c
orchestra,orchestra,O,19,Orchestra 4,5061,139.0,1573.25,596.34,1,0,6aab4c77-323f-4599-8029-8733f21f5718,172551,706b7c7f-ffaa-421b-94e0-779d65815b40
orchestra,orchestra,O,21,Orchestra 4,5061,139.0,1598.77,603.56,1,0,6aab4c77-323f-4599-8029-8733f21f5718,172552,629f498e-8511-411e-8775-c8df66106197
orchestra,orchestra,P,1,Orchestra Premium2,5059,351.0,1343.66,510.45,1,0,18704461-004f-44c2-8ca3-12a2294f474a,172462,23553e75-5788-4bd3-8c15-a092d4780ff4
orchestra,orchestra,P,3,Orchestra Premium2,5059,351.0,1369.7,515.22,1,0,18704461-004f-44c2-8ca3-12a2294f474a,172463,37142c9a-d49b-465b-971a-1fb69450b491
orchestra,orchestra,P,5,Orchestra 3,5060,202.0,1395.74,519.25,1,0,18704461-004f-44c2-8ca3-12a2294f474a,172464,4449a6ae-bdbb-41d2-a23a-427560abfe5f
orchestra,orchestra,P,7,Orchestra 3,5060,202.0,1421.79,523.56,1,0,18704461-004f-44c2-8ca3-12a2294f474a,172465,af9482a5-402a-4a91-bb12-a4450dfb7f46
orchestra,orchestra,P,9,Orchestra 4,5061,139.0,1447.84,529.12,1,0,18704461-004f-44c2-8ca3-12a2294f474a,172466,0aa2d958-f93c-4205-8df6-21039430eca9
orchestra,orchestra,P,11,Orchestra 4,5061,139.0,1473.88,533.96,1,0,18704461-004f-44c2-8ca3-12a2294f474a,172467,2d384244-5cc1-4178-91c0-e7075b61bc5e
orchestra,orchestra,P,13,Orchestra 4,5061,139.0,1499.92,540.09,1,0,18704461-004f-44c2-8ca3-12a2294f474a,172468,d219a6dd-a2ab-431c-8712-b46938a6af8e
orchestra,orchestra,P,15,Orchestra 4,5061,139.0,1525.97,546.48,1,0,18704461-004f-44c2-8ca3-12a2294f474a,172469,f7b03309-cd3e-4f0a-a251-f65bb21f4e40
orchestra,orchestra,P,17,Orchestra 4,5061,139.0,1552.01,552.18,1,0,18704461-004f-44c2-8ca3-12a2294f474a,172470,8dcc2f8e-b7e5-4dcb-855b-7cd8ea2132e3
orchestra,orchestra,P,19,Orchestra 4,5061,139.0,1578.06,558.17,1,0,18704461-004f-44c2-8ca3-12a2294f474a,172471,da5613af-9d2a-483b-85cb-d62433fb05e4
orchestra,orchestra,P,21,Orchestra 4,5061,139.0,1604.1,565.5,1,0,6aab4c77-323f-4599-8029-8733f21f5718,172472,81382ca9-8cfc-4d77-883c-05ce0e8de88d
orchestra,orchestra,P,23,Orchestra 4,5061,139.0,1630.14,573.21,1,0,6aab4c77-323f-4599-8029-8733f21f5718,172473,43cf6079-d430-4d6b-a04c-e0b39e52030f
orchestra,orchestra,R,1,Orchestra Premium2,5059,351.0,1343.5,473.47,1,0,18704461-004f-44c2-8ca3-12a2294f474a,172382,1c36895a-14b5-48d0-be9d-c1f9d3d7424f
orchestra,orchestra,R,3,Orchestra Premium2,5059,351.0,1368.03,476.8,1,0,18704461-004f-44c2-8ca3-12a2294f474a,172383,87b734b2-53e5-4c40-826c-bd3c8b9087fb
orchestra,orchestra,S,1,Orchestra Premium2,5059,351.0,1344.05,435.71,1,0,18704461-004f-44c2-8ca3-12a2294f474a,172302,90411869-eddd-483e-97ad-46dc3c8adeda
orchestra,orchestra,S,3,Orchestra Premium2,5059,351.0,1368.98,440.12,1,0,18704461-004f-44c2-8ca3-12a2294f474a,172303,69cff563-3a37-499a-be78-b6d29e9c025a
orchestra,orchestra,S,5,Orc 4 Accessible,5062,139.0,1418.84,448.83,18,0,18704461-004f-44c2-8ca3-12a2294f474a,172305,ba307d30-4247-492d-bac2-1a985346b92d
orchestra,orchestra,S,7,Orc 4 Accessible,5062,139.0,1443.77,453.08,8,0,18704461-004f-44c2-8ca3-12a2294f474a,172306,90489895-62be-40c8-b149-07cb20aae855
orchestra,orchestra,S,9,Orc 4 Accessible,5062,139.0,1468.7,457.6,15,0,18704461-004f-44c2-8ca3-12a2294f474a,172307,38deafed-da36-49f7-9e82-33996f74d12a
orchestra,orchestra,S,11,Orc 4 Accessible,5062,139.0,1493.64,463.4,13,0,18704461-004f-44c2-8ca3-12a2294f474a,172308,70c91925-dbf3-4778-86d4-4e6beb928e59
orchestra,orchestra,S,13,Orc 4 Accessible,5062,139.0,1518.57,468.47,18,0,18704461-004f-44c2-8ca3-12a2294f474a,172309,9ddbf17f-c271-4999-b4c3-a120585974af
orchestra,orchestra,S,15,Orc 4 Accessible,5062,139.0,1543.5,474.83,18,0,18704461-004f-44c2-8ca3-12a2294f474a,172310,706bac03-629d-4861-8cfa-5b5bf07870ef
orchestra,orchestra,S,17,Orc 4 Accessible,5062,139.0,1568.43,480.47,8,0,18704461-004f-44c2-8ca3-12a2294f474a,172311,d4f76c3f-6fc7-4e8e-8ef2-3053d728cf35
orchestra,orchestra,S,19,Orc 4 Accessible,5062,139.0,1593.36,486.41,15,0,18704461-004f-44c2-8ca3-12a2294f474a,172312,7a0510d4-fde6-45c6-9de9-10e63184062d
orchestra,orchestra,T,1,Orchestra Premium2,5059,351.0,1346.07,399.16,17,0,18704461-004f-44c2-8ca3-12a2294f474a,172222,6f037d8e-5a17-4342-897a-1209ef47afde
orchestra,orchestra,T,3,Orchestra Premium2,5059,351.0,1371.43,403.49,1,0,18704461-004f-44c2-8ca3-12a2294f474a,172223,ab800089-f6c7-476a-bfee-4bfbfd8e55e4
orchestra,orchestra,U,1,Orchestra 3,5060,202.0,1346.51,362.14,1,0,18704461-004f-44c2-8ca3-12a2294f474a,172142,f2904917-6a51-479a-94d5-65d115232474
orchestra,orchestra,U,3,Orchestra 3,5060,202.0,1372.21,366.47,1,0,18704461-004f-44c2-8ca3-12a2294f474a,172143,922e955b-7cce-432c-9f88-2487cd35f3f0
orchestra,orchestra,U,5,Orchestra 3,5060,202.0,1397.9,370.1,1,0,18704461-004f-44c2-8ca3-12a2294f474a,172144,b82623fe-3fe3-436f-883d-67b380a6fd77
orchestra,orchestra,U,7,Orchestra 3,5060,202.0,1423.61,374.01,1,0,18704461-004f-44c2-8ca3-12a2294f474a,172145,536468f7-61a0-47ba-8216-d75e4068bd7b
orchestra,orchestra,U,9,Orchestra 4,5061,139.0,1449.3,379.19,1,0,18704461-004f-44c2-8ca3-12a2294f474a,172146,805274e4-47ff-4e83-95b2-c030f508d3cf
orchestra,orchestra,U,11,Orchestra 4,5061,139.0,1475.0,384.63,1,0,18704461-004f-44c2-8ca3-12a2294f474a,172147,ac29ebc0-ed70-4c8d-ab0d-a999e3355252
orchestra,orchestra,U,13,Orchestra 4,5061,139.0,1500.7,390.35,1,0,18704461-004f-44c2-8ca3-12a2294f474a,172148,6b7ba992-ad34-4e1d-9297-5aa336f56eca
orchestra,orchestra,U,15,Orchestra 4,5061,139.0,1526.4,395.35,1,0,18704461-004f-44c2-8ca3-12a2294f474a,172149,a820441f-8808-4f71-8296-8382e76ac67b
orchestra,orchestra,U,17,Orchestra 4,5061,139.0,1552.1,400.63,1,0,18704461-004f-44c2-8ca3-12a2294f474a,172150,7987e1c0-6716-4918-bdb8-449e706daaf0
orchestra,orchestra,U,19,Orchestra 4,5061,139.0,1577.8,407.19,1,0,18704461-004f-44c2-8ca3-12a2294f474a,172151,0fb9cdd3-0ca1-421e-a7ad-10754cb51676
orchestra,orchestra,U,21,Orchestra 4,5061,139.0,1603.5,413.06,1,0,18704461-004f-44c2-8ca3-12a2294f474a,172152,fed96bba-a617-4cbe-8d02-b7ba177d501d
orchestra,orchestra,U,23,Orchestra 4,5061,139.0,1629.2,419.27,17,0,18704461-004f-44c2-8ca3-12a2294f474a,172153,5ffdf41b-af50-4b91-9aaa-683c197677c9
orchestra,orchestra,V,1,Orchestra 3,5060,202.0,1348.28,323.54,1,0,06dbf9ec-66a9-4355-bfd7-345962a667e1,172062,1df49a35-77d5-41f3-9708-23c6a6dd950b
orchestra,orchestra,V,3,Orchestra 3,5060,202.0,1374.35,327.69,1,0,06dbf9ec-66a9-4355-bfd7-345962a667e1,172063,99bb133a-db19-4590-a67b-68b43adc33ff
orchestra,orchestra,V,5,Orchestra 4,5061,139.0,1400.42,332.15,1,0,06dbf9ec-66a9-4355-bfd7-345962a667e1,172064,ba70aae4-867a-4dee-ac55-c615815988a2
orchestra,orchestra,V,7,Orchestra 4,5061,139.0,1426.49,336.88,1,0,06dbf9ec-66a9-4355-bfd7-345962a667e1,172065,71af20e6-df0f-42cb-828d-a9e76db5a738
orchestra,orchestra,V,9,Orchestra 4,5061,139.0,1452.56,341.89,1,0,06dbf9ec-66a9-4355-bfd7-345962a667e1,172066,9de257f4-dd6e-4d9d-a62d-f5ab6d9f4dcb
orchestra,orchestra,V,11,Orchestra 4,5061,139.0,1478.63,347.16,1,0,06dbf9ec-66a9-4355-bfd7-345962a667e1,172067,cc90332f-8352-4ce5-80bd-163a285d4a57
orchestra,orchestra,V,13,Orchestra 4,5061,139.0,1504.7,352.7,1,0,06dbf9ec-66a9-4355-bfd7-345962a667e1,172068,76e5f0e0-fd8d-4cfe-935e-b44ab74898b2
orchestra,orchestra,V,15,Orchestra 4,5061,139.0,1530.77,357.52,1,0,06dbf9ec-66a9-4355-bfd7-345962a667e1,172069,e5289629-aec5-45af-826f-eec7db1b76bd
orchestra,orchestra,V,17,Orchestra 4,5061,139.0,1556.84,362.63,1,0,06dbf9ec-66a9-4355-bfd7-345962a667e1,172070,b233479d-0ec3-4d53-b1d9-e5cf3ee309fc
orchestra,orchestra,V,19,Orchestra 4,5061,139.0,1582.91,369.02,1,0,06dbf9ec-66a9-4355-bfd7-345962a667e1,172071,7375ed02-fb93-4e6b-b89a-f16a51de95b0
orchestra,orchestra,V,21,Orchestra 4,5061,139.0,1608.97,374.71,1,0,06dbf9ec-66a9-4355-bfd7-345962a667e1,172072,63bc3114-9cb3-4adc-914c-9b0beaf6d06e
orchestra,orchestra,V,23,Orchestra 4,5061,139.0,1635.04,381.75,1,0,06dbf9ec-66a9-4355-bfd7-345962a667e1,172073,b16824af-27dd-420f-b638-4c997803a2c9
orchestra,orchestra,W,1,Orchestra 3,5060,202.0,1349.72,287.42,1,0,06dbf9ec-66a9-4355-bfd7-345962a667e1,171982,9a7d9fbf-dbd3-415a-8f39-42e41b3d2726
orchestra,orchestra,W,3,Orchestra 3,5060,202.0,1376.21,291.57,1,0,06dbf9ec-66a9-4355-bfd7-345962a667e1,171983,55ade534-0707-4c73-a64d-e405f9e4d5b1
orchestra,orchestra,W,5,Orchestra 4,5061,139.0,1402.7,296.03,1,0,06dbf9ec-66a9-4355-bfd7-345962a667e1,171984,9c1c1a7d-dff3-4b46-bbae-822e2fa77e02
orchestra,orchestra,W,7,Orchestra 4,5061,139.0,1429.18,299.77,1,0,06dbf9ec-66a9-4355-bfd7-345962a667e1,171985,4bc01726-aff5-4a60-9d7d-f31cb07132f0
orchestra,orchestra,W,9,Orchestra 4,5061,139.0,1455.67,304.78,1,0,06dbf9ec-66a9-4355-bfd7-345962a667e1,171986,a3ea1699-6765-4875-9aec-330db2cd950f
orchestra,orchestra,W,11,Orchestra 4,5061,139.0,1482.15,310.04,1,0,06dbf9ec-66a9-4355-bfd7-345962a667e1,171987,e6f5a573-78e7-470d-80b9-fd4a492c7b4e
orchestra,orchestra,W,13,Orchestra 4,5061,139.0,1508.64,314.58,1,0,06dbf9ec-66a9-4355-bfd7-345962a667e1,171988,866e8c16-5e71-4e7a-b250-2421a442ca3b
orchestra,orchestra,W,15,Orchestra 4,5061,139.0,1535.13,320.41,1,0,06dbf9ec-66a9-4355-bfd7-345962a667e1,171989,05a9d3a6-413a-4af0-82da-c824c9a6c887
orchestra,orchestra,W,17,Orchestra 4,5061,139.0,1561.61,325.51,1,0,06dbf9ec-66a9-4355-bfd7-345962a667e1,171990,b9ed6a8f-0b8f-475a-a96e-88461367e1b7
orchestra,orchestra,W,19,Orchestra 4,5061,139.0,1588.1,331.9,1,0,06dbf9ec-66a9-4355-bfd7-345962a667e1,171991,96f85332-baac-4619-a620-af40c9466964
orchestra,orchestra,W,21,Orchestra 4,5061,139.0,1614.59,338.6,1,0,06dbf9ec-66a9-4355-bfd7-345962a667e1,171992,60b4be06-975f-4d12-a46d-a6b188c1f1c3
orchestra,orchestra,W,23,Orchestra 4,5061,139.0,1641.07,345.64,17,0,06dbf9ec-66a9-4355-bfd7-345962a667e1,171993,61b221fc-b8b2-404a-b675-0c35502040e0
orchestra,orchestra,X,1,Orchestra 4,5061,139.0,1348.72,250.31,17,0,06dbf9ec-66a9-4355-bfd7-345962a667e1,174219,64f5a2a4-f8ee-4772-8fae-38c024a08a37
orchestra,orchestra,X,3,Orchestra 4,5061,139.0,1375.79,254.46,1,0,06dbf9ec-66a9-4355-bfd7-345962a667e1,174220,4814d763-d17f-4c67-85ea-d3bafb56a6ca
orchestra,orchestra,X,5,Orchestra 4,5061,139.0,1402.86,258.92,1,0,06dbf9ec-66a9-4355-bfd7-345962a667e1,174221,94f7eced-f44f-46b5-98a5-4eb45d0d4edc
orchestra,orchestra,X,7,Orchestra 4,5061,139.0,1429.93,262.66,1,0,06dbf9ec-66a9-4355-bfd7-345962a667e1,174222,3cd4c23a-87d7-48b0-a04e-cf2996182fdc
orchestra,orchestra,X,9,Orchestra 4,5061,139.0,1457.0,267.66,1,0,06dbf9ec-66a9-4355-bfd7-345962a667e1,174223,7388cb7e-5b08-4107-86df-968b0579406b
orchestra,orchestra,X,11,Orchestra 4,5061,139.0,1484.07,272.92,1,0,06dbf9ec-66a9-4355-bfd7-345962a667e1,174224,b1559ef7-0f9b-40de-8e1d-ddc85babca20
orchestra,orchestra,X,13,Orchestra 4,5061,139.0,1511.14,278.47,1,0,06dbf9ec-66a9-4355-bfd7-345962a667e1,174225,a4d6c600-e3fb-4ca5-8edb-e591b74d33fa
orchestra,orchestra,X,15,Orchestra 4,5061,139.0,1538.21,284.29,1,0,06dbf9ec-66a9-4355-bfd7-345962a667e1,174226,ac557d31-2534-437c-a604-7b46286cfba5
orchestra,orchestra,X,17,Orchestra 4,5061,139.0,1565.28,289.4,1,0,06dbf9ec-66a9-4355-bfd7-345962a667e1,174227,ea03ccab-f6bc-48c6-9c1f-d6f9bdb4cb4b
orchestra,orchestra,X,19,Orchestra 4,5061,139.0,1592.34,295.79,1,0,06dbf9ec-66a9-4355-bfd7-345962a667e1,174228,b0551806-57fd-46d0-bfa2-ec4260d832a7
orchestra,orchestra,X,21,Orchestra 4,5061,139.0,1619.41,301.48,1,0,06dbf9ec-66a9-4355-bfd7-345962a667e1,174229,fad6318d-4dcc-4704-9311-1c60617c44ac
orchestra,orchestra,X,23,Orchestra 4,5061,139.0,1646.48,308.53,1,0,06dbf9ec-66a9-4355-bfd7-345962a667e1,174230,9d986b58-cbb6-4733-966d-b8d397ee6bfc
orchestra,orchestra,Y,1,Orchestra 4,5061,139.0,1350.11,213.26,22,0,06dbf9ec-66a9-4355-bfd7-345962a667e1,174139,b9752d44-fa71-4562-be88-520af902ae99
orchestra,orchestra,Y,3,Orchestra 4,5061,139.0,1377.52,217.32,1,0,06dbf9ec-66a9-4355-bfd7-345962a667e1,174140,c5408a28-0ab2-45ef-8d83-257db7b76633
orchestra,orchestra,Y,5,Orchestra 4,5061,139.0,1404.95,221.68,1,0,06dbf9ec-66a9-4355-bfd7-345962a667e1,174141,a87b6886-d630-4fb9-bdcb-f269cf741465
orchestra,orchestra,Y,7,Orchestra 4,5061,139.0,1432.37,226.33,1,0,06dbf9ec-66a9-4355-bfd7-345962a667e1,174142,067959c6-a28e-4ecb-99df-67a3fcb7d1f1
orchestra,orchestra,Y,9,Orchestra 4,5061,139.0,1459.79,230.23,1,0,06dbf9ec-66a9-4355-bfd7-345962a667e1,174143,7edbc6e7-68f5-485d-92aa-3978b51239e4
orchestra,orchestra,Y,11,Orchestra 4,5061,139.0,1487.21,235.4,1,0,06dbf9ec-66a9-4355-bfd7-345962a667e1,174144,5a4247be-fae7-4cfc-abeb-280ec4e997d8
orchestra,orchestra,Y,13,Orchestra 4,5061,139.0,1514.64,240.85,1,0,06dbf9ec-66a9-4355-bfd7-345962a667e1,174145,372c38c0-74e9-48e6-8a87-f7a8eae1a34c
orchestra,orchestra,Y,15,Orchestra 4,5061,139.0,1542.06,246.58,1,0,06dbf9ec-66a9-4355-bfd7-345962a667e1,174146,e2d10676-c5bb-46e9-966a-dfd0d755ad52
orchestra,orchestra,Y,17,Orchestra 4,5061,139.0,1569.48,252.59,1,0,06dbf9ec-66a9-4355-bfd7-345962a667e1,174147,228d815c-cdf3-4f47-a1b6-522ab6bf8e30
orchestra,orchestra,Y,19,Orchestra 4,5061,139.0,1596.9,258.89,1,0,06dbf9ec-66a9-4355-bfd7-345962a667e1,174148,c2ef9463-cdee-4a87-ba8d-346ff6f8a1fc
orchestra,orchestra,Y,21,Orchestra 4,5061,139.0,1624.32,264.49,1,0,06dbf9ec-66a9-4355-bfd7-345962a667e1,174149,32d81878-d33b-4fce-b6df-4c3fb1d0b635
orchestra,orchestra,Y,23,Orchestra 4,5061,139.0,1651.75,271.43,1,0,06dbf9ec-66a9-4355-bfd7-345962a667e1,174150,6433b2ba-1b09-4ae2-bf11-4ec8d2cbb05c
orchestra,orchestra,Z,1,Orchestra 4,5061,139.0,1351.11,175.64,1,0,06dbf9ec-66a9-4355-bfd7-345962a667e1,174059,282fa7a4-d4dd-431b-b3b7-22ce00db9b50
orchestra,orchestra,Z,3,Orchestra 4,5061,139.0,1378.94,179.7,1,0,06dbf9ec-66a9-4355-bfd7-345962a667e1,174060,26ab590c-bef0-45a8-ae6d-4a9b3a562991
orchestra,orchestra,Z,5,Orchestra 4,5061,139.0,1406.78,184.07,1,0,06dbf9ec-66a9-4355-bfd7-345962a667e1,174061,cd910a6a-0566-46a2-b2fe-9d3fba5e273b
orchestra,orchestra,Z,7,Orchestra 4,5061,139.0,1434.62,188.71,1,0,06dbf9ec-66a9-4355-bfd7-345962a667e1,174062,bf329514-7aca-4a90-ac31-f318a243f90c
orchestra,orchestra,Z,9,Orchestra 4,5061,139.0,1462.46,193.62,1,0,06dbf9ec-66a9-4355-bfd7-345962a667e1,174063,08a87701-dcaa-4904-91e1-0c80712a3f0d
orchestra,orchestra,Z,11,Orchestra 4,5061,139.0,1490.3,198.78,1,0,06dbf9ec-66a9-4355-bfd7-345962a667e1,174064,bae13d72-f773-4656-a8b9-c5609961f467
orchestra,orchestra,Z,13,Orchestra 4,5061,139.0,1518.14,203.23,1,0,06dbf9ec-66a9-4355-bfd7-345962a667e1,174065,ab561bf2-4959-4699-80f5-4479686350b9
orchestra,orchestra,Z,15,Orchestra 4,5061,139.0,1545.98,208.96,1,0,06dbf9ec-66a9-4355-bfd7-345962a667e1,174066,9b8e65c3-eb2a-4946-b6ee-d7c0312f0ea8
orchestra,orchestra,Z,17,Orchestra 4,5061,139.0,1573.81,214.97,1,0,06dbf9ec-66a9-4355-bfd7-345962a667e1,174067,5e47527c-326b-43a2-aca9-d44f7b9b743e
orchestra,orchestra,Z,19,Orchestra 4,5061,139.0,1601.65,221.27,1,0,06dbf9ec-66a9-4355-bfd7-345962a667e1,174068,3303e019-2b43-40d0-8db0-ba64286938e7
orchestra,orchestra,Z,21,Orchestra 4,5061,139.0,1629.49,226.87,1,0,06dbf9ec-66a9-4355-bfd7-345962a667e1,174069,356bf3ee-dd11-46bc-a2c1-a5c164ca521d
orchestra,orchestra,Z,23,Orchestra 4,5061,139.0,1657.33,233.81,1,0,06dbf9ec-66a9-4355-bfd7-345962a667e1,174070,32499de6-06f5-4bb8-b654-c4da51351c0b
orchestra,orchestra,ZZ,1,Orc 4 Accessible (bc2),5073,88.0,1353.42,138.03,18,0,06dbf9ec-66a9-4355-bfd7-345962a667e1,173899,f31c5d9b-cdff-4920-aa58-9487d616f9d2
orchestra,orchestra,ZZ,3,Orc 4 Accessible (bc2),5073,88.0,1381.6,143.1,8,0,06dbf9ec-66a9-4355-bfd7-345962a667e1,173900,198954e0-d3b4-48b5-98d9-690b9627ccc7
orchestra,orchestra,ZZ,5,Orc 4 Accessible (bc2),5073,88.0,1409.76,147.45,15,0,06dbf9ec-66a9-4355-bfd7-345962a667e1,173901,80aab14d-a493-4910-b190-f40335bb6f4b
orchestra,orchestra,ZZ,7,Orc 4 Accessible (bc2),5073,88.0,1437.93,152.09,18,0,06dbf9ec-66a9-4355-bfd7-345962a667e1,173902,200a0516-26ec-46a1-8bd2-26bee5911f33
orchestra,orchestra,ZZ,9,Orc 4 Accessible (bc2),5073,88.0,1466.1,157.0,18,0,06dbf9ec-66a9-4355-bfd7-345962a667e1,173903,e9494df1-3828-4aed-a735-fe8e5b4a8c4d
orchestra,orchestra,ZZ,11,Orc 4 Accessible (bc2),5073,88.0,1494.28,162.17,8,0,06dbf9ec-66a9-4355-bfd7-345962a667e1,173904,73fb493a-55dc-4525-8eaa-a5c8f80cce86
orchestra,orchestra,ZZ,13,Orc 4 Accessible (bc2),5073,88.0,1522.45,167.61,15,0,06dbf9ec-66a9-4355-bfd7-345962a667e1,173905,48f2c288-16e3-4bbb-9314-6b8e39c4ed56
orchestra,orchestra,ZZ,15,Orc 4 Accessible (bc2),5073,88.0,1550.62,173.34,13,0,06dbf9ec-66a9-4355-bfd7-345962a667e1,173906,204b1d32-0f3c-4871-a14e-445af61ad1e6
orchestra,orchestra,ZZ,17,Orc 4 Accessible (bc2),5073,88.0,1578.79,179.35,18,0,06dbf9ec-66a9-4355-bfd7-345962a667e1,173907,1683987b-234e-42d0-b2dc-ef3ad00aa733
orchestra,orchestra,ZZ,19,Orc 4 Accessible (bc2),5073,88.0,1606.96,185.65,8,0,06dbf9ec-66a9-4355-bfd7-345962a667e1,173908,16d925a3-e6c8-48ce-8951-5f0882c2db5f
orchestra,orchestra,ZZ,21,Orc 4 Accessible (bc2),5073,88.0,1635.14,191.25,15,0,06dbf9ec-66a9-4355-bfd7-345962a667e1,173909,b1b211db-5fae-4ffe-aafd-b47540e29820
orchestra,orchestra,ZZ,23,Orc 4 Accessible (bc2),5073,88.0,1663.31,197.19,18,0,06dbf9ec-66a9-4355-bfd7-345962a667e1,173910,60488dbd-ac07-4930-b7c3-31670578c433
orchestra,orchestra,A,2,Orchestra Premium,5058,351.0,545.17,1032.85,1,0,a07dfe99-ac00-4a16-8e2c-9b6d6e03d161,173548,5bb27c80-9bef-4590-88f2-f2148ba12f32
orchestra,orchestra,A,4,Orchestra Premium,5058,351.0,516.05,1039.27,1,0,a07dfe99-ac00-4a16-8e2c-9b6d6e03d161,173547,61841279-332e-4201-8f36-ae7b0175ef97
orchestra,orchestra,A,6,Orchestra 3,5060,202.0,486.92,1045.96,1,0,a07dfe99-ac00-4a16-8e2c-9b6d6e03d161,173546,2865630c-c829-4d3c-a747-15d6b2277a6d
orchestra,orchestra,A,8,Orchestra 3,5060,202.0,457.81,1052.93,1,0,a07dfe99-ac00-4a16-8e2c-9b6d6e03d161,173545,34fb0af9-02e9-41f6-96d2-948ccad62798
orchestra,orchestra,A,10,Orchestra 4,5061,139.0,428.69,1061.18,1,0,a07dfe99-ac00-4a16-8e2c-9b6d6e03d161,173544,7170f713-e9b7-4fc0-84d0-6c890fd4f900
orchestra,orchestra,A,12,Orchestra 4,5061,139.0,399.59,1069.73,1,0,a07dfe99-ac00-4a16-8e2c-9b6d6e03d161,173543,174b6855-3a20-45f4-a63a-7821c6afcec9
orchestra,orchestra,A,14,Orchestra 4,5061,139.0,370.5,1079.63,1,0,a07dfe99-ac00-4a16-8e2c-9b6d6e03d161,173542,0ee6c5c2-a684-413b-b536-7a6e8582a18a
orchestra,orchestra,A,16,Orchestra 4,5061,139.0,342.44,1089.37,1,0,a07dfe99-ac00-4a16-8e2c-9b6d6e03d161,173541,f4aea4d9-3cb1-4de5-b184-b4bbda8af94d
orchestra,orchestra,B,2,Orchestra Premium,5058,351.0,543.77,995.19,17,0,a07dfe99-ac00-4a16-8e2c-9b6d6e03d161,173468,fe1b55fb-1c68-4caa-b3c4-85fee19ef87e
orchestra,orchestra,B,4,Orchestra Premium,5058,351.0,514.1,1001.15,1,0,a07dfe99-ac00-4a16-8e2c-9b6d6e03d161,173467,ca4f856e-fa50-49fa-af17-87db35b38306
orchestra,orchestra,B,6,Orchestra 3,5060,202.0,484.43,1008.38,1,0,a07dfe99-ac00-4a16-8e2c-9b6d6e03d161,173466,a301862f-469a-4380-aa57-993ba10573e9
orchestra,orchestra,B,8,Orchestra 3,5060,202.0,454.76,1015.88,1,0,a07dfe99-ac00-4a16-8e2c-9b6d6e03d161,173465,1f63c5d2-5411-4d61-9d39-f89c1cce34af
orchestra,orchestra,B,10,Orchestra 4,5061,139.0,425.09,1023.67,1,0,a07dfe99-ac00-4a16-8e2c-9b6d6e03d161,173464,0fc8218a-bc8b-4742-94fb-a3a1afa2b645
orchestra,orchestra,B,12,Orchestra 4,5061,139.0,395.43,1032.76,1,0,a07dfe99-ac00-4a16-8e2c-9b6d6e03d161,173463,e9bd3841-8804-4cf0-b155-36d308adb6fc
orchestra,orchestra,B,14,Orchestra 4,5061,139.0,365.77,1042.19,1,0,a07dfe99-ac00-4a16-8e2c-9b6d6e03d161,173462,5ae28fb9-7c9d-4161-a4f8-24446343cd4d
orchestra,orchestra,B,16,Orchestra 4,5061,139.0,336.11,1052.99,1,0,a07dfe99-ac00-4a16-8e2c-9b6d6e03d161,173461,b1d3d2a4-2a98-4575-8318-684e6b001b9e
orchestra,orchestra,C,2,Orchestra Premium,5058,351.0,545.34,957.17,1,0,a07dfe99-ac00-4a16-8e2c-9b6d6e03d161,173388,8d48fda7-6cba-46ae-ad9d-688edc781960
orchestra,orchestra,C,4,Orchestra Premium,5058,351.0,518.17,963.64,1,0,a07dfe99-ac00-4a16-8e2c-9b6d6e03d161,173387,320383db-c6ba-4af2-890a-83c9de18fc29
orchestra,orchestra,C,6,Orchestra 3,5060,202.0,491.07,968.38,1,0,a07dfe99-ac00-4a16-8e2c-9b6d6e03d161,173386,07b70c6c-df4d-46ac-8341-2ff8d7747c16
orchestra,orchestra,C,8,Orchestra 3,5060,202.0,464.04,975.4,1,0,a07dfe99-ac00-4a16-8e2c-9b6d6e03d161,173385,3cf359de-c189-4549-8525-c792f75e4fac
orchestra,orchestra,C,10,Orchestra 4,5061,139.0,437.08,981.7,1,0,a07dfe99-ac00-4a16-8e2c-9b6d6e03d161,173384,aa44139d-fdc1-4c14-a777-68c9e7045b25
orchestra,orchestra,C,12,Orchestra 4,5061,139.0,410.2,990.28,1,0,a07dfe99-ac00-4a16-8e2c-9b6d6e03d161,173383,53e59122-c28f-429d-92eb-84102c21c30d
orchestra,orchestra,C,14,Orchestra 4,5061,139.0,383.41,998.17,1,0,a07dfe99-ac00-4a16-8e2c-9b6d6e03d161,173382,7857a479-bdb6-4de9-890e-d17e5ef800f0
orchestra,orchestra,C,16,Orchestra 4,5061,139.0,356.71,1007.39,1,0,93d469e9-1d30-4835-b8bf-ac62f14e4575,173381,f23fb300-0e84-4053-8167-2b44ba1f7354
orchestra,orchestra,C,18,Orchestra 4,5061,139.0,330.12,1016.99,1,0,93d469e9-1d30-4835-b8bf-ac62f14e4575,173380,2abc06ca-3c96-4071-b64c-25546c910b54
orchestra,orchestra,D,2,Orchestra Premium,5058,351.0,543.54,921.02,1,0,a07dfe99-ac00-4a16-8e2c-9b6d6e03d161,173308,c08feeab-fb31-45e2-85f7-199c97a16f2e
orchestra,orchestra,D,4,Orchestra Premium,5058,351.0,515.89,926.49,1,0,a07dfe99-ac00-4a16-8e2c-9b6d6e03d161,173307,2bbffc93-bee5-410f-99f3-1247589cd4b7
orchestra,orchestra,D,6,Orchestra 3,5060,202.0,488.24,932.23,1,0,a07dfe99-ac00-4a16-8e2c-9b6d6e03d161,173306,f587e791-b42d-423c-9b08-bb8265999e6f
orchestra,orchestra,D,8,Orchestra 3,5060,202.0,460.59,938.25,1,0,a07dfe99-ac00-4a16-8e2c-9b6d6e03d161,173305,3fd57edd-93fb-4645-b3ce-34cdd721c499
orchestra,orchestra,D,10,Orchestra 4,5061,139.0,432.93,945.55,1,0,a07dfe99-ac00-4a16-8e2c-9b6d6e03d161,173304,7cc533b3-99b5-4eb1-ae19-31d956ce31db
orchestra,orchestra,D,12,Orchestra 4,5061,139.0,405.28,953.13,1,0,a07dfe99-ac00-4a16-8e2c-9b6d6e03d161,173303,a0ab3d3c-518b-4932-a879-27c8d8d08ea4
orchestra,orchestra,D,14,Orchestra 4,5061,139.0,377.63,962.01,1,0,a07dfe99-ac00-4a16-8e2c-9b6d6e03d161,173302,9a7e7daa-c563-4fbe-b14c-90a232912ad9
orchestra,orchestra,D,16,Orchestra 4,5061,139.0,349.98,970.24,1,0,93d469e9-1d30-4835-b8bf-ac62f14e4575,173301,2d7b173e-c4b3-499f-9654-b21c4c60c08e
orchestra,orchestra,D,18,Orchestra 4,5061,139.0,322.33,979.84,1,0,93d469e9-1d30-4835-b8bf-ac62f14e4575,173300,709503e3-8aba-4720-898f-2808452c3caa
orchestra,orchestra,E,2,Orchestra Premium,5058,351.0,545.37,882.52,1,0,a07dfe99-ac00-4a16-8e2c-9b6d6e03d161,173228,0fd3038d-8389-424c-864b-f6d9e2b62c1c
orchestra,orchestra,E,4,Orchestra Premium,5058,351.0,519.9,887.4,1,0,a07dfe99-ac00-4a16-8e2c-9b6d6e03d161,173227,0ddce292-bbc0-458c-a0c5-2ab88da392ad
orchestra,orchestra,E,6,Orchestra 3,5060,202.0,494.43,892.54,1,0,a07dfe99-ac00-4a16-8e2c-9b6d6e03d161,173226,95a2989b-bf93-4dee-affa-51fc5af77bc8
orchestra,orchestra,E,8,Orchestra 3,5060,202.0,468.96,898.96,1,0,a07dfe99-ac00-4a16-8e2c-9b6d6e03d161,173225,56bbdeff-5c37-43ae-8fef-87cc7465f73b
orchestra,orchestra,E,10,Orchestra 4,5061,139.0,443.49,904.66,1,0,a07dfe99-ac00-4a16-8e2c-9b6d6e03d161,173224,b6763119-64e5-4e5d-a8dc-e7a0dc5bf789
orchestra,orchestra,E,12,Orchestra 4,5061,139.0,418.02,911.63,1,0,a07dfe99-ac00-4a16-8e2c-9b6d6e03d161,173223,e13997a0-c8a0-4f1c-a576-ff545dc7f0a6
orchestra,orchestra,E,14,Orchestra 4,5061,139.0,392.55,918.89,1,0,a07dfe99-ac00-4a16-8e2c-9b6d6e03d161,173222,ed2755f5-41d1-4dec-8a2e-99c31fb2abb4
orchestra,orchestra,E,16,Orchestra 4,5061,139.0,367.08,926.45,1,0,93d469e9-1d30-4835-b8bf-ac62f14e4575,173221,77b309ff-ad58-4913-972f-740e9df87466
orchestra,orchestra,E,18,Orchestra 4,5061,139.0,341.61,934.35,1,0,93d469e9-1d30-4835-b8bf-ac62f14e4575,173220,f90f5bc5-0808-4d26-bfbb-022fe9318160
orchestra,orchestra,E,20,Orchestra 4,5061,139.0,316.15,942.63,1,0,93d469e9-1d30-4835-b8bf-ac62f14e4575,173219,6e4fbe8f-9909-4405-bf9d-96d49b064939
orchestra,orchestra,F,2,Orchestra Premium,5058,351.0,544.44,845.5,1,0,a07dfe99-ac00-4a16-8e2c-9b6d6e03d161,173148,f19444e2-2d94-4946-b471-992de5a34b88
orchestra,orchestra,F,4,Orchestra Premium,5058,351.0,518.43,850.44,1,0,a07dfe99-ac00-4a16-8e2c-9b6d6e03d161,173147,e91db560-5291-430c-b5b7-ba260af750fe
orchestra,orchestra,F,6,Orchestra 3,5060,202.0,492.42,855.63,1,0,a07dfe99-ac00-4a16-8e2c-9b6d6e03d161,173146,7d141792-508c-4dec-b827-f8ccb33046a0
orchestra,orchestra,F,8,Orchestra 3,5060,202.0,466.41,862.11,1,0,a07dfe99-ac00-4a16-8e2c-9b6d6e03d161,173145,071a405e-5076-4c16-bbe6-a0cfe3d567da
orchestra,orchestra,F,10,Orchestra 4,5061,139.0,440.4,867.87,1,0,a07dfe99-ac00-4a16-8e2c-9b6d6e03d161,173144,caf24f52-ae81-4df9-a4b7-e744fd3347b0
orchestra,orchestra,F,12,Orchestra 4,5061,139.0,414.4,874.91,1,0,a07dfe99-ac00-4a16-8e2c-9b6d6e03d161,173143,b921f76b-f9fc-401e-bcaa-e539996975c1
orchestra,orchestra,F,14,Orchestra 4,5061,139.0,388.39,881.23,1,0,93d469e9-1d30-4835-b8bf-ac62f14e4575,173142,ee794e86-c783-406a-a135-0624119360fa
orchestra,orchestra,F,16,Orchestra 4,5061,139.0,362.38,888.84,1,0,93d469e9-1d30-4835-b8bf-ac62f14e4575,173141,84997693-7a4d-4c01-b7ba-0c37e0f10c4e
orchestra,orchestra,F,18,Orchestra 4,5061,139.0,336.37,896.81,1,0,93d469e9-1d30-4835-b8bf-ac62f14e4575,173140,76f85b26-6e30-4d80-bdb7-429215bee9db
orchestra,orchestra,F,20,Orchestra 4,5061,139.0,310.36,905.15,1,0,93d469e9-1d30-4835-b8bf-ac62f14e4575,173139,fd6c0b3a-bfa9-4170-8d24-18dc9696d5e9
orchestra,orchestra,G,2,Orchestra Premium,5058,351.0,543.36,808.29,1,0,a07dfe99-ac00-4a16-8e2c-9b6d6e03d161,173068,70f0ed4e-3ae6-49d2-bfad-38b1d303d697
orchestra,orchestra,G,4,Orchestra Premium,5058,351.0,516.78,813.16,1,0,a07dfe99-ac00-4a16-8e2c-9b6d6e03d161,173067,f64fc2ee-f5fa-4120-8aad-4c28d661480e
orchestra,orchestra,G,6,Orchestra 3,5060,202.0,490.19,818.28,1,0,a07dfe99-ac00-4a16-8e2c-9b6d6e03d161,173066,1540a09b-3fc0-42c2-90bd-3a728e2d470f
orchestra,orchestra,G,8,Orchestra 3,5060,202.0,463.61,823.68,1,0,a07dfe99-ac00-4a16-8e2c-9b6d6e03d161,173065,8604ab3a-a112-43a6-ad02-35f6d17235c4
orchestra,orchestra,G,10,Orchestra 4,5061,139.0,437.03,830.36,1,0,a07dfe99-ac00-4a16-8e2c-9b6d6e03d161,173064,d6264356-fd34-4565-80be-f8d97c00b7fa
orchestra,orchestra,G,12,Orchestra 4,5061,139.0,410.45,837.32,1,0,a07dfe99-ac00-4a16-8e2c-9b6d6e03d161,173063,2d495e85-71e2-488c-bacc-df466b0d2733
orchestra,orchestra,G,14,Orchestra 4,5061,139.0,383.86,844.56,1,0,93d469e9-1d30-4835-b8bf-ac62f14e4575,173062,89efe614-46f1-4806-82b5-4721dcef635c
orchestra,orchestra,G,16,Orchestra 4,5061,139.0,357.27,852.1,1,0,93d469e9-1d30-4835-b8bf-ac62f14e4575,173061,2f846288-06a6-4879-ad43-ae73a255dcd1
orchestra,orchestra,G,18,Orchestra 4,5061,139.0,330.69,859.99,1,0,93d469e9-1d30-4835-b8bf-ac62f14e4575,173060,533aef15-5484-426b-974b-1b0718512dd1
orchestra,orchestra,G,20,Orchestra 4,5061,139.0,304.11,868.25,1,0,93d469e9-1d30-4835-b8bf-ac62f14e4575,173059,76d6c167-2127-49c8-8264-301c7a7dbcc9
orchestra,orchestra,H,2,Orchestra Premium,5058,351.0,544.34,770.34,1,0,a07dfe99-ac00-4a16-8e2c-9b6d6e03d161,172988,a9ff111f-ab31-4531-ab40-eedc564abca1
orchestra,orchestra,H,4,Orchestra Premium,5058,351.0,519.68,775.56,1,0,a07dfe99-ac00-4a16-8e2c-9b6d6e03d161,172987,a8872f2f-7ba4-4f75-b014-ff135b555225
orchestra,orchestra,H,6,Orchestra 3,5060,202.0,495.03,780.04,1,0,a07dfe99-ac00-4a16-8e2c-9b6d6e03d161,172986,299bcbf8-0d1a-4f83-a8fe-09a4226f71c5
orchestra,orchestra,H,8,Orchestra 3,5060,202.0,470.37,784.77,1,0,a07dfe99-ac00-4a16-8e2c-9b6d6e03d161,172985,e5cd2359-2950-43ec-9872-f96a1d33f7f4
orchestra,orchestra,H,10,Orchestra 4,5061,139.0,445.72,790.8,1,0,a07dfe99-ac00-4a16-8e2c-9b6d6e03d161,172984,2cb74326-778c-4414-80d5-5c9d10eceba0
orchestra,orchestra,H,12,Orchestra 4,5061,139.0,421.06,796.1,1,0,a07dfe99-ac00-4a16-8e2c-9b6d6e03d161,172983,bb86265d-b026-429d-b465-43d50359e3fb
orchestra,orchestra,H,14,Orchestra 4,5061,139.0,396.41,802.67,1,0,93d469e9-1d30-4835-b8bf-ac62f14e4575,172982,8d0a494d-ec3f-47ce-ba76-cee331508756
orchestra,orchestra,H,16,Orchestra 4,5061,139.0,371.75,809.54,1,0,93d469e9-1d30-4835-b8bf-ac62f14e4575,172981,d36cb92e-8990-4bb7-9377-799948ef7d82
orchestra,orchestra,H,18,Orchestra 4,5061,139.0,347.09,816.7,1,0,93d469e9-1d30-4835-b8bf-ac62f14e4575,172980,55a6dc2d-4a9d-46be-940f-37bfaf4c276f
orchestra,orchestra,H,20,Orchestra 4,5061,139.0,322.44,824.21,1,0,93d469e9-1d30-4835-b8bf-ac62f14e4575,172979,d6014b81-0b8e-475e-9a02-8ee900900895
orchestra,orchestra,H,22,Orchestra 4,5061,139.0,297.78,832.1,1,0,93d469e9-1d30-4835-b8bf-ac62f14e4575,172978,9b73514e-ea58-48c8-aee3-8d010ed1fa70
orchestra,orchestra,J,2,Orchestra Premium,5058,351.0,542.84,733.3,1,0,a07dfe99-ac00-4a16-8e2c-9b6d6e03d161,172908,d8f93416-2148-43f8-9a53-799f2e8dcf0a
orchestra,orchestra,J,4,Orchestra Premium,5058,351.0,517.72,737.65,1,0,a07dfe99-ac00-4a16-8e2c-9b6d6e03d161,172907,4e55ffc9-497d-4f80-a6fd-44f202c86e1c
orchestra,orchestra,J,6,Orchestra 3,5060,202.0,492.59,743.26,1,0,a07dfe99-ac00-4a16-8e2c-9b6d6e03d161,172906,92dbede8-eb57-4eb9-82a6-9f760eb181d5
orchestra,orchestra,J,8,Orchestra 3,5060,202.0,467.47,748.13,1,0,a07dfe99-ac00-4a16-8e2c-9b6d6e03d161,172905,8387f67a-0ee4-4ef3-a6bc-27cdc82cabd1
orchestra,orchestra,J,10,Orchestra 4,5061,139.0,442.35,753.28,1,0,a07dfe99-ac00-4a16-8e2c-9b6d6e03d161,172904,7af9b825-6660-4380-91e7-60a7330bed30
orchestra,orchestra,J,12,Orchestra 4,5061,139.0,417.22,758.71,1,0,93d469e9-1d30-4835-b8bf-ac62f14e4575,172903,2282e269-8461-4ed1-8ca2-82b877fb068b
orchestra,orchestra,J,14,Orchestra 4,5061,139.0,392.09,764.41,1,0,93d469e9-1d30-4835-b8bf-ac62f14e4575,172902,c43380a4-5e91-4406-8a48-d42525176da9
orchestra,orchestra,J,16,Orchestra 4,5061,139.0,366.97,771.41,1,0,93d469e9-1d30-4835-b8bf-ac62f14e4575,172901,b670c661-4af7-4e80-8c06-acc8106527e7
orchestra,orchestra,J,18,Orchestra 4,5061,139.0,341.84,778.7,1,0,93d469e9-1d30-4835-b8bf-ac62f14e4575,172900,32f4a714-30d0-4e21-8822-0cd436539bc9
orchestra,orchestra,J,20,Orchestra 4,5061,139.0,316.72,786.34,1,0,93d469e9-1d30-4835-b8bf-ac62f14e4575,172899,08d9be94-c628-41f7-8ff8-b9d073a7acef
orchestra,orchestra,J,22,Orchestra 4,5061,139.0,291.6,794.35,17,0,93d469e9-1d30-4835-b8bf-ac62f14e4575,172898,b46e39d7-be85-48b7-be56-4c9bb883b894
orchestra,orchestra,K,2,Orchestra Premium2,5059,351.0,542.97,696.91,17,0,f4253fad-3ce2-4d04-ae9b-141438d2ebe3,172828,c4654588-7fa4-457f-a1b7-6dfd7ed87f02
orchestra,orchestra,K,4,Orchestra Premium2,5059,351.0,517.24,701.26,1,0,f4253fad-3ce2-4d04-ae9b-141438d2ebe3,172827,78ac5b84-247d-48fc-ac6c-c9957d22fe8e
orchestra,orchestra,K,6,Orchestra 3,5060,202.0,491.52,705.87,1,0,f4253fad-3ce2-4d04-ae9b-141438d2ebe3,172826,8c5e1fcb-dd44-4c83-a9a7-f553a7918418
orchestra,orchestra,K,8,Orchestra 3,5060,202.0,465.8,710.73,1,0,f4253fad-3ce2-4d04-ae9b-141438d2ebe3,172825,657fd1de-7237-4e91-9dd9-0855693eb2d6
orchestra,orchestra,K,10,Orchestra 4,5061,139.0,440.07,716.89,1,0,f4253fad-3ce2-4d04-ae9b-141438d2ebe3,172824,34d70b91-5b54-4961-9cd6-95a56db2489b
orchestra,orchestra,K,12,Orchestra 4,5061,139.0,414.35,722.32,1,0,93d469e9-1d30-4835-b8bf-ac62f14e4575,172823,f5fab262-ec75-4a80-8285-3e742121f2ea
orchestra,orchestra,K,14,Orchestra 4,5061,139.0,388.62,728.02,1,0,93d469e9-1d30-4835-b8bf-ac62f14e4575,172822,bd9ee231-f26b-490e-afec-74d2f52e4a52
orchestra,orchestra,K,16,Orchestra 4,5061,139.0,362.9,735.01,1,0,93d469e9-1d30-4835-b8bf-ac62f14e4575,172821,08d721d5-d193-4a63-a9bc-57de1ec11e81
orchestra,orchestra,K,18,Orchestra 4,5061,139.0,337.17,742.31,1,0,93d469e9-1d30-4835-b8bf-ac62f14e4575,172820,f275d426-ca6f-446e-8ebc-917d07b04bd2
orchestra,orchestra,K,20,Orchestra 4,5061,139.0,311.45,749.95,1,0,93d469e9-1d30-4835-b8bf-ac62f14e4575,172819,cbd6ba08-12be-4f6d-bc21-d35d60d61991
orchestra,orchestra,K,22,Orchestra 4,5061,139.0,285.73,757.96,17,0,93d469e9-1d30-4835-b8bf-ac62f14e4575,172818,26a83fa3-cc11-48eb-8fc9-ec9d483f7d7d
orchestra,orchestra,L,2,Orchestra Premium2,5059,351.0,543.12,658.55,1,0,f4253fad-3ce2-4d04-ae9b-141438d2ebe3,172748,d76b7398-84b8-4599-a429-fc748cdba1ab
orchestra,orchestra,L,4,Orchestra Premium2,5059,351.0,519.05,663.13,1,0,f4253fad-3ce2-4d04-ae9b-141438d2ebe3,172747,acb3db14-5b30-41e9-adcc-857ade23d2d9
orchestra,orchestra,L,6,Orchestra 3,5060,202.0,494.97,667.98,1,0,f4253fad-3ce2-4d04-ae9b-141438d2ebe3,172746,6cb74575-00d4-407f-9999-0169f95e281e
orchestra,orchestra,L,8,Orchestra 3,5060,202.0,470.89,672.1,1,0,f4253fad-3ce2-4d04-ae9b-141438d2ebe3,172745,8680543f-7250-4d9a-87f3-937694c6d9cf
orchestra,orchestra,L,10,Orchestra 4,5061,139.0,446.8,677.47,1,0,f4253fad-3ce2-4d04-ae9b-141438d2ebe3,172744,89db39d4-f572-4665-a7ad-7914ea61944e
orchestra,orchestra,L,12,Orchestra 4,5061,139.0,422.7,683.13,1,0,f4253fad-3ce2-4d04-ae9b-141438d2ebe3,172743,73642c37-7679-4e0d-8a4f-b11bd893414c
orchestra,orchestra,L,14,Orchestra 4,5061,139.0,398.61,688.07,1,0,93d469e9-1d30-4835-b8bf-ac62f14e4575,172742,0a067dea-1f53-43f2-9c27-e99dbc93855b
orchestra,orchestra,L,16,Orchestra 4,5061,139.0,374.5,693.28,1,0,93d469e9-1d30-4835-b8bf-ac62f14e4575,172741,21f0934d-8a31-42d1-8924-78b44ea6c151
orchestra,orchestra,L,18,Orchestra 4,5061,139.0,350.39,699.78,1,0,93d469e9-1d30-4835-b8bf-ac62f14e4575,172740,b40912a9-843c-4f5c-9d1f-2c6e4c311149
orchestra,orchestra,L,20,Orchestra 4,5061,139.0,326.28,706.58,1,0,93d469e9-1d30-4835-b8bf-ac62f14e4575,172739,a1b508fe-9b7b-459e-ac53-fade50d18d16
orchestra,orchestra,L,22,Orchestra 4,5061,139.0,302.71,713.85,22,0,93d469e9-1d30-4835-b8bf-ac62f14e4575,172738,dbd7be0e-0aaf-449d-9cc4-19cfef43e231
orchestra,orchestra,M,2,Orchestra Premium2,5059,351.0,543.11,621.52,1,0,f4253fad-3ce2-4d04-ae9b-141438d2ebe3,172668,6f8981a6-64a7-4a7b-8385-3cbc1da36a90
orchestra,orchestra,M,4,Orchestra Premium2,5059,351.0,518.6,626.16,1,0,f4253fad-3ce2-4d04-ae9b-141438d2ebe3,172667,8759f49f-e2a5-487c-8b52-a8a3cafe755e
orchestra,orchestra,M,6,Orchestra 3,5060,202.0,494.08,631.07,1,0,f4253fad-3ce2-4d04-ae9b-141438d2ebe3,172666,103043a2-6c94-41d9-97a1-e27e999f185a
orchestra,orchestra,M,8,Orchestra 3,5060,202.0,469.55,635.25,1,0,f4253fad-3ce2-4d04-ae9b-141438d2ebe3,172665,73626040-e48c-4469-a19d-c81ab75273a0
orchestra,orchestra,M,10,Orchestra 4,5061,139.0,445.02,640.68,1,0,f4253fad-3ce2-4d04-ae9b-141438d2ebe3,172664,befc8824-c3df-48dd-8af5-b9902ee19ccf
orchestra,orchestra,M,12,Orchestra 4,5061,139.0,420.49,646.4,1,0,f4253fad-3ce2-4d04-ae9b-141438d2ebe3,172663,4af93531-ba13-44f5-a0be-e1bdcbb2aa3f
orchestra,orchestra,M,14,Orchestra 4,5061,139.0,395.96,651.39,1,0,f4253fad-3ce2-4d04-ae9b-141438d2ebe3,172662,1c669aea-b3f8-4ced-bcde-23c0698068aa
orchestra,orchestra,M,16,Orchestra 4,5061,139.0,371.41,657.66,1,0,93d469e9-1d30-4835-b8bf-ac62f14e4575,172661,8f59e51f-0be7-4f92-a456-a64677cece0a
orchestra,orchestra,M,18,Orchestra 4,5061,139.0,346.87,663.22,1,0,93d469e9-1d30-4835-b8bf-ac62f14e4575,172660,9a7ffb65-d2ef-4c34-8b17-4ffad62b3cf4
orchestra,orchestra,M,20,Orchestra 4,5061,139.0,322.31,669.08,1,0,93d469e9-1d30-4835-b8bf-ac62f14e4575,172659,46690eed-43f8-4bd5-9b6f-8c37f013ec11
orchestra,orchestra,M,22,Orchestra 4,5061,139.0,297.76,676.28,1,0,93d469e9-1d30-4835-b8bf-ac62f14e4575,172658,f9bf032f-3224-4ff5-9cc9-e3e48f0701e4
orchestra,orchestra,N,2,Orchestra Premium2,5059,351.0,541.9,584.93,1,0,f4253fad-3ce2-4d04-ae9b-141438d2ebe3,172588,09a318d8-cb38-47d4-8b94-9588839628a9
orchestra,orchestra,N,4,Orchestra Premium2,5059,351.0,516.86,589.69,1,0,f4253fad-3ce2-4d04-ae9b-141438d2ebe3,172587,38a38747-8190-4fde-9849-7e0fe074a1bd
orchestra,orchestra,N,6,Orchestra 3,5060,202.0,491.81,593.74,1,0,f4253fad-3ce2-4d04-ae9b-141438d2ebe3,172586,23a72544-a04c-4ebf-9a2a-b055b613097c
orchestra,orchestra,N,8,Orchestra 3,5060,202.0,466.77,599.03,1,0,f4253fad-3ce2-4d04-ae9b-141438d2ebe3,172585,8edbf346-a825-47f2-b20d-2739da86b904
orchestra,orchestra,N,10,Orchestra 4,5061,139.0,441.72,603.59,1,0,f4253fad-3ce2-4d04-ae9b-141438d2ebe3,172584,cf61e947-027b-46e4-ad2c-7f4e7e5c1b06
orchestra,orchestra,N,12,Orchestra 4,5061,139.0,416.68,609.44,1,0,f4253fad-3ce2-4d04-ae9b-141438d2ebe3,172583,ab6fc2fc-0c62-4202-ba75-e765722abd69
orchestra,orchestra,N,14,Orchestra 4,5061,139.0,391.64,614.56,1,0,f4253fad-3ce2-4d04-ae9b-141438d2ebe3,172582,ef23f226-9180-4c35-bdda-8f1414df8953
orchestra,orchestra,N,16,Orchestra 4,5061,139.0,366.59,619.97,1,0,f4253fad-3ce2-4d04-ae9b-141438d2ebe3,172581,416cab2c-bd00-4aa1-ae4e-2dad40c683aa
orchestra,orchestra,N,18,Orchestra 4,5061,139.0,341.55,626.65,1,0,93d469e9-1d30-4835-b8bf-ac62f14e4575,172580,9cb54e16-4e82-41ae-a4d0-e82cd52730e1
orchestra,orchestra,N,20,Orchestra 4,5061,139.0,316.5,633.64,1,0,93d469e9-1d30-4835-b8bf-ac62f14e4575,172579,a6fe0d9b-4808-4c4a-83dd-3cec1e77d890
orchestra,orchestra,N,22,Orchestra 4,5061,139.0,291.46,639.98,1,0,93d469e9-1d30-4835-b8bf-ac62f14e4575,172578,4ac3d101-0d81-4f04-87ab-6087dfe9a299
orchestra,orchestra,O,2,Orchestra Premium2,5059,351.0,541.13,547.71,17,0,f4253fad-3ce2-4d04-ae9b-141438d2ebe3,172508,933434e6-5423-494f-aa63-ea51fe54b9a8
orchestra,orchestra,O,4,Orchestra Premium2,5059,351.0,515.6,552.35,1,0,f4253fad-3ce2-4d04-ae9b-141438d2ebe3,172507,54ea921b-1df2-42af-b916-35f01b7791c2
orchestra,orchestra,O,6,Orchestra 3,5060,202.0,490.08,556.27,1,0,f4253fad-3ce2-4d04-ae9b-141438d2ebe3,172506,e0750a9c-2af5-4acd-a272-12f4f4a34441
orchestra,orchestra,O,8,Orchestra 3,5060,202.0,464.55,561.45,1,0,f4253fad-3ce2-4d04-ae9b-141438d2ebe3,172505,41fa97ff-968b-4490-848b-96918a4aa8b0
orchestra,orchestra,O,10,Orchestra 4,5061,139.0,439.03,566.89,1,0,f4253fad-3ce2-4d04-ae9b-141438d2ebe3,172504,27badf18-3936-4956-8d39-38473bd5111a
orchestra,orchestra,O,12,Orchestra 4,5061,139.0,413.5,571.61,1,0,f4253fad-3ce2-4d04-ae9b-141438d2ebe3,172503,03648f76-02bb-4c26-9733-c6a2cd8d38e9
orchestra,orchestra,O,14,Orchestra 4,5061,139.0,387.98,576.62,1,0,f4253fad-3ce2-4d04-ae9b-141438d2ebe3,172502,7824e9cc-7387-4899-94f6-564823838b94
orchestra,orchestra,O,16,Orchestra 4,5061,139.0,362.45,582.9,1,0,f4253fad-3ce2-4d04-ae9b-141438d2ebe3,172501,4812148a-2cb0-4144-81bb-e11a2a74ef3b
orchestra,orchestra,O,18,Orchestra 4,5061,139.0,336.93,589.47,1,0,f4253fad-3ce2-4d04-ae9b-141438d2ebe3,172500,d55fefbf-637d-4f61-82ed-4cc5947edabb
orchestra,orchestra,O,20,Orchestra 4,5061,139.0,311.4,596.34,1,0,93d469e9-1d30-4835-b8bf-ac62f14e4575,172499,a2b56ddf-7d92-4fea-bb5d-24fc47158aaf
orchestra,orchestra,O,22,Orchestra 4,5061,139.0,285.87,603.56,1,0,93d469e9-1d30-4835-b8bf-ac62f14e4575,172498,3ee6ccfe-bc58-49af-8672-2cb6b61bfd0c
orchestra,orchestra,P,2,Orchestra Premium2,5059,351.0,540.99,510.46,1,0,f4253fad-3ce2-4d04-ae9b-141438d2ebe3,172428,3cb16bce-c51f-48b7-a808-06dcfd533c96
orchestra,orchestra,P,4,Orchestra Premium2,5059,351.0,514.95,515.22,1,0,f4253fad-3ce2-4d04-ae9b-141438d2ebe3,172427,4ee86e35-43f3-4913-9333-156d3f6e479a
orchestra,orchestra,P,6,Orchestra 3,5060,202.0,488.9,519.26,1,0,f4253fad-3ce2-4d04-ae9b-141438d2ebe3,172426,4d6fd651-cf3d-4180-999f-56b7c8383010
orchestra,orchestra,P,8,Orchestra 3,5060,202.0,462.85,523.56,1,0,f4253fad-3ce2-4d04-ae9b-141438d2ebe3,172425,88bd1e8f-e7cf-486f-83cc-47b9d0375843
orchestra,orchestra,P,10,Orchestra 4,5061,139.0,436.81,529.12,1,0,f4253fad-3ce2-4d04-ae9b-141438d2ebe3,172424,021c31cb-cd32-493d-a47b-9fbea390cff5
orchestra,orchestra,P,12,Orchestra 4,5061,139.0,410.77,533.96,1,0,f4253fad-3ce2-4d04-ae9b-141438d2ebe3,172423,2afd7b38-d035-4857-9022-b70293875846
orchestra,orchestra,P,14,Orchestra 4,5061,139.0,384.72,540.09,1,0,f4253fad-3ce2-4d04-ae9b-141438d2ebe3,172422,c370afd2-c7a0-465d-882c-14999b58a56e
orchestra,orchestra,P,16,Orchestra 4,5061,139.0,358.68,546.49,1,0,f4253fad-3ce2-4d04-ae9b-141438d2ebe3,172421,8d5620d1-e0a1-418b-806b-8016f01c9bb6
orchestra,orchestra,P,18,Orchestra 4,5061,139.0,332.63,552.18,1,0,f4253fad-3ce2-4d04-ae9b-141438d2ebe3,172420,da6fcefb-66c6-450b-8e78-4b2319ca2ed4
orchestra,orchestra,P,20,Orchestra 4,5061,139.0,306.59,558.16,1,0,f4253fad-3ce2-4d04-ae9b-141438d2ebe3,172419,3080e968-73b2-4610-bc53-5c8435afe772
orchestra,orchestra,P,22,Orchestra 4,5061,139.0,280.54,565.5,1,0,93d469e9-1d30-4835-b8bf-ac62f14e4575,172418,c9070259-4dfb-4cda-94b6-746134ae2d4c
orchestra,orchestra,P,24,Orchestra 4,5061,139.0,254.5,573.21,1,0,93d469e9-1d30-4835-b8bf-ac62f14e4575,172417,ce29bd0c-9d00-4a78-94dc-f4313c43c28a
orchestra,orchestra,R,2,Orchestra Premium2,5059,351.0,541.14,473.47,1,0,f4253fad-3ce2-4d04-ae9b-141438d2ebe3,172348,26ee2333-49ff-4a33-8402-4e2cd99c61df
orchestra,orchestra,R,4,Orchestra Premium2,5059,351.0,516.61,476.79,1,0,f4253fad-3ce2-4d04-ae9b-141438d2ebe3,172347,9fe86c85-a821-405a-97da-87d0723aba73
orchestra,orchestra,S,2,Orchestra Premium2,5059,351.0,540.6,435.71,1,0,f4253fad-3ce2-4d04-ae9b-141438d2ebe3,172268,7d782007-80ac-4d54-ab2a-d9cef3179b23
orchestra,orchestra,S,4,Orchestra Premium2,5059,351.0,515.67,440.12,1,0,f4253fad-3ce2-4d04-ae9b-141438d2ebe3,172267,9cf56631-1149-4088-a4b7-86d301e446d1
orchestra,orchestra,S,6,Orc 4 Accessible,5062,139.0,465.8,448.83,18,0,f4253fad-3ce2-4d04-ae9b-141438d2ebe3,172265,734e086b-9332-4262-942d-f4cd6550ca82
orchestra,orchestra,S,8,Orc 4 Accessible,5062,139.0,440.87,453.08,8,0,f4253fad-3ce2-4d04-ae9b-141438d2ebe3,172264,317ad189-be89-4462-a9bf-161ec2b78dc5
orchestra,orchestra,S,12,Orc 4 Accessible,5062,139.0,391.01,463.4,13,0,f4253fad-3ce2-4d04-ae9b-141438d2ebe3,172262,4f80d626-531e-4f38-9f9b-4ae26e0fcbd0
orchestra,orchestra,S,14,Orc 4 Accessible,5062,139.0,366.07,468.47,18,0,f4253fad-3ce2-4d04-ae9b-141438d2ebe3,172261,053799ca-0de0-4680-9327-a6d06002e705
orchestra,orchestra,S,16,Orc 4 Accessible,5062,139.0,341.14,474.83,18,0,f4253fad-3ce2-4d04-ae9b-141438d2ebe3,172260,c0ab3fc6-b9f0-462c-b018-eba5789a3b1b
orchestra,orchestra,S,18,Orc 4 Accessible,5062,139.0,316.22,480.47,8,0,f4253fad-3ce2-4d04-ae9b-141438d2ebe3,172259,6fee0426-8123-40c3-ad04-b4f73326d549
orchestra,orchestra,S,20,Orc 4 Accessible,5062,139.0,291.28,486.42,15,0,f4253fad-3ce2-4d04-ae9b-141438d2ebe3,172258,a4d75ee0-7df6-4fbb-b472-32ea2a6220c2
orchestra,orchestra,T,2,Orchestra Premium2,5059,351.0,538.57,399.16,17,0,f4253fad-3ce2-4d04-ae9b-141438d2ebe3,172188,4b46dcbb-4abe-4670-bd5d-f65e1ffbf5fa
orchestra,orchestra,T,4,Orchestra Premium2,5059,351.0,513.21,403.49,1,0,f4253fad-3ce2-4d04-ae9b-141438d2ebe3,172187,3c155f6a-28e7-4357-b125-3628e9d4dae6
orchestra,orchestra,U,2,Orchestra 3,5060,202.0,538.13,362.14,1,0,f4253fad-3ce2-4d04-ae9b-141438d2ebe3,172108,528c5107-cced-4b13-8fc2-10c7b68d50c0
orchestra,orchestra,U,4,Orchestra 3,5060,202.0,512.44,366.46,1,0,f4253fad-3ce2-4d04-ae9b-141438d2ebe3,172107,12268bf9-3012-486e-96ed-703bf722e5f7
orchestra,orchestra,U,6,Orchestra 3,5060,202.0,486.74,370.1,1,0,f4253fad-3ce2-4d04-ae9b-141438d2ebe3,172106,9b181986-5eaf-4f64-9e10-ee1432b03458
orchestra,orchestra,U,8,Orchestra 3,5060,202.0,461.04,374.01,1,0,f4253fad-3ce2-4d04-ae9b-141438d2ebe3,172105,e7ecce17-b574-46fa-8862-dc27973eac3d
orchestra,orchestra,U,10,Orchestra 4,5061,139.0,435.34,379.19,1,0,f4253fad-3ce2-4d04-ae9b-141438d2ebe3,172104,98fcf16d-4dfd-47ee-b546-b1fd75c6f922
orchestra,orchestra,U,12,Orchestra 4,5061,139.0,409.64,384.63,1,0,f4253fad-3ce2-4d04-ae9b-141438d2ebe3,172103,269cb1c0-1ceb-482d-8634-ce4b08049a5e
orchestra,orchestra,U,14,Orchestra 4,5061,139.0,383.94,390.35,1,0,f4253fad-3ce2-4d04-ae9b-141438d2ebe3,172102,7f120b53-7cd7-4bf3-a300-f33598de9452
orchestra,orchestra,U,16,Orchestra 4,5061,139.0,358.24,395.35,1,0,f4253fad-3ce2-4d04-ae9b-141438d2ebe3,172101,6632716e-00b7-480a-ba27-976173c54012
orchestra,orchestra,U,18,Orchestra 4,5061,139.0,332.55,400.63,1,0,f4253fad-3ce2-4d04-ae9b-141438d2ebe3,172100,d24e8757-0af9-4b13-b2ee-87b997a50a84
orchestra,orchestra,U,20,Orchestra 4,5061,139.0,306.85,407.19,1,0,f4253fad-3ce2-4d04-ae9b-141438d2ebe3,172099,dc022db1-c3ef-4b67-8415-20ddc758642f
orchestra,orchestra,U,22,Orchestra 4,5061,139.0,281.15,413.06,1,0,f4253fad-3ce2-4d04-ae9b-141438d2ebe3,172098,e5cf8d7f-8ad8-41b8-9f76-16719ebed166
orchestra,orchestra,U,24,Orchestra 4,5061,139.0,255.45,419.26,17,0,f4253fad-3ce2-4d04-ae9b-141438d2ebe3,172097,060d0a88-5d98-4e1f-abe8-35faeb3f660a
orchestra,orchestra,V,2,Orchestra 3,5060,202.0,536.36,323.54,1,0,18fe2930-995d-4e62-8ea7-0c7a5e2ec13e,172028,bb8e1fbe-0134-4995-b516-71e283e35073
orchestra,orchestra,V,4,Orchestra 3,5060,202.0,510.29,327.69,1,0,18fe2930-995d-4e62-8ea7-0c7a5e2ec13e,172027,8610c1c7-805b-4553-9322-0653c1a4c164
orchestra,orchestra,V,6,Orchestra 4,5061,139.0,484.22,332.15,1,0,18fe2930-995d-4e62-8ea7-0c7a5e2ec13e,172026,7fa32e95-ae22-4b15-a047-bf15a9ecad7d
orchestra,orchestra,V,8,Orchestra 4,5061,139.0,458.15,336.88,1,0,18fe2930-995d-4e62-8ea7-0c7a5e2ec13e,172025,8431079b-d54a-43a1-b716-c9d0fb1345cf
orchestra,orchestra,V,10,Orchestra 4,5061,139.0,432.08,341.89,1,0,18fe2930-995d-4e62-8ea7-0c7a5e2ec13e,172024,c90896cd-0d96-41bb-944b-fb374cc6f319
orchestra,orchestra,V,12,Orchestra 4,5061,139.0,406.01,347.15,1,0,18fe2930-995d-4e62-8ea7-0c7a5e2ec13e,172023,01a5239a-2adb-4467-953f-5ea540a0b8c4
orchestra,orchestra,V,14,Orchestra 4,5061,139.0,379.94,352.7,1,0,18fe2930-995d-4e62-8ea7-0c7a5e2ec13e,172022,ff31724e-2093-4670-b572-e96d569307e1
orchestra,orchestra,V,16,Orchestra 4,5061,139.0,353.88,357.52,1,0,18fe2930-995d-4e62-8ea7-0c7a5e2ec13e,172021,83adbec0-3c96-4906-baea-a9ece773e04e
orchestra,orchestra,V,18,Orchestra 4,5061,139.0,327.8,362.63,1,0,18fe2930-995d-4e62-8ea7-0c7a5e2ec13e,172020,e64e1df0-17c4-4122-94b4-6e59e6332e07
orchestra,orchestra,V,20,Orchestra 4,5061,139.0,301.74,369.02,1,0,18fe2930-995d-4e62-8ea7-0c7a5e2ec13e,172019,be848e4c-6faa-41a7-9e51-757ac57baf3d
orchestra,orchestra,V,22,Orchestra 4,5061,139.0,275.67,374.71,1,0,18fe2930-995d-4e62-8ea7-0c7a5e2ec13e,172018,164810c1-7dd5-4c2d-9dc7-bacc3504ec40
orchestra,orchestra,V,24,Orchestra 4,5061,139.0,249.6,381.75,1,0,18fe2930-995d-4e62-8ea7-0c7a5e2ec13e,172017,50abf09a-02c0-4a55-b41c-adff94b04501
orchestra,orchestra,W,2,Orchestra 3,5060,202.0,534.92,287.42,1,0,18fe2930-995d-4e62-8ea7-0c7a5e2ec13e,171948,9023281c-10e2-4c46-b245-713058e60eb3
orchestra,orchestra,W,4,Orchestra 3,5060,202.0,508.43,291.57,1,0,18fe2930-995d-4e62-8ea7-0c7a5e2ec13e,171947,7e362a18-e3b3-4b73-a85e-8834c25b1800
orchestra,orchestra,W,6,Orchestra 4,5061,139.0,481.95,296.03,1,0,18fe2930-995d-4e62-8ea7-0c7a5e2ec13e,171946,6f06ff87-cfb6-4424-b1dd-bd6a60d388ff
orchestra,orchestra,W,8,Orchestra 4,5061,139.0,455.46,299.77,1,0,18fe2930-995d-4e62-8ea7-0c7a5e2ec13e,171945,5dc0ab35-ee3e-4ca7-a812-10faae5a8034
orchestra,orchestra,W,10,Orchestra 4,5061,139.0,428.97,304.78,1,0,18fe2930-995d-4e62-8ea7-0c7a5e2ec13e,171944,bca8e4d7-51bf-4497-bd31-5d48e9c23001
orchestra,orchestra,W,12,Orchestra 4,5061,139.0,402.49,310.04,1,0,18fe2930-995d-4e62-8ea7-0c7a5e2ec13e,171943,aed8e24b-52cf-40a4-8a27-4c809fde71ff
orchestra,orchestra,W,14,Orchestra 4,5061,139.0,376.0,314.59,1,0,18fe2930-995d-4e62-8ea7-0c7a5e2ec13e,171942,44e65fad-d3f4-4d45-bb76-af1acf555959
orchestra,orchestra,W,16,Orchestra 4,5061,139.0,349.52,320.41,1,0,18fe2930-995d-4e62-8ea7-0c7a5e2ec13e,171941,0a1b8c45-2c29-4c64-9432-e1475d6bb2af
orchestra,orchestra,W,18,Orchestra 4,5061,139.0,323.03,325.51,1,0,18fe2930-995d-4e62-8ea7-0c7a5e2ec13e,171940,30eca362-bd5d-490a-9b5a-b38db26bb6ea
orchestra,orchestra,W,20,Orchestra 4,5061,139.0,296.55,331.9,1,0,18fe2930-995d-4e62-8ea7-0c7a5e2ec13e,171939,f5019cf9-5e48-4789-91d1-62bd23960071
orchestra,orchestra,W,22,Orchestra 4,5061,139.0,270.06,338.6,1,0,18fe2930-995d-4e62-8ea7-0c7a5e2ec13e,171938,3badaba4-0c16-4c76-b322-d159114b5339
orchestra,orchestra,W,24,Orchestra 4,5061,139.0,243.58,345.64,17,0,18fe2930-995d-4e62-8ea7-0c7a5e2ec13e,171937,4bc9324c-9d71-4a17-a4a5-32ce30754ca3
orchestra,orchestra,X,2,Orchestra 4,5061,139.0,535.92,250.31,17,0,18fe2930-995d-4e62-8ea7-0c7a5e2ec13e,174185,025ccea5-926d-44cd-8ad6-2d72603268d5
orchestra,orchestra,X,4,Orchestra 4,5061,139.0,508.85,254.46,1,0,18fe2930-995d-4e62-8ea7-0c7a5e2ec13e,174184,6c3df752-829c-4e50-b8ba-9812524fbc6e
orchestra,orchestra,X,6,Orchestra 4,5061,139.0,481.78,258.92,1,0,18fe2930-995d-4e62-8ea7-0c7a5e2ec13e,174183,c9589c1d-fc43-4610-a812-70d73e15ae7a
orchestra,orchestra,X,8,Orchestra 4,5061,139.0,454.71,262.66,1,0,18fe2930-995d-4e62-8ea7-0c7a5e2ec13e,174182,d897db77-55e7-40eb-8559-a98e89fc704d
orchestra,orchestra,X,10,Orchestra 4,5061,139.0,427.64,267.66,1,0,18fe2930-995d-4e62-8ea7-0c7a5e2ec13e,174181,61faa797-cf51-4a74-ac31-5f74a55576aa
orchestra,orchestra,X,12,Orchestra 4,5061,139.0,400.57,272.92,1,0,18fe2930-995d-4e62-8ea7-0c7a5e2ec13e,174180,6019cbf4-3c20-415e-9439-8d22d7f3ecb3
orchestra,orchestra,X,14,Orchestra 4,5061,139.0,373.5,278.47,1,0,18fe2930-995d-4e62-8ea7-0c7a5e2ec13e,174179,28616be3-3806-48ab-8909-e6a3bb6529c6
orchestra,orchestra,X,16,Orchestra 4,5061,139.0,346.44,284.29,1,0,18fe2930-995d-4e62-8ea7-0c7a5e2ec13e,174178,8b2e62dc-b301-4fb0-906d-69ea0285c753
orchestra,orchestra,X,18,Orchestra 4,5061,139.0,319.37,289.4,1,0,18fe2930-995d-4e62-8ea7-0c7a5e2ec13e,174177,986091e3-ea10-4298-9625-de224f1157de
orchestra,orchestra,X,20,Orchestra 4,5061,139.0,292.3,295.79,1,0,18fe2930-995d-4e62-8ea7-0c7a5e2ec13e,174176,bd335540-8bec-451c-ba8d-c4103832b4c0
orchestra,orchestra,X,22,Orchestra 4,5061,139.0,265.23,301.48,1,0,18fe2930-995d-4e62-8ea7-0c7a5e2ec13e,174175,2dbf1e2c-b8a8-4ee3-98fa-9d2be64d666f
orchestra,orchestra,X,24,Orchestra 4,5061,139.0,238.16,308.52,1,0,18fe2930-995d-4e62-8ea7-0c7a5e2ec13e,174174,59502321-ef8b-4c46-86f0-bdca89ce61f3
orchestra,orchestra,Y,2,Orchestra 4,5061,139.0,534.54,213.27,22,0,18fe2930-995d-4e62-8ea7-0c7a5e2ec13e,174105,0f29090c-8ca3-4709-9c79-a568418c26d4
orchestra,orchestra,Y,4,Orchestra 4,5061,139.0,507.12,217.32,1,0,18fe2930-995d-4e62-8ea7-0c7a5e2ec13e,174104,44c2ca37-c4b0-4602-ac6c-f3ccbb125fc8
orchestra,orchestra,Y,6,Orchestra 4,5061,139.0,479.7,221.68,1,0,18fe2930-995d-4e62-8ea7-0c7a5e2ec13e,174103,841df746-dcd0-4afc-9db4-e192fdc750fc
orchestra,orchestra,Y,8,Orchestra 4,5061,139.0,452.27,226.33,1,0,18fe2930-995d-4e62-8ea7-0c7a5e2ec13e,174102,0494736e-cd04-4e09-a24f-fa2b034a98a2
orchestra,orchestra,Y,10,Orchestra 4,5061,139.0,424.85,230.23,1,0,18fe2930-995d-4e62-8ea7-0c7a5e2ec13e,174101,a3e917ee-9527-4fd7-b411-bea37f47e55f
orchestra,orchestra,Y,12,Orchestra 4,5061,139.0,397.43,235.4,1,0,18fe2930-995d-4e62-8ea7-0c7a5e2ec13e,174100,74fd6864-0329-47e8-8f0b-dc157bcf05e7
orchestra,orchestra,Y,14,Orchestra 4,5061,139.0,370.0,240.85,1,0,18fe2930-995d-4e62-8ea7-0c7a5e2ec13e,174099,8c1cf295-ef73-4b8b-81f6-75027450b63c
orchestra,orchestra,Y,16,Orchestra 4,5061,139.0,342.59,246.58,1,0,18fe2930-995d-4e62-8ea7-0c7a5e2ec13e,174098,8136bda1-e0db-4a19-96e1-f3b8a62eb2d5
orchestra,orchestra,Y,18,Orchestra 4,5061,139.0,315.16,252.59,1,0,18fe2930-995d-4e62-8ea7-0c7a5e2ec13e,174097,6f2e861b-6c52-4920-92e7-4f79ecaefa37
orchestra,orchestra,Y,20,Orchestra 4,5061,139.0,287.74,258.89,1,0,18fe2930-995d-4e62-8ea7-0c7a5e2ec13e,174096,f7d05c5c-cbd5-4dab-8910-af416ed4bdd8
orchestra,orchestra,Y,22,Orchestra 4,5061,139.0,260.32,264.48,1,0,18fe2930-995d-4e62-8ea7-0c7a5e2ec13e,174095,6ce4f9a9-f81b-4384-80ca-4ec2dcaf21bb
orchestra,orchestra,Y,24,Orchestra 4,5061,139.0,232.9,271.43,1,0,18fe2930-995d-4e62-8ea7-0c7a5e2ec13e,174094,0c9267a8-9b5e-4890-878f-d167f606999d
orchestra,orchestra,Z,2,Orchestra 4,5061,139.0,533.54,175.65,1,0,18fe2930-995d-4e62-8ea7-0c7a5e2ec13e,174025,6d58e103-1aa1-4d99-beb8-4d0d014b84a7
orchestra,orchestra,Z,4,Orchestra 4,5061,139.0,505.7,179.7,1,0,18fe2930-995d-4e62-8ea7-0c7a5e2ec13e,174024,157b7227-1710-4ea2-9c97-d03850c1d62b
orchestra,orchestra,Z,6,Orchestra 4,5061,139.0,477.86,184.06,1,0,18fe2930-995d-4e62-8ea7-0c7a5e2ec13e,174023,4b5532ac-0f87-43c2-af16-64b86d29abb9
orchestra,orchestra,Z,8,Orchestra 4,5061,139.0,450.02,188.71,1,0,18fe2930-995d-4e62-8ea7-0c7a5e2ec13e,174022,c6a3aee0-ff34-41a9-8f9e-e176bc6865dc
orchestra,orchestra,Z,10,Orchestra 4,5061,139.0,422.18,193.62,1,0,18fe2930-995d-4e62-8ea7-0c7a5e2ec13e,174021,48858650-ffd1-4021-9c18-6849950b193e
orchestra,orchestra,Z,12,Orchestra 4,5061,139.0,394.35,198.78,1,0,18fe2930-995d-4e62-8ea7-0c7a5e2ec13e,174020,df2a70e4-9574-4b36-a0ee-5d0a69438d54
orchestra,orchestra,Z,14,Orchestra 4,5061,139.0,366.5,203.23,1,0,18fe2930-995d-4e62-8ea7-0c7a5e2ec13e,174019,6c12366b-f7db-482a-a43a-8e31e5cf5a52
orchestra,orchestra,Z,16,Orchestra 4,5061,139.0,338.67,208.96,1,0,18fe2930-995d-4e62-8ea7-0c7a5e2ec13e,174018,1809678a-5b78-44fe-b9a1-307556b60229
orchestra,orchestra,Z,18,Orchestra 4,5061,139.0,310.83,214.97,1,0,18fe2930-995d-4e62-8ea7-0c7a5e2ec13e,174017,6921f3d5-964e-485a-a829-6f631ce4c6f4
orchestra,orchestra,Z,20,Orchestra 4,5061,139.0,282.99,221.27,1,0,18fe2930-995d-4e62-8ea7-0c7a5e2ec13e,174016,c40a4453-2fdb-41e5-a021-a9a9d6f25b6c
orchestra,orchestra,Z,22,Orchestra 4,5061,139.0,255.15,226.86,1,0,18fe2930-995d-4e62-8ea7-0c7a5e2ec13e,174015,32103f0b-abbb-40f1-b4f8-173114825cea
orchestra,orchestra,Z,24,Orchestra 4,5061,139.0,227.31,233.81,1,0,18fe2930-995d-4e62-8ea7-0c7a5e2ec13e,174014,168c6b07-c7db-4a00-bee5-d5c42100cbb7
orchestra,orchestra,ZZ,2,Orc 4 Accessible (bc2),5073,88.0,531.23,138.03,18,0,18fe2930-995d-4e62-8ea7-0c7a5e2ec13e,173865,4473f320-6589-438b-a5cd-b6329ca08837
orchestra,orchestra,ZZ,4,Orc 4 Accessible (bc2),5073,88.0,503.06,143.08,8,0,18fe2930-995d-4e62-8ea7-0c7a5e2ec13e,173864,7f8e00c5-c5ac-496d-8ca6-85c433b70444
orchestra,orchestra,ZZ,6,Orc 4 Accessible (bc2),5073,88.0,474.88,147.45,15,0,18fe2930-995d-4e62-8ea7-0c7a5e2ec13e,173863,c2f5e780-8613-42fd-bb92-1a7e5b96bdac
orchestra,orchestra,ZZ,8,Orc 4 Accessible (bc2),5073,88.0,446.71,152.09,18,0,18fe2930-995d-4e62-8ea7-0c7a5e2ec13e,173862,0c05acee-618b-4a12-a5ef-00e9ea75eec5
orchestra,orchestra,ZZ,10,Orc 4 Accessible (bc2),5073,88.0,418.54,157.0,18,0,18fe2930-995d-4e62-8ea7-0c7a5e2ec13e,173861,8d73a2b0-5f82-4259-ba64-a98d0a2533c8
orchestra,orchestra,ZZ,12,Orc 4 Accessible (bc2),5073,88.0,390.37,162.16,8,0,18fe2930-995d-4e62-8ea7-0c7a5e2ec13e,173860,fc60f44a-4563-43bc-8c1d-db9c378b37e0
orchestra,orchestra,ZZ,14,Orc 4 Accessible (bc2),5073,88.0,362.2,167.61,15,0,18fe2930-995d-4e62-8ea7-0c7a5e2ec13e,173859,54eebe89-2171-493d-ad21-df99a122cc48
orchestra,orchestra,ZZ,16,Orc 4 Accessible (bc2),5073,88.0,334.02,173.34,13,0,18fe2930-995d-4e62-8ea7-0c7a5e2ec13e,173858,2b3685a3-3eb6-48ca-af6c-6cc5ad41e952
orchestra,orchestra,ZZ,18,Orc 4 Accessible (bc2),5073,88.0,305.85,179.35,18,0,18fe2930-995d-4e62-8ea7-0c7a5e2ec13e,173857,dff37d34-05eb-4654-bfce-b2a2ebb7169c
orchestra,orchestra,ZZ,20,Orc 4 Accessible (bc2),5073,88.0,277.68,185.65,8,0,18fe2930-995d-4e62-8ea7-0c7a5e2ec13e,173856,2f7d655e-1e76-4c31-b515-113fa0bc7b6d
orchestra,orchestra,ZZ,22,Orc 4 Accessible (bc2),5073,88.0,249.51,191.25,15,0,18fe2930-995d-4e62-8ea7-0c7a5e2ec13e,173855,4338f3a9-8e48-426c-bae7-81abdcdee14b
orchestra,orchestra,ZZ,24,Orc 4 Accessible (bc2),5073,88.0,221.34,197.19,18,0,18fe2930-995d-4e62-8ea7-0c7a5e2ec13e,173854,63cf1df5-3d01-4541-99b8-e2028335109d
boxes,boxes,E,1,Center Box,5063,456.0,1571.45,502.4,1,0,6e03bf5e-3dc2-4f05-b30b-889162759818,176077,789cfb4d-dea6-48c6-9119-d39ff2bb166e
boxes,boxes,N,1,Center Box,5063,456.0,951.0,204.4,1,0,ca87b31e-84da-4303-bc20-3978b6cee9d9,175805,d5e48c3a-f104-4e64-a18e-8871e01f8df6
boxes,boxes,N,2,Center Box,5063,456.0,972.8,204.4,1,0,ca87b31e-84da-4303-bc20-3978b6cee9d9,175806,d15eaadb-01d2-47a8-897e-2d945ffb5092
boxes,boxes,N,3,Center Box,5063,456.0,994.6,204.4,1,0,ca87b31e-84da-4303-bc20-3978b6cee9d9,175807,2c218af7-297b-4830-8579-fbac896253f4
boxes,boxes,N,4,Center Box,5063,456.0,994.6,168.6,1,0,ca87b31e-84da-4303-bc20-3978b6cee9d9,175727,a1fac6a2-c546-477c-8202-b13338a7ce76
boxes,boxes,N,5,Center Box,5063,456.0,972.8,168.6,1,0,ca87b31e-84da-4303-bc20-3978b6cee9d9,175726,bce91df8-2ecc-4c1f-9dc6-896d43f95113
boxes,boxes,N,6,Center Box,5063,456.0,951.0,168.6,1,0,ca87b31e-84da-4303-bc20-3978b6cee9d9,175725,fe10c434-f63c-404d-a1b7-a49d50a98716
boxes,boxes,N,7,Center Box,5063,456.0,951.0,122.4,1,0,ca87b31e-84da-4303-bc20-3978b6cee9d9,175645,a9690fb4-8f6e-480b-b04f-64eaa0c1e9e9
boxes,boxes,N,8,Center Box,5063,456.0,993.6,122.4,1,0,ca87b31e-84da-4303-bc20-3978b6cee9d9,175647,6c95457c-bfae-4344-90bf-f7c92c5cac05
boxes,boxes,M,1,Center Box,5063,456.0,1038.6,205.3,1,0,ca87b31e-84da-4303-bc20-3978b6cee9d9,175809,53d37921-ebbb-4cf0-9723-59fbd80b9a91
boxes,boxes,M,2,Center Box,5063,456.0,1060.4,207.1,1,0,ca87b31e-84da-4303-bc20-3978b6cee9d9,175810,86a99642-8fea-4ff3-a289-7a388d8e15fa
boxes,boxes,M,3,Center Box,5063,456.0,1082.1,208.9,1,0,ca87b31e-84da-4303-bc20-3978b6cee9d9,175811,d7add8af-80c1-4345-813d-3afb96b71fce
boxes,boxes,M,4,Center Box,5063,456.0,1085.0,173.2,1,0,ca87b31e-84da-4303-bc20-3978b6cee9d9,175731,cda1aaaa-8633-4591-bd16-ec6351f6fca6
boxes,boxes,M,5,Center Box,5063,456.0,1063.3,171.4,1,0,ca87b31e-84da-4303-bc20-3978b6cee9d9,175730,666361d3-f230-4637-8a0d-bdac02d86a1d
boxes,boxes,M,6,Center Box,5063,456.0,1041.6,169.6,1,0,ca87b31e-84da-4303-bc20-3978b6cee9d9,175729,ec79eaf4-6ce9-4062-bed0-216a760e176c
boxes,boxes,M,7,Center Box,5063,456.0,1045.3,123.6,1,0,ca87b31e-84da-4303-bc20-3978b6cee9d9,175649,ff6a727e-0d34-474e-b20b-1e291170da23
boxes,boxes,M,8,Center Box,5063,456.0,1087.8,127.1,1,0,ca87b31e-84da-4303-bc20-3978b6cee9d9,175651,141c2f06-7ba2-4a8b-9f94-bf1d0b68714e
boxes,boxes,O,1,Center Box,5063,456.0,865.2,210.35,1,0,ca87b31e-84da-4303-bc20-3978b6cee9d9,175801,a497aa07-2831-4142-86e7-ef340d3eb114
boxes,boxes,O,2,Center Box,5063,456.0,886.9,208.6,1,0,ca87b31e-84da-4303-bc20-3978b6cee9d9,175802,74a3b492-c7a0-4bd1-88b6-d3abd853d27d
boxes,boxes,O,3,Center Box,5063,456.0,908.6,206.8,1,0,ca87b31e-84da-4303-bc20-3978b6cee9d9,175803,2f89af34-111f-479d-9e4c-a939426b0be1
boxes,boxes,O,4,Center Box,5063,456.0,905.7,171.1,1,0,ca87b31e-84da-4303-bc20-3978b6cee9d9,175723,1e5533a4-e14b-4fb9-b39b-8516acb80a15
boxes,boxes,O,5,Center Box,5063,456.0,884.0,172.9,1,0,ca87b31e-84da-4303-bc20-3978b6cee9d9,175722,ed0b1038-e2d4-4083-9b8c-717958bd4473
boxes,boxes,O,6,Center Box,5063,456.0,862.2,174.7,1,0,ca87b31e-84da-4303-bc20-3978b6cee9d9,175721,85479e2f-06de-41d2-a5f8-0caec4a5f4b6
boxes,boxes,O,7,Center Box,5063,456.0,859.4,128.6,1,0,ca87b31e-84da-4303-bc20-3978b6cee9d9,175641,04c34f2d-9611-471e-8458-2dd4c806c705
boxes,boxes,O,8,Center Box,5063,456.0,901.9,125.1,1,0,ca87b31e-84da-4303-bc20-3978b6cee9d9,175643,ff0b2191-cf64-4300-8af2-f1d49aec2b9e
boxes,boxes,L,1,Center Box,5063,456.0,1122.35,215.55,1,0,ca87b31e-84da-4303-bc20-3978b6cee9d9,175813,46fbb356-6623-4cb6-a101-a3ec3e406675
boxes,boxes,L,2,Center Box,5063,456.0,1143.75,219.75,1,0,ca87b31e-84da-4303-bc20-3978b6cee9d9,175814,f591dcb0-7e67-4e98-adb9-f406ac244788
boxes,boxes,L,3,Center Box,5063,456.0,1165.15,223.95,1,0,ca87b31e-84da-4303-bc20-3978b6cee9d9,175815,8d4f2524-7a44-4a29-8457-5a623f7e8d93
boxes,boxes,L,4,Center Box,5063,456.0,1172.05,188.85,1,0,ca87b31e-84da-4303-bc20-3978b6cee9d9,175735,6431b1d6-8aa2-407e-aa61-eb7c1fd6e4a0
boxes,boxes,L,5,Center Box,5063,456.0,1150.65,184.65,1,0,ca87b31e-84da-4303-bc20-3978b6cee9d9,175734,2e3cebbf-c582-4bf8-a417-b4f09f0c02de
boxes,boxes,L,6,Center Box,5063,456.0,1129.25,180.45,1,0,ca87b31e-84da-4303-bc20-3978b6cee9d9,175733,6a18a31a-c89f-41b9-a4a6-6e46b2d88653
boxes,boxes,L,7,Center Box,5063,456.0,1138.05,135.15,1,0,ca87b31e-84da-4303-bc20-3978b6cee9d9,175653,3e458689-ed42-4e2c-bb55-bef7f07c6327
boxes,boxes,L,8,Center Box,5063,456.0,1179.95,143.25,1,0,ca87b31e-84da-4303-bc20-3978b6cee9d9,175655,1d4a1fdc-6b9c-4539-8fa8-5e989ea5a588
boxes,boxes,P,1,Center Box,5063,456.0,780.15,224.55,1,0,ca87b31e-84da-4303-bc20-3978b6cee9d9,175797,1cf1e541-03e0-4eed-b5f4-6daaa952288f
boxes,boxes,P,2,Center Box,5063,456.0,801.55,220.35,1,0,ca87b31e-84da-4303-bc20-3978b6cee9d9,175798,676c2435-a333-4ca5-97cb-4cd2b3d032b8
boxes,boxes,P,3,Center Box,5063,456.0,822.95,216.15,1,0,ca87b31e-84da-4303-bc20-3978b6cee9d9,175799,081dc0b8-831e-4cbb-80e7-a7d3629b3652
boxes,boxes,P,4,Center Box,5063,456.0,816.15,181.05,1,0,ca87b31e-84da-4303-bc20-3978b6cee9d9,175719,dd9d50f6-06e9-4408-a4bc-a38083472f5f
boxes,boxes,P,5,Center Box,5063,456.0,794.65,185.25,1,0,ca87b31e-84da-4303-bc20-3978b6cee9d9,175718,f30828a1-16a5-4207-a6ef-6dfd8f05f46b
boxes,boxes,P,6,Center Box,5063,456.0,773.25,189.45,1,0,ca87b31e-84da-4303-bc20-3978b6cee9d9,175717,6c242643-8616-40b3-bfbe-99341ef80aee
boxes,boxes,P,7,Center Box,5063,456.0,765.35,143.85,1,0,ca87b31e-84da-4303-bc20-3978b6cee9d9,175637,2998be5a-59cb-4418-a265-d4e00c86211e
boxes,boxes,P,8,Center Box,5063,456.0,807.25,135.75,1,0,ca87b31e-84da-4303-bc20-3978b6cee9d9,175639,7e89b1d1-daf3-4035-b6c7-6bd5713282b5
boxes,boxes,K,1,Center Box,5063,456.0,1207.25,237.75,1,0,85459a84-cd31-49b4-b6d5-329a87e79baf,175817,385e2675-24a7-410f-ac8f-40f8ac5fa00d
boxes,boxes,K,2,Center Box,5063,456.0,1228.25,243.85,1,0,85459a84-cd31-49b4-b6d5-329a87e79baf,175818,d91582d8-51c8-444b-9654-16eaebd82e50
boxes,boxes,K,3,Center Box,5063,456.0,1249.15,249.85,1,0,85459a84-cd31-49b4-b6d5-329a87e79baf,175819,0fe70bd1-1886-4bd3-87e6-d43b7bbe2f60
boxes,boxes,K,4,Center Box,5063,456.0,1259.05,215.45,1,0,85459a84-cd31-49b4-b6d5-329a87e79baf,175739,6fd536d3-b7c0-48ee-a38c-d55daa084c76
boxes,boxes,K,5,Center Box,5063,456.0,1238.15,209.45,1,0,85459a84-cd31-49b4-b6d5-329a87e79baf,175738,f88e2730-4b5b-4c94-8ba2-2d5e77218d86
boxes,boxes,K,6,Center Box,5063,456.0,1217.15,203.45,1,0,85459a84-cd31-49b4-b6d5-329a87e79baf,175737,eb5ec546-e016-4dee-996d-d3286e5e5539
boxes,boxes,K,7,Center Box,5063,456.0,1229.95,159.05,1,0,85459a84-cd31-49b4-b6d5-329a87e79baf,175657,a1bcc7c5-2e90-4018-a5af-1fb8660d008d
boxes,boxes,K,8,Center Box,5063,456.0,1270.85,170.85,1,0,85459a84-cd31-49b4-b6d5-329a87e79baf,175659,7c8ab906-f6b9-4a73-8162-f849f7225338
boxes,boxes,Q,1,Center Box,5063,456.0,692.35,249.55,1,0,7f4c630a-1cc9-4c00-9d54-72ed03c6b149,175793,5f1b6c28-329a-4227-b7e7-a4bd6d3e2833
boxes,boxes,Q,2,Center Box,5063,456.0,713.35,243.45,1,0,7f4c630a-1cc9-4c00-9d54-72ed03c6b149,175794,8796a366-5e84-4bd0-9e1e-1ae4c2ff417f
boxes,boxes,Q,3,Center Box,5063,456.0,734.35,237.45,1,0,7f4c630a-1cc9-4c00-9d54-72ed03c6b149,175795,24d77f94-b339-4a0e-8d4a-062c4d1b9ecf
boxes,boxes,Q,4,Center Box,5063,456.0,724.45,203.05,1,0,7f4c630a-1cc9-4c00-9d54-72ed03c6b149,175715,15b41e7c-d5cc-42e8-af3a-e20fad987e7a
boxes,boxes,Q,5,Center Box,5063,456.0,703.45,209.15,1,0,7f4c630a-1cc9-4c00-9d54-72ed03c6b149,175714,7d2156da-9dd1-4499-9e3e-f702ffce08be
boxes,boxes,Q,6,Center Box,5063,456.0,682.45,215.15,1,0,7f4c630a-1cc9-4c00-9d54-72ed03c6b149,175713,ae88ba1e-52c9-4ffe-9906-4ac055c9f0be
boxes,boxes,Q,7,Center Box,5063,456.0,670.65,170.45,1,0,7f4c630a-1cc9-4c00-9d54-72ed03c6b149,175633,ada594d9-cee4-423a-b2c2-f768da38b3f2
boxes,boxes,Q,8,Center Box,5063,456.0,711.65,158.65,1,0,7f4c630a-1cc9-4c00-9d54-72ed03c6b149,175635,3b13fadb-1e16-476b-be49-bc281199e17c
boxes,boxes,J,1,Center Box,5063,456.0,1291.3,266.4,1,0,85459a84-cd31-49b4-b6d5-329a87e79baf,175821,a985ac30-ea34-4426-992b-5d625d7ec1a8
boxes,boxes,J,2,Center Box,5063,456.0,1311.5,274.7,1,0,85459a84-cd31-49b4-b6d5-329a87e79baf,175822,66a4bc42-68fd-4713-afe2-1e70a9988953
boxes,boxes,J,3,Center Box,5063,456.0,1331.7,283.1,1,0,85459a84-cd31-49b4-b6d5-329a87e79baf,175823,196b5722-6ac4-4e30-890c-df0017566226
boxes,boxes,J,4,Center Box,5063,456.0,1345.3,250.0,1,0,85459a84-cd31-49b4-b6d5-329a87e79baf,175743,86730a33-b427-4b3b-9b42-47a9125e3a90
boxes,boxes,J,5,Center Box,5063,456.0,1325.2,241.7,1,0,85459a84-cd31-49b4-b6d5-329a87e79baf,175742,8b1acb36-ffbe-4ad9-82d3-6943adc6af0e
boxes,boxes,J,6,Center Box,5063,456.0,1305.0,233.3,1,0,85459a84-cd31-49b4-b6d5-329a87e79baf,175741,1bc2d669-baa7-456a-b6d3-10394d2d542d
boxes,boxes,J,7,Center Box,5063,456.0,1322.6,190.6,1,0,85459a84-cd31-49b4-b6d5-329a87e79baf,175661,e1c9c996-7056-4a45-9d77-1d39a699753a
boxes,boxes,J,8,Center Box,5063,456.0,1362.0,206.9,1,0,85459a84-cd31-49b4-b6d5-329a87e79baf,175663,e8294e0b-628b-425a-adec-00f48f9f5018
boxes,boxes,R,1,Center Box,5063,456.0,612.8,283.7,1,0,7f4c630a-1cc9-4c00-9d54-72ed03c6b149,175789,b7280274-e473-4e2a-811d-b83d52909064
boxes,boxes,R,2,Center Box,5063,456.0,632.8,275.0,1,0,7f4c630a-1cc9-4c00-9d54-72ed03c6b149,175790,64148395-6851-4784-8189-a17f98029c49
boxes,boxes,R,3,Center Box,5063,456.0,652.7,266.2,1,0,7f4c630a-1cc9-4c00-9d54-72ed03c6b149,175791,d40d8e8a-70d4-40dd-8793-6360cd79895b
boxes,boxes,R,4,Center Box,5063,456.0,638.4,233.4,1,0,7f4c630a-1cc9-4c00-9d54-72ed03c6b149,175711,ee77663c-702f-4bd9-ba9a-86406b252a63
boxes,boxes,R,5,Center Box,5063,456.0,618.4,242.2,1,0,7f4c630a-1cc9-4c00-9d54-72ed03c6b149,175710,f2593088-1ae4-494d-8934-2503b0701fe7
boxes,boxes,R,6,Center Box,5063,456.0,598.4,250.9,1,0,7f4c630a-1cc9-4c00-9d54-72ed03c6b149,175709,44f284fe-47e4-4367-b01e-1a7c04ed1069
boxes,boxes,R,7,Center Box,5063,456.0,580.8,208.2,1,0,7f4c630a-1cc9-4c00-9d54-72ed03c6b149,175629,f068d916-9b6c-4526-a6e7-40a69a430322
boxes,boxes,R,8,Center Box,5063,456.0,619.9,191.1,1,0,7f4c630a-1cc9-4c00-9d54-72ed03c6b149,175631,1434f19a-04ec-4064-8b9b-ee0767f1ce59
boxes,boxes,H,1,Center Box,5063,456.0,1370.0,302.9,1,0,85459a84-cd31-49b4-b6d5-329a87e79baf,175825,746374a0-5078-4f59-ba6b-62aacfcc8c63
boxes,boxes,H,2,Center Box,5063,456.0,1389.1,313.4,1,0,85459a84-cd31-49b4-b6d5-329a87e79baf,175826,f3c8e068-cc0f-4ef7-8875-179d5f86ed20
boxes,boxes,H,3,Center Box,5063,456.0,1408.3,323.8,1,0,85459a84-cd31-49b4-b6d5-329a87e79baf,175827,29beee58-063a-401f-81ab-2215f5575f6c
boxes,boxes,H,4,Center Box,5063,456.0,1425.4,292.4,1,0,85459a84-cd31-49b4-b6d5-329a87e79baf,175747,55758e71-0a92-47a9-bce1-b939b324dbdd
boxes,boxes,H,5,Center Box,5063,456.0,1406.2,281.9,1,0,85459a84-cd31-49b4-b6d5-329a87e79baf,175746,20d940d0-d6e7-4608-9711-c4f867489bd2
boxes,boxes,H,6,Center Box,5063,456.0,1387.1,271.5,1,0,85459a84-cd31-49b4-b6d5-329a87e79baf,175745,f2ed207a-ba0d-4e0f-9551-d7a56d92b275
boxes,boxes,H,7,Center Box,5063,456.0,1409.2,230.9,1,0,85459a84-cd31-49b4-b6d5-329a87e79baf,175665,44a8b87b-02c8-4e06-9d83-97711d95e9f5
boxes,boxes,H,8,Center Box,5063,456.0,1446.6,251.3,1,0,85459a84-cd31-49b4-b6d5-329a87e79baf,175667,fc8e6caa-184e-401a-9959-f0ec75bb72f1
boxes,boxes,S,1,Center Box,5063,456.0,536.9,329.9,1,0,7f4c630a-1cc9-4c00-9d54-72ed03c6b149,175785,636458f9-95ab-4f21-876f-3e758759b5b9
boxes,boxes,S,2,Center Box,5063,456.0,555.4,318.4,1,0,7f4c630a-1cc9-4c00-9d54-72ed03c6b149,175786,632c92fc-e991-4bde-92b0-2ff7ff2c2809
boxes,boxes,S,3,Center Box,5063,456.0,573.9,306.9,1,0,7f4c630a-1cc9-4c00-9d54-72ed03c6b149,175787,05db897e-e808-4300-b89a-cda1041a0756
boxes,boxes,S,4,Center Box,5063,456.0,555.0,276.5,1,0,7f4c630a-1cc9-4c00-9d54-72ed03c6b149,175707,627ca532-729c-4ba6-b88e-98a2d3f2a05b
boxes,boxes,S,5,Center Box,5063,456.0,536.5,288.0,1,0,7f4c630a-1cc9-4c00-9d54-72ed03c6b149,175706,decd459f-3da4-466b-b16f-57f004807b3a
boxes,boxes,S,6,Center Box,5063,456.0,518.0,299.5,1,0,7f4c630a-1cc9-4c00-9d54-72ed03c6b149,175705,4d9ae35c-46b4-4c05-afa2-17059d900486
boxes,boxes,S,7,Center Box,5063,456.0,498.0,253.4,1,0,7f4c630a-1cc9-4c00-9d54-72ed03c6b149,175625,31f1fb9b-8051-4d62-8658-ba84c6c044d8
boxes,boxes,S,8,Center Box,5063,456.0,534.2,230.9,1,0,7f4c630a-1cc9-4c00-9d54-72ed03c6b149,175627,9af1e58d-b0aa-4033-a7c6-ab0f7d6716ad
boxes,boxes,G,1,Center Box,5063,456.0,1447.4,351.5,1,0,85459a84-cd31-49b4-b6d5-329a87e79baf,175909,eb175e79-7d1b-4748-beaa-dfab6de67ecd
boxes,boxes,G,2,Center Box,5063,456.0,1464.7,364.8,1,0,85459a84-cd31-49b4-b6d5-329a87e79baf,175910,974a62ec-068b-4f41-8d0f-6a895a14a279
boxes,boxes,G,3,Center Box,5063,456.0,1482.0,378.1,1,0,85459a84-cd31-49b4-b6d5-329a87e79baf,175911,7c2d6003-2c64-469f-aee1-ceaec9917203
boxes,boxes,G,4,Center Box,5063,456.0,1501.55,347.25,1,0,85459a84-cd31-49b4-b6d5-329a87e79baf,175831,9b61a948-118f-493d-b6d0-ce9d76c7033e
boxes,boxes,G,5,Center Box,5063,456.0,1483.65,334.75,1,0,85459a84-cd31-49b4-b6d5-329a87e79baf,175830,f22bd79a-ab0c-4ac1-a6a8-95c4c70e198a
boxes,boxes,G,6,Center Box,5063,456.0,1465.75,322.35,1,0,85459a84-cd31-49b4-b6d5-329a87e79baf,175829,c1867e64-dd65-4fcd-b868-6cf592ff6e98
boxes,boxes,G,7,Center Box,5063,456.0,1490.9,283.1,1,0,85459a84-cd31-49b4-b6d5-329a87e79baf,175749,bb403de8-12ad-443c-9517-1ca42c902368
boxes,boxes,G,8,Center Box,5063,456.0,1526.4,306.8,1,0,85459a84-cd31-49b4-b6d5-329a87e79baf,175751,535d6ed4-cb42-4db1-9b09-626aa4b44005
boxes,boxes,T,1,Center Box,5063,456.0,467.15,383.75,1,0,7f4c630a-1cc9-4c00-9d54-72ed03c6b149,175861,4112d7da-2ea1-4f9b-9f7e-7dc9f32ee505
boxes,boxes,T,2,Center Box,5063,456.0,483.65,369.45,1,0,7f4c630a-1cc9-4c00-9d54-72ed03c6b149,175862,89f4984f-6422-4395-a3b4-c78511846a73
boxes,boxes,T,3,Center Box,5063,456.0,500.25,355.25,1,0,7f4c630a-1cc9-4c00-9d54-72ed03c6b149,175863,87563078-d6fe-41e6-bd51-7e56145d807c
boxes,boxes,T,4,Center Box,5063,456.0,480.3,327.0,1,0,7f4c630a-1cc9-4c00-9d54-72ed03c6b149,175783,3d124e2b-caf0-41ad-9672-8387e73f12e1
boxes,boxes,T,5,Center Box,5063,456.0,463.1,340.5,1,0,7f4c630a-1cc9-4c00-9d54-72ed03c6b149,175782,fb3c72e8-f59c-4b5f-b1cf-39b174bfb200
boxes,boxes,T,6,Center Box,5063,456.0,446.0,354.0,1,0,7f4c630a-1cc9-4c00-9d54-72ed03c6b149,175781,6f7a3d96-45ec-4d96-bcdf-3065c1e33ad0
boxes,boxes,T,7,Center Box,5063,456.0,418.9,315.0,1,0,7f4c630a-1cc9-4c00-9d54-72ed03c6b149,175701,c534d339-b9bf-437d-93f6-d53fa87e6049
boxes,boxes,T,8,Center Box,5063,456.0,452.9,289.3,1,0,7f4c630a-1cc9-4c00-9d54-72ed03c6b149,175703,d612c183-c97c-41e6-9d64-dba7b8c9fbe0
boxes,boxes,F,1,Center Box,5063,456.0,1516.45,421.15,1,0,85459a84-cd31-49b4-b6d5-329a87e79baf,175993,3706c49b-1e97-43b7-baf5-e2f25aadcb0a
boxes,boxes,F,2,Center Box,5063,456.0,1531.35,437.15,1,0,85459a84-cd31-49b4-b6d5-329a87e79baf,175994,90f266fa-2591-469a-be76-ae4b5467bed6
boxes,boxes,F,3,Center Box,5063,456.0,1546.25,453.05,1,0,85459a84-cd31-49b4-b6d5-329a87e79baf,175995,2d87c6b1-d08a-419b-b00f-dbfd80d33dfe
boxes,boxes,F,4,Center Box,5063,456.0,1565.6,421.7,1,0,85459a84-cd31-49b4-b6d5-329a87e79baf,175915,3aa51213-cd2a-4d56-a73c-66bac62c6734
boxes,boxes,F,5,Center Box,5063,456.0,1550.0,406.5,1,0,85459a84-cd31-49b4-b6d5-329a87e79baf,175914,9f3b54d7-8bb1-4d2d-9ae5-22153fbec9af
boxes,boxes,F,6,Center Box,5063,456.0,1534.3,391.3,1,0,85459a84-cd31-49b4-b6d5-329a87e79baf,175913,989f968b-2f9f-46c8-9253-82d362fcb31d
boxes,boxes,F,7,Center Box,5063,456.0,1561.65,348.35,1,0,85459a84-cd31-49b4-b6d5-329a87e79baf,175833,02c8132f-d780-4f8a-a69c-c5bd2ed63d00
boxes,boxes,F,8,Center Box,5063,456.0,1592.75,377.45,1,0,85459a84-cd31-49b4-b6d5-329a87e79baf,175835,6bbe654f-cf80-4de8-b993-0961cb07eb0d
boxes,boxes,U,1,Center Box,5063,456.0,405.4,459.8,1,0,7f4c630a-1cc9-4c00-9d54-72ed03c6b149,175937,86937dc9-b15a-4918-834e-28db57cffdb8
boxes,boxes,U,2,Center Box,5063,456.0,419.1,442.8,1,0,7f4c630a-1cc9-4c00-9d54-72ed03c6b149,175938,1fae2884-2c3d-405d-9bad-619b97637cc3
boxes,boxes,U,3,Center Box,5063,456.0,432.8,425.8,1,0,7f4c630a-1cc9-4c00-9d54-72ed03c6b149,175939,e8023b96-93ea-4c5a-bff6-3936030b1238
boxes,boxes,U,4,Center Box,5063,456.0,412.7,397.4,1,0,7f4c630a-1cc9-4c00-9d54-72ed03c6b149,175859,d32b2bd3-08dc-498f-b7b0-2d9a7bd61d7c
boxes,boxes,U,5,Center Box,5063,456.0,398.3,413.8,1,0,7f4c630a-1cc9-4c00-9d54-72ed03c6b149,175858,80ea5ef1-7bbb-4552-9c10-11a410270090
boxes,boxes,U,6,Center Box,5063,456.0,383.8,430.1,1,0,7f4c630a-1cc9-4c00-9d54-72ed03c6b149,175857,f3370d51-1d63-4485-b8b3-01af482f115f
boxes,boxes,U,7,Center Box,5063,456.0,353.5,388.0,1,0,7f4c630a-1cc9-4c00-9d54-72ed03c6b149,175777,0eda44a0-15be-4d8a-9272-ce707f81f3bb
boxes,boxes,U,8,Center Box,5063,456.0,382.4,356.6,1,0,7f4c630a-1cc9-4c00-9d54-72ed03c6b149,175779,5fcfad89-2e96-4388-8af7-2d46bc4a3006
boxes,boxes,E,2,Center Box,5063,456.0,1583.95,527.25,1,0,6e03bf5e-3dc2-4f05-b30b-889162759818,176078,7e4cd1e1-16a7-4a12-b82c-87d9324ae610
boxes,boxes,E,3,Center Box,5063,456.0,1594.6,553.05,1,0,6e03bf5e-3dc2-4f05-b30b-889162759818,176079,cf3ef8ef-efc6-4616-a39b-fd2ee8a3c67a
boxes,boxes,E,4,Center Box,5063,456.0,1620.4,514.35,1,0,6e03bf5e-3dc2-4f05-b30b-889162759818,175999,9e34b06b-70bf-4d10-b16d-540c21fb521b
boxes,boxes,E,5,Center Box,5063,456.0,1609.65,488.55,1,0,6e03bf5e-3dc2-4f05-b30b-889162759818,175998,83e451c5-344b-4acc-a5d5-5696288b2183
boxes,boxes,E,6,Center Box,5063,456.0,1597.15,463.75,1,0,6e03bf5e-3dc2-4f05-b30b-889162759818,175997,8f822711-51b1-466f-918b-2bede321983a
boxes,boxes,E,7,Center Box,5063,456.0,1629.5,423.9,1,0,6e03bf5e-3dc2-4f05-b30b-889162759818,175917,478a1989-1150-4aec-af88-fbd4135631d0
boxes,boxes,E,8,Center Box,5063,456.0,1658.9,471.1,1,0,6e03bf5e-3dc2-4f05-b30b-889162759818,175919,63a766ae-18d3-460a-825c-7644f2f56afe
boxes,boxes,V,1,Center Box,5063,456.0,361.45,564.05,1,0,35ac8319-e383-4b60-9d68-837e3da448d9,176013,7e1d719f-30fb-4bba-a89c-d751b1c13397
boxes,boxes,V,2,Center Box,5063,456.0,370.75,537.9,1,0,35ac8319-e383-4b60-9d68-837e3da448d9,176014,aa27f12d-d9fd-47da-9aee-c15ecb0be325
boxes,boxes,V,3,Center Box,5063,456.0,381.75,512.35,1,0,35ac8319-e383-4b60-9d68-837e3da448d9,176015,e6894458-b0c2-4251-952e-af31d9423907
boxes,boxes,V,4,Center Box,5063,456.0,353.95,475.05,1,0,35ac8319-e383-4b60-9d68-837e3da448d9,175935,f225b50e-d8ad-4f76-b614-382df4229444
boxes,boxes,V,5,Center Box,5063,456.0,342.95,500.6,1,0,35ac8319-e383-4b60-9d68-837e3da448d9,175934,bb8ae6a0-24e0-4c54-b1de-a77786865500
boxes,boxes,V,6,Center Box,5063,456.0,333.65,526.85,1,0,35ac8319-e383-4b60-9d68-837e3da448d9,175933,e92a52c1-0425-4830-9ecb-d3a184ad9ca8
boxes,boxes,V,7,Center Box,5063,456.0,292.85,485.7,1,0,35ac8319-e383-4b60-9d68-837e3da448d9,175853,060c4b01-138b-4509-818d-26e154798562
boxes,boxes,V,8,Center Box,5063,456.0,319.5,436.95,1,0,35ac8319-e383-4b60-9d68-837e3da448d9,175855,ebf6e10b-10d3-4856-8cd5-d19f41df1baf
boxes,boxes,D,1,Box,5064,438.0,1603.8,615.1,1,0,6e03bf5e-3dc2-4f05-b30b-889162759818,176161,41d585fd-ddb2-422b-b4a8-475a39fe5027
boxes,boxes,D,2,Box,5064,438.0,1607.4,641.3,1,0,6e03bf5e-3dc2-4f05-b30b-889162759818,176162,3808b219-c0f8-4516-9ded-a088c0765b69
boxes,boxes,D,3,Box,5064,438.0,1609.05,667.7,1,0,6e03bf5e-3dc2-4f05-b30b-889162759818,176163,725f726a-406b-4d9c-a190-5f45ba8f584f
boxes,boxes,D,4,Box,5064,438.0,1638.35,632.3,1,0,6e03bf5e-3dc2-4f05-b30b-889162759818,176083,5c05bf9f-e079-4164-b25f-e7e4e94042c3
boxes,boxes,D,5,Box,5064,438.0,1636.6,605.9,1,0,6e03bf5e-3dc2-4f05-b30b-889162759818,176082,e871a83d-9652-40e6-9c28-4b04a34abeff
boxes,boxes,D,6,Box,5064,438.0,1633.1,579.7,1,0,6e03bf5e-3dc2-4f05-b30b-889162759818,176081,2485ad81-4c1d-4af0-986d-a550b67e36d9
boxes,boxes,D,7,Box,5064,438.0,1675.0,537.0,1,0,6e03bf5e-3dc2-4f05-b30b-889162759818,176001,56c1068f-5ad9-40c5-9854-33ef069a4428
boxes,boxes,D,8,Box,5064,438.0,1680.25,589.6,1,0,6e03bf5e-3dc2-4f05-b30b-889162759818,176003,5e4d1c3a-1e8d-4095-b446-18b68309c374
boxes,boxes,W,1,Box,5064,438.0,342.45,679.0,1,0,35ac8319-e383-4b60-9d68-837e3da448d9,176089,5a6d219e-9d9a-45a1-b4ee-512b347d3430
boxes,boxes,W,2,Box,5064,438.0,344.2,652.6,1,0,35ac8319-e383-4b60-9d68-837e3da448d9,176090,837bf2b4-4c50-4919-b74c-2acaf325d55b
boxes,boxes,W,3,Box,5064,438.0,347.7,626.4,1,0,35ac8319-e383-4b60-9d68-837e3da448d9,176091,64f78e4b-c1d8-415d-bcd7-ab3bc2d688e5
boxes,boxes,W,4,Box,5064,438.0,318.5,591.0,1,0,35ac8319-e383-4b60-9d68-837e3da448d9,176011,9d999fc0-12fd-4cc9-a32c-dd5d68f36ef9
boxes,boxes,W,5,Box,5064,438.0,315.0,617.2,1,0,35ac8319-e383-4b60-9d68-837e3da448d9,176010,0eb3cd2b-3bd8-4911-8138-deb994e2ffd2
boxes,boxes,W,6,Box,5064,438.0,313.25,643.6,1,0,35ac8319-e383-4b60-9d68-837e3da448d9,176009,9ffa75a6-2f44-4538-a1e1-a2dffee10305
boxes,boxes,W,7,Box,5064,438.0,271.35,600.9,1,0,35ac8319-e383-4b60-9d68-837e3da448d9,175929,c89ee2de-66e8-42de-a9bb-b8c43e37ed30
boxes,boxes,W,8,Box,5064,438.0,276.6,548.4,1,0,35ac8319-e383-4b60-9d68-837e3da448d9,175931,8ca0a65e-7875-4930-8b12-768231d12cb2
boxes,boxes,C,1,Box,5064,438.0,1602.6,744.95,1,0,6e03bf5e-3dc2-4f05-b30b-889162759818,176561,e3e27cca-4e91-4dca-be4e-b0125a9b4241
boxes,boxes,C,2,Box,5064,438.0,1597.75,773.5,1,0,6e03bf5e-3dc2-4f05-b30b-889162759818,176562,c901c082-a8cb-4c80-8fa1-a038eb6fb0ca
boxes,boxes,C,3,Box,5064,438.0,1593.3,802.25,1,0,6e03bf5e-3dc2-4f05-b30b-889162759818,176563,342888a3-9fbc-4945-9388-d33f869a51d7
boxes,boxes,C,4,Box,5064,438.0,1634.45,761.75,1,0,6e03bf5e-3dc2-4f05-b30b-889162759818,176483,314c4e21-d22c-4f8b-917d-0772a7adc296
boxes,boxes,C,5,Box,5064,438.0,1636.3,732.65,1,0,6e03bf5e-3dc2-4f05-b30b-889162759818,176482,d8922d52-9c89-4158-b81b-af805f14fd6f
boxes,boxes,C,6,Box,5064,438.0,1637.95,703.9,1,0,6e03bf5e-3dc2-4f05-b30b-889162759818,176481,19dfd392-0071-4f7d-87a2-b77da6a4fcdf
boxes,boxes,C,7,Box,5064,438.0,1672.2,671.4,1,0,6e03bf5e-3dc2-4f05-b30b-889162759818,176401,17c7213d-0716-4103-b8a4-02f9deb13be5
boxes,boxes,C,8,Box,5064,438.0,1671.15,729.65,1,0,6e03bf5e-3dc2-4f05-b30b-889162759818,176403,4b9b6e67-4860-4bad-afe9-64ad129e67cd
boxes,boxes,X,1,Box,5064,438.0,358.15,812.8,1,0,35ac8319-e383-4b60-9d68-837e3da448d9,176489,1e511a90-9cd1-4de2-bebf-ab22dded51a6
boxes,boxes,X,2,Box,5064,438.0,352.1,784.35,1,0,35ac8319-e383-4b60-9d68-837e3da448d9,176490,10a41c59-e97d-4e23-b6d1-693811338e38
boxes,boxes,X,3,Box,5064,438.0,346.0,755.95,1,0,35ac8319-e383-4b60-9d68-837e3da448d9,176491,83ffec77-22f2-4ee6-8065-2e7887143724
boxes,boxes,X,4,Box,5064,438.0,305.75,716.6,1,0,35ac8319-e383-4b60-9d68-837e3da448d9,176411,caee593b-47d3-4e77-b084-3410dd305255
boxes,boxes,X,5,Box,5064,438.0,308.85,745.2,1,0,35ac8319-e383-4b60-9d68-837e3da448d9,176410,8177d092-a788-4320-8f7f-9c565afb8c1a
boxes,boxes,X,6,Box,5064,438.0,311.95,774.35,1,0,35ac8319-e383-4b60-9d68-837e3da448d9,176409,1de0d12d-48e0-4401-8762-dc066f4d4953
boxes,boxes,X,7,Box,5064,438.0,272.55,735.4,1,0,35ac8319-e383-4b60-9d68-837e3da448d9,176329,cee7c1f8-1b4d-4d08-ada1-ed5e946bf9bf
boxes,boxes,X,8,Box,5064,438.0,268.95,677.6,1,0,35ac8319-e383-4b60-9d68-837e3da448d9,176331,24075fa0-3c10-4066-a95b-0bc3aaba9630
boxes,boxes,B,1,Box,5064,438.0,1579.15,880.05,1,0,6e03bf5e-3dc2-4f05-b30b-889162759818,176881,a0bff401-56dd-47e5-9b0f-004353af259b
boxes,boxes,B,2,Box,5064,438.0,1569.7,907.65,1,0,6e03bf5e-3dc2-4f05-b30b-889162759818,176882,dc3bc77d-bc0a-4d6e-89ba-8353376f9e32
boxes,boxes,B,3,Box,5064,438.0,1558.7,934.45,1,0,6e03bf5e-3dc2-4f05-b30b-889162759818,176883,55857503-b26d-460a-acbc-4db77ddc0f2a
boxes,boxes,B,4,Box,5064,438.0,1612.2,903.45,1,0,6e03bf5e-3dc2-4f05-b30b-889162759818,176803,0920c0fa-1f8a-4608-a142-622cfd6651c0
boxes,boxes,B,5,Box,5064,438.0,1619.95,875.45,1,0,6e03bf5e-3dc2-4f05-b30b-889162759818,176802,8522a2f2-a2c1-4d3e-b647-dcb1550e8be1
boxes,boxes,B,6,Box,5064,438.0,1626.0,846.9,1,0,6e03bf5e-3dc2-4f05-b30b-889162759818,176801,2f068990-8a31-469a-a274-6fd43ca5305d
boxes,boxes,Y,1,Box,5064,438.0,389.2,944.75,1,0,35ac8319-e383-4b60-9d68-837e3da448d9,176809,41a5caf0-0453-4715-8698-fc344537dc1c
boxes,boxes,Y,2,Box,5064,438.0,378.1,917.95,1,0,35ac8319-e383-4b60-9d68-837e3da448d9,176810,3ecbf012-24a3-4f4a-a5c2-4852190ade66
boxes,boxes,Y,3,Box,5064,438.0,368.75,890.35,1,0,35ac8319-e383-4b60-9d68-837e3da448d9,176811,ba478f33-aa50-48a0-8d99-cc51d6b50153
boxes,boxes,Y,4,Box,5064,438.0,321.8,857.4,1,0,35ac8319-e383-4b60-9d68-837e3da448d9,176731,87ea441e-82f3-4835-a808-b478d229b900
boxes,boxes,Y,5,Box,5064,438.0,327.85,885.95,1,0,35ac8319-e383-4b60-9d68-837e3da448d9,176730,503966b5-9a25-452d-9411-3e9731d22414
boxes,boxes,Y,6,Box,5064,438.0,335.7,913.85,1,0,35ac8319-e383-4b60-9d68-837e3da448d9,176729,0e821050-eab0-4e7c-9740-d7f885449bd5
boxes,boxes,A,1,Box,5064,438.0,1525.75,1053.85,1,0,6e03bf5e-3dc2-4f05-b30b-889162759818,177201,543e673e-11a0-4104-a87a-a4a7d6ef097e
boxes,boxes,A,2,Box,5064,438.0,1537.4,1079.2,1,0,6e03bf5e-3dc2-4f05-b30b-889162759818,177202,4c91f869-7723-4db1-8dda-648715aaf79a
boxes,boxes,A,3,Box,5064,438.0,1559.45,1096.15,1,0,6e03bf5e-3dc2-4f05-b30b-889162759818,177203,fda0feb0-1c74-4aca-8f91-0a6b62868823
boxes,boxes,A,4,Box,5064,438.0,1570.15,1070.55,1,0,6e03bf5e-3dc2-4f05-b30b-889162759818,177123,3b59a4d1-d2a4-4a88-b0d8-e91b5c6dd637
boxes,boxes,A,5,Box,5064,438.0,1557.55,1041.45,1,0,6e03bf5e-3dc2-4f05-b30b-889162759818,177122,19f0211c-c3b5-465d-9228-110ace1f0cbb
boxes,boxes,A,6,Box,5064,438.0,1558.35,1009.45,1,0,6e03bf5e-3dc2-4f05-b30b-889162759818,177121,7dec6f3e-ddd5-4df2-92fb-7ab909e7a490
boxes,boxes,Z,1,Box,5064,438.0,384.65,1096.15,1,0,35ac8319-e383-4b60-9d68-837e3da448d9,177129,52cf8ee0-ea3c-4c37-bc97-81421040cabc
boxes,boxes,Z,2,Box,5064,438.0,406.6,1079.1,1,0,35ac8319-e383-4b60-9d68-837e3da448d9,177130,af04c452-0807-4374-a55e-271bb8450010
boxes,boxes,Z,3,Box,5064,438.0,418.35,1053.85,1,0,35ac8319-e383-4b60-9d68-837e3da448d9,177131,f2e851c9-22c1-421e-849a-19890b2c4261
boxes,boxes,Z,4,Box,5064,438.0,385.75,1009.35,1,0,35ac8319-e383-4b60-9d68-837e3da448d9,177051,8d0cf9b4-250a-4146-ac16-d3084dac69d1
boxes,boxes,Z,5,Box,5064,438.0,386.55,1041.35,1,0,35ac8319-e383-4b60-9d68-837e3da448d9,177050,1d8dde7d-1df9-4ab8-8d7b-7a1e1f6dfc7a
boxes,boxes,Z,6,Box,5064,438.0,373.95,1070.45,1,0,35ac8319-e383-4b60-9d68-837e3da448d9,177049,1b2e6952-dff1-4dce-90ce-97ab7244dea1
lower_tier,grand_tier,BB,109,Grand Tier Premium,5065,351.0,883.96,863.1,1,0,7f7af623-e5cb-4a54-aac8-75d4b69732a2,178202,ddbcb9f2-1cc1-401c-b06a-9c7f7b69694b
lower_tier,grand_tier,AA,101,Grand Tier Premium,5065,351.0,1109.45,922.9,1,0,7f7af623-e5cb-4a54-aac8-75d4b69732a2,178290,32f212f2-b045-403d-913b-c9d675f1da86
lower_tier,grand_tier,AA,102,Grand Tier Premium,5065,351.0,1082.95,918.2,1,0,7f7af623-e5cb-4a54-aac8-75d4b69732a2,178289,4082493d-ac62-4593-84dc-34b561155f49
lower_tier,grand_tier,AA,103,Grand Tier Premium,5065,351.0,1056.45,914.35,1,0,7f7af623-e5cb-4a54-aac8-75d4b69732a2,178288,15092cd1-6a5d-439b-af82-b11c65080681
lower_tier,grand_tier,AA,104,Grand Tier Premium,5065,351.0,1030.0,911.55,1,0,7f7af623-e5cb-4a54-aac8-75d4b69732a2,178287,277c219e-2cc3-43a1-a609-eb7d56770c8b
lower_tier,grand_tier,AA,105,Grand Tier Premium,5065,351.0,1003.4,909.45,1,0,7f7af623-e5cb-4a54-aac8-75d4b69732a2,178286,3d6b41f9-f73a-4b1e-9c34-9cfb7903a5be
lower_tier,grand_tier,AA,106,Grand Tier Premium,5065,351.0,977.0,908.5,1,0,7f7af623-e5cb-4a54-aac8-75d4b69732a2,178285,3b11811f-4a66-4f6b-86c9-3bd27883434b
lower_tier,grand_tier,AA,107,Grand Tier Premium,5065,351.0,950.3,907.4,1,0,7f7af623-e5cb-4a54-aac8-75d4b69732a2,178284,1e7bb37f-f909-4093-bbe9-f74ea0adca87
lower_tier,grand_tier,AA,108,Grand Tier Premium,5065,351.0,923.85,906.85,1,0,7f7af623-e5cb-4a54-aac8-75d4b69732a2,178283,965f6b79-1271-4c02-9f63-855b144e9176
lower_tier,grand_tier,AA,109,Grand Tier Premium,5065,351.0,897.3,907.45,1,0,7f7af623-e5cb-4a54-aac8-75d4b69732a2,178282,07e992cf-a6de-4fa7-81cd-d71419eac335
lower_tier,grand_tier,AA,110,Grand Tier Premium,5065,351.0,870.75,908.85,1,0,7f7af623-e5cb-4a54-aac8-75d4b69732a2,178281,d9b0ca5d-cf74-4a1d-a15f-e3b5a54011e3
lower_tier,grand_tier,AA,111,Grand Tier Premium,5065,351.0,844.3,912.05,1,0,7f7af623-e5cb-4a54-aac8-75d4b69732a2,178280,53945cfb-957b-4ff7-8b32-a9cbefa6dff5
lower_tier,grand_tier,AA,112,Grand Tier Premium,5065,351.0,817.75,915.0,1,0,7f7af623-e5cb-4a54-aac8-75d4b69732a2,178279,f4f02f25-fd4f-4fa0-bba0-22aeb8d1e593
lower_tier,grand_tier,AA,113,Grand Tier Premium,5065,351.0,791.15,917.9,1,0,7f7af623-e5cb-4a54-aac8-75d4b69732a2,178278,46720a37-97f8-47ce-b72b-233c4ffa00df
lower_tier,grand_tier,AA,114,Grand Tier Premium,5065,351.0,764.7,922.75,1,0,7f7af623-e5cb-4a54-aac8-75d4b69732a2,178277,2d34783c-d0bc-4a8d-bb82-8caa48e7b249
lower_tier,grand_tier,BB,101,Grand Tier Premium,5065,351.0,1097.26,876.74,1,0,7f7af623-e5cb-4a54-aac8-75d4b69732a2,178210,3d6db8b9-2675-43ce-87d1-383e5d1e1af9
lower_tier,grand_tier,BB,102,Grand Tier Premium,5065,351.0,1070.66,872.84,1,0,7f7af623-e5cb-4a54-aac8-75d4b69732a2,178209,45b93cd5-12c2-424f-8fae-8da0f4fd4c15
lower_tier,grand_tier,BB,103,Grand Tier Premium,5065,351.0,1043.4,868.74,1,0,7f7af623-e5cb-4a54-aac8-75d4b69732a2,178208,7960e154-8294-4dcc-a41f-96ac58a859f4
lower_tier,grand_tier,BB,104,Grand Tier Premium,5065,351.0,1017.31,866.65,1,0,7f7af623-e5cb-4a54-aac8-75d4b69732a2,178207,fdf8140e-a276-4853-ab39-e695099cd9b3
lower_tier,grand_tier,BB,105,Grand Tier Premium,5065,351.0,990.66,864.3,1,0,7f7af623-e5cb-4a54-aac8-75d4b69732a2,178206,6e36a6be-b647-478c-80ef-744d20f3fa4f
lower_tier,grand_tier,BB,106,Grand Tier Premium,5065,351.0,963.96,863.3,1,0,7f7af623-e5cb-4a54-aac8-75d4b69732a2,178205,c44cf8ba-39b2-40c6-948a-f1d6afd062bd
lower_tier,grand_tier,BB,107,Grand Tier Premium,5065,351.0,937.31,862.65,1,0,7f7af623-e5cb-4a54-aac8-75d4b69732a2,178204,fa883f26-e38d-49d1-9e33-5d7fdf1e277b
lower_tier,grand_tier,BB,108,Grand Tier Premium,5065,351.0,910.51,862.55,1,0,7f7af623-e5cb-4a54-aac8-75d4b69732a2,178203,ff47ac7f-d349-4da7-8154-0656e4cc47a7
lower_tier,grand_tier,BB,110,Grand Tier Premium,5065,351.0,857.31,864.65,1,0,7f7af623-e5cb-4a54-aac8-75d4b69732a2,178201,ea5f0c40-0fbf-4f16-bb25-4a56a3b161be
lower_tier,grand_tier,BB,111,Grand Tier Premium,5065,351.0,830.61,867.1,1,0,7f7af623-e5cb-4a54-aac8-75d4b69732a2,178200,de4bfedf-6f96-4f45-97d7-ee22dceb6a8f
lower_tier,grand_tier,BB,112,Grand Tier Premium,5065,351.0,804.01,870.25,1,0,7f7af623-e5cb-4a54-aac8-75d4b69732a2,178199,102004bd-c9c3-4de7-bcc3-f8c471a4a982
lower_tier,grand_tier,BB,113,Grand Tier Premium,5065,351.0,777.36,874.2,1,0,7f7af623-e5cb-4a54-aac8-75d4b69732a2,178198,824bc66a-1f2d-4b0b-aed7-1605eaff1557
lower_tier,grand_tier,CC,101,Grand Tier Premium,5065,351.0,1110.6,831.15,1,0,7f7af623-e5cb-4a54-aac8-75d4b69732a2,178130,9bb5d207-a7d9-4af5-a960-3a5ae51b6644
lower_tier,grand_tier,CC,102,Grand Tier Premium,5065,351.0,1083.85,826.85,1,0,7f7af623-e5cb-4a54-aac8-75d4b69732a2,178129,57b5a945-8221-4f95-9d6f-4d659dce9831
lower_tier,grand_tier,CC,103,Grand Tier Premium,5065,351.0,1057.25,822.85,1,0,7f7af623-e5cb-4a54-aac8-75d4b69732a2,178128,86568ea3-e8e0-4cab-8842-c2bdf32e2e25
lower_tier,grand_tier,CC,104,Grand Tier Premium,5065,351.0,1030.6,820.05,1,0,7f7af623-e5cb-4a54-aac8-75d4b69732a2,178127,fe9391c6-72b5-49ee-939e-e1b9f42960a3
lower_tier,grand_tier,CC,105,Grand Tier Premium,5065,351.0,1003.9,817.95,1,0,7f7af623-e5cb-4a54-aac8-75d4b69732a2,178126,e2320b2c-2427-471b-8735-2e521f9cde01
lower_tier,grand_tier,CC,106,Grand Tier Premium,5065,351.0,977.3,815.9,1,0,7f7af623-e5cb-4a54-aac8-75d4b69732a2,178125,95257e21-0949-4a02-b6d2-03d18d5e55e9
lower_tier,grand_tier,CC,107,Grand Tier Premium,5065,351.0,950.4,815.9,1,0,7f7af623-e5cb-4a54-aac8-75d4b69732a2,178124,70ef9c1c-39fa-4be2-9615-c799d704edda
lower_tier,grand_tier,CC,108,Grand Tier Premium,5065,351.0,923.75,816.35,1,0,7f7af623-e5cb-4a54-aac8-75d4b69732a2,178123,1fbc37a3-fc85-4c77-8972-5a4fe64e5283
lower_tier,grand_tier,CC,109,Grand Tier Premium,5065,351.0,897.1,816.95,1,0,7f7af623-e5cb-4a54-aac8-75d4b69732a2,178122,3e569abb-a7cd-40b6-bce3-ebb214901f43
lower_tier,grand_tier,CC,110,Grand Tier Premium,5065,351.0,870.4,819.4,1,0,7f7af623-e5cb-4a54-aac8-75d4b69732a2,178121,ebca875e-06ba-4df2-be2a-6b5adc8447af
lower_tier,grand_tier,CC,111,Grand Tier Premium,5065,351.0,843.8,821.55,1,0,7f7af623-e5cb-4a54-aac8-75d4b69732a2,178120,479560e4-1dcb-4944-802b-dad09a49f107
lower_tier,grand_tier,CC,112,Grand Tier Premium,5065,351.0,817.05,824.4,1,0,7f7af623-e5cb-4a54-aac8-75d4b69732a2,178119,49a32fc0-58d8-4b1a-b689-b809312a7728
lower_tier,grand_tier,CC,113,Grand Tier Premium,5065,351.0,790.35,828.4,1,0,7f7af623-e5cb-4a54-aac8-75d4b69732a2,178118,879d1bda-5504-476b-ac04-82493ae0d269
lower_tier,grand_tier,CC,114,Grand Tier Premium,5065,351.0,763.65,832.2,1,0,7f7af623-e5cb-4a54-aac8-75d4b69732a2,178117,33093a3b-e288-46cf-9eab-098d96bf5a30
lower_tier,grand_tier,DD,101,Grand Tier Premium,5065,351.0,1097.42,783.97,1,0,7f7af623-e5cb-4a54-aac8-75d4b69732a2,178050,e223caad-d232-4db9-b136-d4500b04924e
lower_tier,grand_tier,DD,102,Grand Tier Premium,5065,351.0,1070.65,780.56,1,0,7f7af623-e5cb-4a54-aac8-75d4b69732a2,178049,fbbc82d2-204a-4fac-8b9a-82864ba51dc1
lower_tier,grand_tier,DD,103,Grand Tier Premium,5065,351.0,1043.88,777.3,1,0,7f7af623-e5cb-4a54-aac8-75d4b69732a2,178048,b013652a-e915-4e0f-854e-ff84a71db9ea
lower_tier,grand_tier,DD,104,Grand Tier Premium,5065,351.0,1017.1,773.89,1,0,7f7af623-e5cb-4a54-aac8-75d4b69732a2,178047,7051b055-3e75-4c15-afb4-5a5f8e286273
lower_tier,grand_tier,DD,105,Grand Tier Premium,5065,351.0,990.22,772.58,1,0,7f7af623-e5cb-4a54-aac8-75d4b69732a2,178046,9f193f3f-a48e-4ac1-a86e-20f5642d046b
lower_tier,grand_tier,DD,106,Grand Tier Premium,5065,351.0,963.39,771.18,1,0,7f7af623-e5cb-4a54-aac8-75d4b69732a2,178045,3df6f652-dab0-42f8-ad0f-40698c030367
lower_tier,grand_tier,DD,107,Grand Tier Premium,5065,351.0,936.54,771.61,1,0,7f7af623-e5cb-4a54-aac8-75d4b69732a2,178044,9ed240a9-9073-4d21-9dc3-0c8de49dfdf6
lower_tier,grand_tier,DD,108,Grand Tier Premium,5065,351.0,909.84,771.99,1,0,7f7af623-e5cb-4a54-aac8-75d4b69732a2,178043,913b96ad-2755-409b-aafd-5474c73bc185
lower_tier,grand_tier,DD,109,Grand Tier Premium,5065,351.0,883.21,773.08,1,0,7f7af623-e5cb-4a54-aac8-75d4b69732a2,178042,06882412-c2c0-4909-b18d-e95fb071be49
lower_tier,grand_tier,DD,110,Grand Tier Premium,5065,351.0,856.55,775.12,1,0,7f7af623-e5cb-4a54-aac8-75d4b69732a2,178041,0f8fd262-a59a-4bd4-9f27-a185d71533e6
lower_tier,grand_tier,DD,111,Grand Tier Premium,5065,351.0,829.9,778.21,1,0,7f7af623-e5cb-4a54-aac8-75d4b69732a2,178040,46c14bc7-da93-41a7-a5b4-3682a5c0eda4
lower_tier,grand_tier,DD,112,Grand Tier Premium,5065,351.0,803.27,781.79,1,0,7f7af623-e5cb-4a54-aac8-75d4b69732a2,178039,a6ed9ca7-38e9-4eb7-94ee-e34899a20b7c
lower_tier,grand_tier,DD,113,Grand Tier Premium,5065,351.0,776.6,786.28,1,0,7f7af623-e5cb-4a54-aac8-75d4b69732a2,178038,2c2d2c90-affb-4e4f-98b9-5dbe30f6605b
lower_tier,grand_tier,EE,101,Grand Tier Premium,5065,351.0,1110.8,739.15,17,0,7f7af623-e5cb-4a54-aac8-75d4b69732a2,177970,db335485-54ae-443b-be08-27a617cfcb58
lower_tier,grand_tier,EE,102,Grand Tier Premium,5065,351.0,1084.1,734.3,1,0,7f7af623-e5cb-4a54-aac8-75d4b69732a2,177969,717a0d12-9133-4762-9cbd-b340f76a124f
lower_tier,grand_tier,EE,103,Grand Tier Premium,5065,351.0,1057.3,731.2,1,0,7f7af623-e5cb-4a54-aac8-75d4b69732a2,177968,76a7ad55-2c41-440c-a92a-becbca7e7cf6
lower_tier,grand_tier,EE,104,Grand Tier Premium,5065,351.0,1030.45,728.1,1,0,7f7af623-e5cb-4a54-aac8-75d4b69732a2,177967,436cbcb5-ee68-4110-84ca-234acfe1a7ed
lower_tier,grand_tier,EE,105,Grand Tier Premium,5065,351.0,1003.75,726.05,1,0,7f7af623-e5cb-4a54-aac8-75d4b69732a2,177966,11f0bd07-dd72-41dc-b8bb-8f8203e881a2
lower_tier,grand_tier,EE,106,Grand Tier Premium,5065,351.0,976.9,724.95,1,0,7f7af623-e5cb-4a54-aac8-75d4b69732a2,177965,5e6e9dfe-e4bd-4267-a518-c8c8944101c8
lower_tier,grand_tier,EE,107,Grand Tier Premium,5065,351.0,950.1,724.7,1,0,7f7af623-e5cb-4a54-aac8-75d4b69732a2,177964,7817c430-488b-447a-a136-4914151044c9
lower_tier,grand_tier,EE,108,Grand Tier Premium,5065,351.0,923.35,724.25,1,0,7f7af623-e5cb-4a54-aac8-75d4b69732a2,177963,b9b0ebed-bab2-46be-bdf5-6a4943a57938
lower_tier,grand_tier,EE,109,Grand Tier Premium,5065,351.0,896.5,724.6,1,0,7f7af623-e5cb-4a54-aac8-75d4b69732a2,177962,ba8a7dc6-1132-4598-9b62-71902f097617
lower_tier,grand_tier,EE,110,Grand Tier Premium,5065,351.0,869.75,725.9,1,0,7f7af623-e5cb-4a54-aac8-75d4b69732a2,177961,a9cf5108-b5eb-410a-973b-b924d247c9b8
lower_tier,grand_tier,EE,111,Grand Tier Premium,5065,351.0,842.95,728.95,1,0,7f7af623-e5cb-4a54-aac8-75d4b69732a2,177960,63ff0371-540b-4e15-be2e-57de9a50483c
lower_tier,grand_tier,EE,112,Grand Tier Premium,5065,351.0,816.2,731.8,1,0,7f7af623-e5cb-4a54-aac8-75d4b69732a2,177959,8a67189b-1fe7-461b-9ba9-6eabf9cfc211
lower_tier,grand_tier,EE,113,Grand Tier Premium,5065,351.0,789.4,735.6,1,0,7f7af623-e5cb-4a54-aac8-75d4b69732a2,177958,ee0a4072-0ae0-407a-bcbb-97f772e3a221
lower_tier,grand_tier,EE,114,Grand Tier Premium,5065,351.0,762.6,739.4,17,0,7f7af623-e5cb-4a54-aac8-75d4b69732a2,177957,75649172-b3c4-479a-8737-26417d2b2635
lower_tier,grand_tier,AA,1,Grand Tier Premium,5065,351.0,1163.4,932.85,1,0,24829716-259d-4f70-8cf3-d6abb2b85518,178294,c1c38de7-9daf-4990-a47a-bbdcf9c00a8e
lower_tier,grand_tier,AA,3,Grand Tier Premium,5065,351.0,1190.05,939.15,1,0,24829716-259d-4f70-8cf3-d6abb2b85518,178295,8383039e-18e4-494c-9c5c-1fa1613504a3
lower_tier,grand_tier,AA,5,Grand Tier Premium,5065,351.0,1216.85,945.45,1,0,24829716-259d-4f70-8cf3-d6abb2b85518,178296,9fa31016-30e6-4526-98a4-8bb7d5a89578
lower_tier,grand_tier,AA,7,Grand Tier Premium,5065,351.0,1243.4,952.55,1,0,24829716-259d-4f70-8cf3-d6abb2b85518,178297,f51f1f46-55fd-4c64-b327-aff439662ba3
lower_tier,grand_tier,AA,9,Grand Tier Premium,5065,351.0,1270.1,960.1,1,0,24829716-259d-4f70-8cf3-d6abb2b85518,178298,8252dbef-0f0c-40d4-a2bc-5a20ec4d1990
lower_tier,grand_tier,AA,11,Grand Tier Premium,5065,351.0,1296.8,968.2,1,0,24829716-259d-4f70-8cf3-d6abb2b85518,178299,705f2a09-4a04-4f3b-9db0-9f004bd1f29b
lower_tier,grand_tier,AA,13,Grand Tier Premium,5065,351.0,1323.45,977.7,1,0,24829716-259d-4f70-8cf3-d6abb2b85518,178300,7c9262d8-d301-48bb-a019-51b23b91c2bf
lower_tier,grand_tier,AA,15,Grand Tier Premium,5065,351.0,1350.15,988.4,1,0,24829716-259d-4f70-8cf3-d6abb2b85518,178301,460fd64e-bf92-4503-a236-194e212fb193
lower_tier,grand_tier,AA,17,Grand Tier Premium,5065,351.0,1376.85,998.5,1,0,24829716-259d-4f70-8cf3-d6abb2b85518,178302,c1ef307a-8f75-425c-986a-4d4d3204af10
lower_tier,grand_tier,AA,19,Grand Tier Premium,5065,351.0,1403.55,1009.8,1,0,24829716-259d-4f70-8cf3-d6abb2b85518,178303,0296566d-66fb-4dd5-bb17-d236564e8778
lower_tier,grand_tier,AA,21,Grand Tier Premium,5065,351.0,1430.15,1019.45,1,0,24829716-259d-4f70-8cf3-d6abb2b85518,178304,89d88af2-6980-4d5c-94ac-717612acb2af
lower_tier,grand_tier,AA,23,Grand Tier Premium,5065,351.0,1456.7,1030.5,1,0,24829716-259d-4f70-8cf3-d6abb2b85518,178305,84f77315-5190-441c-aa43-c8385b5feea2
lower_tier,grand_tier,AA,25,Grand Tier Premium,5065,351.0,1483.35,1040.45,1,0,24829716-259d-4f70-8cf3-d6abb2b85518,178306,bb668728-759a-49b9-9cb6-6cc8aa09f4d7
lower_tier,grand_tier,AA,27,Grand Tier Premium,5065,351.0,1510.1,1048.25,1,0,24829716-259d-4f70-8cf3-d6abb2b85518,178307,e13217ea-307e-4e5c-95b8-2e145ecc86c9
lower_tier,grand_tier,BB,1,Grand Tier Premium,5065,351.0,1163.25,886.65,1,0,24829716-259d-4f70-8cf3-d6abb2b85518,178214,3b201b66-67a2-46b4-8757-7c3e9b5c7dcd
lower_tier,grand_tier,BB,3,Grand Tier Premium,5065,351.0,1190.25,891.95,1,0,24829716-259d-4f70-8cf3-d6abb2b85518,178215,f481278a-e470-4793-a607-6b00d359e4fb
lower_tier,grand_tier,BB,5,Grand Tier Premium,5065,351.0,1217.35,899.25,1,0,24829716-259d-4f70-8cf3-d6abb2b85518,178216,19cd4412-fa62-41e7-9e25-f0b6408ee241
lower_tier,grand_tier,BB,7,Grand Tier Premium,5065,351.0,1244.3,907.35,1,0,24829716-259d-4f70-8cf3-d6abb2b85518,178217,c23da950-35d3-43b3-be31-611233cc16e9
lower_tier,grand_tier,BB,9,Grand Tier Premium,5065,351.0,1271.2,914.9,1,0,24829716-259d-4f70-8cf3-d6abb2b85518,178218,f16210d1-d66a-4d4f-8516-a3e5863ad60e
lower_tier,grand_tier,BB,11,Grand Tier Premium,5065,351.0,1298.3,924.0,1,0,24829716-259d-4f70-8cf3-d6abb2b85518,178219,c9df8ed4-cbbb-4e17-a903-da30f7096f88
lower_tier,grand_tier,BB,13,Grand Tier Premium,5065,351.0,1325.25,933.5,1,0,24829716-259d-4f70-8cf3-d6abb2b85518,178220,a3392178-3763-445d-8415-6d9447d365a5
lower_tier,grand_tier,BB,15,Grand Tier Premium,5065,351.0,1352.15,944.2,1,0,24829716-259d-4f70-8cf3-d6abb2b85518,178221,63e1db57-956b-40ee-b521-c01d0b127e31
lower_tier,grand_tier,BB,17,Grand Tier Premium,5065,351.0,1379.25,954.4,1,0,24829716-259d-4f70-8cf3-d6abb2b85518,178222,1bc1f465-6e55-44ec-b636-2a6d2844667f
lower_tier,grand_tier,BB,19,Grand Tier Premium,5065,351.0,1406.25,965.6,1,0,24829716-259d-4f70-8cf3-d6abb2b85518,178223,200d255f-64fa-4dcf-b0f3-c7a3383a1b5d
lower_tier,grand_tier,BB,21,Grand Tier Premium,5065,351.0,1433.15,976.25,1,0,24829716-259d-4f70-8cf3-d6abb2b85518,178224,cf94fa71-82f5-4607-9d05-6a54701080cc
lower_tier,grand_tier,BB,23,Grand Tier Premium,5065,351.0,1460.05,986.0,1,0,24829716-259d-4f70-8cf3-d6abb2b85518,178225,08cc1111-c1ae-46f8-bf08-57ec3b6c8b0c
lower_tier,grand_tier,BB,25,Grand Tier Premium,5065,351.0,1487.05,995.35,1,0,24829716-259d-4f70-8cf3-d6abb2b85518,178226,25d3680e-383d-46e4-8007-b304f546e6ba
lower_tier,grand_tier,BB,27,Grand Tier Premium,5065,351.0,1513.95,1003.35,1,0,24829716-259d-4f70-8cf3-d6abb2b85518,178227,30487ab7-20eb-4715-bc71-c5048adff15c
lower_tier,grand_tier,CC,1,Grand Tier Premium,5065,351.0,1163.25,840.65,1,0,24829716-259d-4f70-8cf3-d6abb2b85518,178134,aae43566-473c-4a94-86d6-a531cf26832b
lower_tier,grand_tier,CC,3,Grand Tier Premium,5065,351.0,1190.65,846.95,1,0,24829716-259d-4f70-8cf3-d6abb2b85518,178135,79f5f9d4-8a0f-4f53-a93f-65e9fddbd0ca
lower_tier,grand_tier,CC,5,Grand Tier Premium,5065,351.0,1217.95,853.25,1,0,24829716-259d-4f70-8cf3-d6abb2b85518,178136,a9295d8b-4b83-462c-8906-c279c6c32de2
lower_tier,grand_tier,CC,7,Grand Tier Premium,5065,351.0,1245.2,861.35,1,0,24829716-259d-4f70-8cf3-d6abb2b85518,178137,10abb58f-e78b-40ce-8523-85bbf70beb8b
lower_tier,grand_tier,CC,9,Grand Tier Premium,5065,351.0,1272.5,869.8,1,0,24829716-259d-4f70-8cf3-d6abb2b85518,178138,8cfc947b-25c9-44ed-812d-417a22e8ff2f
lower_tier,grand_tier,CC,11,Grand Tier Premium,5065,351.0,1299.9,878.0,1,0,24829716-259d-4f70-8cf3-d6abb2b85518,178139,157e1a8d-ebae-4037-a3cc-20692b087b2f
lower_tier,grand_tier,CC,13,Grand Tier Premium,5065,351.0,1327.15,887.5,1,0,24829716-259d-4f70-8cf3-d6abb2b85518,178140,60b26657-c2ef-4d9a-b93e-cd1ab3cd8510
lower_tier,grand_tier,CC,15,Grand Tier Premium,5065,351.0,1354.45,898.2,1,0,24829716-259d-4f70-8cf3-d6abb2b85518,178141,110100d6-8b02-47a2-9d81-0a51e614cad1
lower_tier,grand_tier,CC,17,Grand Tier Premium2,5066,351.0,1381.75,909.3,1,0,24829716-259d-4f70-8cf3-d6abb2b85518,178142,01b218e4-f3f1-4cd3-a5cc-1b83b3904a42
lower_tier,grand_tier,CC,19,Grand Tier Premium2,5066,351.0,1409.15,920.6,1,0,24829716-259d-4f70-8cf3-d6abb2b85518,178143,5dca28cf-e77c-4fda-9c62-8ad5d9284982
lower_tier,grand_tier,CC,21,Grand Tier Premium2,5066,351.0,1436.4,931.2,1,0,24829716-259d-4f70-8cf3-d6abb2b85518,178144,a1a632ca-a15c-4f07-be70-c408d3a0ed51
lower_tier,grand_tier,CC,23,Grand Tier Premium2,5066,351.0,1463.7,941.05,1,0,24829716-259d-4f70-8cf3-d6abb2b85518,178145,69a8374a-7b93-4859-933c-f688643d51c8
lower_tier,grand_tier,CC,25,Grand Tier Premium2,5066,351.0,1490.95,950.05,1,0,24829716-259d-4f70-8cf3-d6abb2b85518,178146,d587853d-b701-4ff5-9065-7823160d0078
lower_tier,grand_tier,CC,27,Grand Tier Premium2,5066,351.0,1518.3,959.0,1,0,24829716-259d-4f70-8cf3-d6abb2b85518,178147,9c3887ea-428d-4e96-839b-2aa27eaaddb5
lower_tier,grand_tier,DD,1,Grand Tier Premium,5065,351.0,1163.65,794.55,1,0,24829716-259d-4f70-8cf3-d6abb2b85518,178054,1cf45c47-ba2c-459d-85e1-50172993b899
lower_tier,grand_tier,DD,3,Grand Tier Premium,5065,351.0,1191.25,800.75,1,0,24829716-259d-4f70-8cf3-d6abb2b85518,178055,d2037a51-7e63-4ba5-8f78-e5caef9165d6
lower_tier,grand_tier,DD,5,Grand Tier Premium2,5066,351.0,1218.95,808.05,1,0,24829716-259d-4f70-8cf3-d6abb2b85518,178056,bdd8a95b-1825-451a-8d79-2979cbba5b19
lower_tier,grand_tier,DD,7,Grand Tier Premium2,5066,351.0,1246.5,815.25,1,0,24829716-259d-4f70-8cf3-d6abb2b85518,178057,6c30c1d1-da1c-43b0-a293-3c8ec3b5bb17
lower_tier,grand_tier,DD,9,Grand Tier Premium2,5066,351.0,1274.0,823.7,1,0,24829716-259d-4f70-8cf3-d6abb2b85518,178058,0b660c01-ce72-4e1d-946d-c0142566de33
lower_tier,grand_tier,DD,11,Grand Tier Premium2,5066,351.0,1301.7,832.8,1,0,24829716-259d-4f70-8cf3-d6abb2b85518,178059,ea1e5a71-1009-41af-8afc-a6b8534f1a0e
lower_tier,grand_tier,DD,13,Grand Tier Premium2,5066,351.0,1329.25,842.3,1,0,24829716-259d-4f70-8cf3-d6abb2b85518,178060,9742e7c4-b630-4e66-83d7-64969db74050
lower_tier,grand_tier,DD,15,Grand Tier Premium2,5066,351.0,1356.85,853.0,1,0,24829716-259d-4f70-8cf3-d6abb2b85518,178061,88df9fd6-bb2f-4bf5-9668-b13e16f4026e
lower_tier,grand_tier,DD,17,Grand Tier Premium2,5066,351.0,1384.45,864.2,1,0,24829716-259d-4f70-8cf3-d6abb2b85518,178062,090ae58e-80a0-4796-a681-cfa5a0796f64
lower_tier,grand_tier,DD,19,Grand Tier Premium2,5066,351.0,1412.05,875.4,1,0,24829716-259d-4f70-8cf3-d6abb2b85518,178063,6436f026-6ecb-4db9-b464-f9a7a29928b5
lower_tier,grand_tier,DD,21,Grand Tier Premium2,5066,351.0,1439.45,886.1,1,0,24829716-259d-4f70-8cf3-d6abb2b85518,178064,9902ca7d-fa6e-4269-8fe6-6dffb8dde51c
lower_tier,grand_tier,DD,23,Grand Tier Premium2,5066,351.0,1467.2,896.05,1,0,24829716-259d-4f70-8cf3-d6abb2b85518,178065,f83ef36b-5734-4aab-97b7-dd2f100cb558
lower_tier,grand_tier,DD,25,Grand Tier Premium2,5066,351.0,1494.8,905.25,1,0,24829716-259d-4f70-8cf3-d6abb2b85518,178066,6405affc-8747-4307-9486-8182d2f988eb
lower_tier,grand_tier,DD,27,Grand Tier Premium2,5066,351.0,1522.35,913.05,1,0,24829716-259d-4f70-8cf3-d6abb2b85518,178067,a748c49f-f8ea-4191-893e-97fdecb82e78
lower_tier,grand_tier,EE,1,Grand Tier Premium,5065,351.0,1163.3,748.2,17,0,24829716-259d-4f70-8cf3-d6abb2b85518,177974,ab550a29-138d-4c41-9a67-4fb80752d75f
lower_tier,grand_tier,EE,3,Grand Tier Premium,5065,351.0,1191.15,755.4,1,0,24829716-259d-4f70-8cf3-d6abb2b85518,177975,86938862-1c72-4f83-82b7-6922e08050ae
lower_tier,grand_tier,EE,5,Grand Tier Premium2,5066,351.0,1219.1,762.6,1,0,24829716-259d-4f70-8cf3-d6abb2b85518,177976,42704271-1935-44de-a5c0-bead369f4f5b
lower_tier,grand_tier,EE,7,Grand Tier Premium2,5066,351.0,1246.95,770.45,1,0,24829716-259d-4f70-8cf3-d6abb2b85518,177977,c980b380-2244-4997-bb0c-e93eb11a56de
lower_tier,grand_tier,EE,9,Grand Tier Premium2,5066,351.0,1274.75,778.85,1,0,24829716-259d-4f70-8cf3-d6abb2b85518,177978,0a8a086f-6bbb-4467-98ac-4c2e9395acdd
lower_tier,grand_tier,EE,11,Grand Tier Premium2,5066,351.0,1302.7,787.85,1,0,24829716-259d-4f70-8cf3-d6abb2b85518,177979,94252232-76d3-4c55-9523-56cffc1cb911
lower_tier,grand_tier,EE,13,Grand Tier Premium2,5066,351.0,1330.6,797.1,1,0,24829716-259d-4f70-8cf3-d6abb2b85518,177980,9a50a079-8593-4e09-8865-9e6dcf2c46e8
lower_tier,grand_tier,EE,15,Grand Tier Premium2,5066,351.0,1358.45,807.75,1,0,24829716-259d-4f70-8cf3-d6abb2b85518,177981,3ede7e79-bfe7-47ac-8de7-bead22dd4396
lower_tier,grand_tier,EE,17,Grand Tier Premium2,5066,351.0,1386.3,819.6,1,0,24829716-259d-4f70-8cf3-d6abb2b85518,177982,3b5f84c9-e89b-4faf-a5ce-6bd6e2b1b4ab
lower_tier,grand_tier,EE,19,Grand Tier Premium2,5066,351.0,1414.25,830.85,1,0,24829716-259d-4f70-8cf3-d6abb2b85518,177983,6a32ebd7-d921-4d40-97ba-dcb140111150
lower_tier,grand_tier,EE,21,Grand Tier Premium2,5066,351.0,1442.1,841.3,1,0,24829716-259d-4f70-8cf3-d6abb2b85518,177984,f6ad81f2-b280-49a0-86c4-da0001331c1c
lower_tier,grand_tier,EE,23,Grand Tier Premium2,5066,351.0,1469.95,850.9,1,0,24829716-259d-4f70-8cf3-d6abb2b85518,177985,9f6a3894-ea68-46e6-b2a1-1c96ebb30db2
lower_tier,grand_tier,EE,25,Grand Tier Premium2,5066,351.0,1497.9,860.75,1,0,24829716-259d-4f70-8cf3-d6abb2b85518,177986,441377eb-90a2-4e87-b796-b5eef76fdb2f
lower_tier,grand_tier,EE,27,Grand Tier Premium2,5066,351.0,1525.75,869.2,17,0,24829716-259d-4f70-8cf3-d6abb2b85518,177987,a8afa59d-769d-48a4-8959-3d70bddc2e34
lower_tier,grand_tier,AA,2,Grand Tier Premium,5065,351.0,708.85,934.45,1,0,0ec4c7fa-e1e8-4a14-8fb6-d6bba2466cf9,178273,8a20ce4b-0388-4936-a152-52c95b587768
lower_tier,grand_tier,AA,4,Grand Tier Premium,5065,351.0,682.25,940.85,1,0,0ec4c7fa-e1e8-4a14-8fb6-d6bba2466cf9,178272,c58d365b-da14-42d4-a754-e80ecbe7b5fc
lower_tier,grand_tier,AA,6,Grand Tier Premium,5065,351.0,655.55,947.05,1,0,0ec4c7fa-e1e8-4a14-8fb6-d6bba2466cf9,178271,60714864-abb1-4aff-be4e-6789215ac2b6
lower_tier,grand_tier,AA,8,Grand Tier Premium,5065,351.0,628.9,954.15,1,0,0ec4c7fa-e1e8-4a14-8fb6-d6bba2466cf9,178270,95cf661e-aa1b-442a-8472-d05861948cc5
lower_tier,grand_tier,AA,10,Grand Tier Premium,5065,351.0,602.2,961.9,1,0,0ec4c7fa-e1e8-4a14-8fb6-d6bba2466cf9,178269,7a3bcad3-af1d-46af-879a-3ac6e6bc0d4a
lower_tier,grand_tier,AA,12,Grand Tier Premium,5065,351.0,575.6,969.9,1,0,0ec4c7fa-e1e8-4a14-8fb6-d6bba2466cf9,178268,bd5769d6-95dc-41b4-b950-c7dc465e1d93
lower_tier,grand_tier,AA,14,Grand Tier Premium,5065,351.0,548.85,979.3,1,0,0ec4c7fa-e1e8-4a14-8fb6-d6bba2466cf9,178267,04582396-885e-44de-b082-f4f433aee4e5
lower_tier,grand_tier,AA,16,Grand Tier Premium,5065,351.0,522.25,990.1,1,0,0ec4c7fa-e1e8-4a14-8fb6-d6bba2466cf9,178266,c0847586-deb7-4d1e-b615-d1ab00694082
lower_tier,grand_tier,AA,18,Grand Tier Premium,5065,351.0,495.55,1000.2,1,0,0ec4c7fa-e1e8-4a14-8fb6-d6bba2466cf9,178265,6d9237b6-567b-476c-aca7-643b9f2bfe76
lower_tier,grand_tier,AA,20,Grand Tier Premium,5065,351.0,468.85,1011.6,1,0,0ec4c7fa-e1e8-4a14-8fb6-d6bba2466cf9,178264,0a8f3009-ebeb-4549-b79e-b7085ef316b4
lower_tier,grand_tier,AA,22,Grand Tier Premium,5065,351.0,442.25,1021.15,1,0,0ec4c7fa-e1e8-4a14-8fb6-d6bba2466cf9,178263,4e386c97-161e-4b13-93dd-acb8933bd5a2
lower_tier,grand_tier,AA,24,Grand Tier Premium,5065,351.0,415.6,1032.1,1,0,0ec4c7fa-e1e8-4a14-8fb6-d6bba2466cf9,178262,5b0527c2-2c51-406e-bb1f-1077900622f5
lower_tier,grand_tier,AA,26,Grand Tier Premium,5065,351.0,388.85,1041.05,1,0,0ec4c7fa-e1e8-4a14-8fb6-d6bba2466cf9,178261,706f8ace-eab8-4fe4-b90e-6f53ed10b1b8
lower_tier,grand_tier,AA,28,Grand Tier Premium,5065,351.0,362.2,1048.85,1,0,0ec4c7fa-e1e8-4a14-8fb6-d6bba2466cf9,178260,7df1955d-2c12-413d-a68d-6b92ea34e66c
lower_tier,grand_tier,BB,2,Grand Tier Premium,5065,351.0,708.95,887.25,1,0,0ec4c7fa-e1e8-4a14-8fb6-d6bba2466cf9,178193,d12a0e7e-e7a8-46f9-a091-aae2c096d226
lower_tier,grand_tier,BB,4,Grand Tier Premium,5065,351.0,682.05,892.65,1,0,0ec4c7fa-e1e8-4a14-8fb6-d6bba2466cf9,178192,584690af-2c78-410c-993e-65a473d9c3c6
lower_tier,grand_tier,BB,6,Grand Tier Premium,5065,351.0,655.05,899.95,1,0,0ec4c7fa-e1e8-4a14-8fb6-d6bba2466cf9,178191,65e6410e-6329-476b-a3bd-86c79e940162
lower_tier,grand_tier,BB,8,Grand Tier Premium,5065,351.0,628.0,907.95,1,0,0ec4c7fa-e1e8-4a14-8fb6-d6bba2466cf9,178190,44b3c752-3f44-4961-968e-303751441386
lower_tier,grand_tier,BB,10,Grand Tier Premium,5065,351.0,601.0,915.7,1,0,0ec4c7fa-e1e8-4a14-8fb6-d6bba2466cf9,178189,9db3892b-0f13-410f-b0e1-9e2e2f7062c7
lower_tier,grand_tier,BB,12,Grand Tier Premium,5065,351.0,574.1,924.7,1,0,0ec4c7fa-e1e8-4a14-8fb6-d6bba2466cf9,178188,4d80c635-2262-4e22-b73a-91d238657a2b
lower_tier,grand_tier,BB,14,Grand Tier Premium,5065,351.0,547.15,935.1,1,0,0ec4c7fa-e1e8-4a14-8fb6-d6bba2466cf9,178187,905fe80c-e3a1-4d7e-ba72-d63db34c82f5
lower_tier,grand_tier,BB,16,Grand Tier Premium,5065,351.0,520.15,946.0,1,0,0ec4c7fa-e1e8-4a14-8fb6-d6bba2466cf9,178186,a8a15f61-8fbc-4399-8900-b188dad10c92
lower_tier,grand_tier,BB,18,Grand Tier Premium,5065,351.0,493.15,957.0,1,0,0ec4c7fa-e1e8-4a14-8fb6-d6bba2466cf9,178185,d116288f-3233-4302-9bba-5f56da9e425d
lower_tier,grand_tier,BB,20,Grand Tier Premium,5065,351.0,466.15,967.4,1,0,0ec4c7fa-e1e8-4a14-8fb6-d6bba2466cf9,178184,5e1296fd-098b-4151-9dd4-2596cd9ba918
lower_tier,grand_tier,BB,22,Grand Tier Premium,5065,351.0,439.25,977.95,1,0,0ec4c7fa-e1e8-4a14-8fb6-d6bba2466cf9,178183,9e3e8245-783d-420f-88bf-448de1e92d41
lower_tier,grand_tier,BB,24,Grand Tier Premium,5065,351.0,412.25,987.9,1,0,0ec4c7fa-e1e8-4a14-8fb6-d6bba2466cf9,178182,8c2e6770-fa44-493b-9b40-01c7219310b8
lower_tier,grand_tier,BB,26,Grand Tier Premium,5065,351.0,385.25,996.15,1,0,0ec4c7fa-e1e8-4a14-8fb6-d6bba2466cf9,178181,76b41e25-7cac-4b9b-9e2f-df8b0ddc7e06
lower_tier,grand_tier,BB,28,Grand Tier Premium,5065,351.0,358.25,1004.05,1,0,0ec4c7fa-e1e8-4a14-8fb6-d6bba2466cf9,178180,0316e4c6-65ff-4dc9-8383-38a5579c493e
lower_tier,grand_tier,CC,2,Grand Tier Premium,5065,351.0,708.95,842.25,1,0,0ec4c7fa-e1e8-4a14-8fb6-d6bba2466cf9,178113,b93747db-3564-4690-ac83-eba36b270eda
lower_tier,grand_tier,CC,4,Grand Tier Premium,5065,351.0,681.65,847.65,1,0,0ec4c7fa-e1e8-4a14-8fb6-d6bba2466cf9,178112,bdc96f2c-4c6d-4ffa-9b42-8b539e214ebf
lower_tier,grand_tier,CC,6,Grand Tier Premium,5065,351.0,654.45,853.85,1,0,0ec4c7fa-e1e8-4a14-8fb6-d6bba2466cf9,178111,7d6aa559-3c13-4c28-878c-92104a8f2608
lower_tier,grand_tier,CC,8,Grand Tier Premium,5065,351.0,627.1,861.95,1,0,0ec4c7fa-e1e8-4a14-8fb6-d6bba2466cf9,178110,7be1f0f3-e1d5-4c7d-bfe3-d6fcce740a4f
lower_tier,grand_tier,CC,10,Grand Tier Premium,5065,351.0,599.7,870.7,1,0,0ec4c7fa-e1e8-4a14-8fb6-d6bba2466cf9,178109,3f53951b-59c6-4375-9f74-091406c82e02
lower_tier,grand_tier,CC,12,Grand Tier Premium,5065,351.0,572.5,879.7,1,0,0ec4c7fa-e1e8-4a14-8fb6-d6bba2466cf9,178108,902cbfda-0c54-4090-9376-b34d5b3cd665
lower_tier,grand_tier,CC,14,Grand Tier Premium,5065,351.0,545.15,889.1,1,0,0ec4c7fa-e1e8-4a14-8fb6-d6bba2466cf9,178107,f239874c-98b1-4333-bc82-1b83c8368c6d
lower_tier,grand_tier,CC,16,Grand Tier Premium,5065,351.0,517.95,899.9,1,0,0ec4c7fa-e1e8-4a14-8fb6-d6bba2466cf9,178106,7d565fda-3656-42f2-bdf6-f4506ff33cc4
lower_tier,grand_tier,CC,18,Grand Tier Premium2,5066,351.0,490.55,912.0,1,0,0ec4c7fa-e1e8-4a14-8fb6-d6bba2466cf9,178105,3f477ba2-b151-4a6b-8270-7b709df15e33
lower_tier,grand_tier,CC,20,Grand Tier Premium2,5066,351.0,463.25,923.4,1,0,0ec4c7fa-e1e8-4a14-8fb6-d6bba2466cf9,178104,a67b295c-0835-457b-940f-4072d513de66
lower_tier,grand_tier,CC,22,Grand Tier Premium2,5066,351.0,436.0,934.0,1,0,0ec4c7fa-e1e8-4a14-8fb6-d6bba2466cf9,178103,ae210774-cf4f-4b16-90b8-f1f254de39da
lower_tier,grand_tier,CC,24,Grand Tier Premium2,5066,351.0,408.7,943.75,1,0,0ec4c7fa-e1e8-4a14-8fb6-d6bba2466cf9,178102,c01f7967-66dc-4a4b-9449-564d7849edb1
lower_tier,grand_tier,CC,26,Grand Tier Premium2,5066,351.0,381.35,951.75,1,0,0ec4c7fa-e1e8-4a14-8fb6-d6bba2466cf9,178101,ffc9868e-8554-4ddc-8f1e-f2a19a442db2
lower_tier,grand_tier,CC,28,Grand Tier Premium2,5066,351.0,354.1,960.7,1,0,0ec4c7fa-e1e8-4a14-8fb6-d6bba2466cf9,178100,4004e633-18c4-47eb-a5a2-23759cf946eb
lower_tier,grand_tier,DD,2,Grand Tier Premium,5065,351.0,708.65,796.15,1,0,0ec4c7fa-e1e8-4a14-8fb6-d6bba2466cf9,178033,ebd1ae16-04c6-4218-af39-5c0cc781e9f3
lower_tier,grand_tier,DD,4,Grand Tier Premium,5065,351.0,681.05,802.45,1,0,0ec4c7fa-e1e8-4a14-8fb6-d6bba2466cf9,178032,2d7b3a8e-4e13-4bb5-af56-bb5cf7e78070
lower_tier,grand_tier,DD,6,Grand Tier Premium2,5066,351.0,653.45,809.75,1,0,0ec4c7fa-e1e8-4a14-8fb6-d6bba2466cf9,178031,f7129d3a-6b03-4272-a441-d48054bcf751
lower_tier,grand_tier,DD,8,Grand Tier Premium2,5066,351.0,625.8,816.75,1,0,0ec4c7fa-e1e8-4a14-8fb6-d6bba2466cf9,178030,d44dd77b-7338-42cb-8649-40d3a65ee258
lower_tier,grand_tier,DD,10,Grand Tier Premium2,5066,351.0,598.2,825.5,1,0,0ec4c7fa-e1e8-4a14-8fb6-d6bba2466cf9,178029,aaa4830f-ded4-4d88-a2a2-a54fe62c7755
lower_tier,grand_tier,DD,12,Grand Tier Premium2,5066,351.0,570.7,834.5,1,0,0ec4c7fa-e1e8-4a14-8fb6-d6bba2466cf9,178028,38cbab8f-b7f0-4b90-b06f-6f419effc5a5
lower_tier,grand_tier,DD,14,Grand Tier Premium2,5066,351.0,543.05,844.9,1,0,0ec4c7fa-e1e8-4a14-8fb6-d6bba2466cf9,178027,663c69e4-409a-4cc4-8fe4-98a0c4b58f33
lower_tier,grand_tier,DD,16,Grand Tier Premium2,5066,351.0,515.55,855.8,1,0,0ec4c7fa-e1e8-4a14-8fb6-d6bba2466cf9,178026,75b6fe6e-55e5-4b5d-a3b1-46f7e696a2bb
lower_tier,grand_tier,DD,18,Grand Tier Premium2,5066,351.0,487.85,866.8,1,0,0ec4c7fa-e1e8-4a14-8fb6-d6bba2466cf9,178025,5c4affbb-56b1-4894-a65f-a1d26f64b850
lower_tier,grand_tier,DD,20,Grand Tier Premium2,5066,351.0,460.35,877.2,1,0,0ec4c7fa-e1e8-4a14-8fb6-d6bba2466cf9,178024,f10b5d18-2d32-4e77-9a69-d9e7799562a6
lower_tier,grand_tier,DD,22,Grand Tier Premium2,5066,351.0,432.75,888.7,1,0,0ec4c7fa-e1e8-4a14-8fb6-d6bba2466cf9,178023,f8d8f5f6-4d77-460f-9e19-9b2a650045e6
lower_tier,grand_tier,DD,24,Grand Tier Premium2,5066,351.0,405.2,897.65,1,0,0ec4c7fa-e1e8-4a14-8fb6-d6bba2466cf9,178022,31d277a6-bd99-44f3-bef1-37a98a7e1f13
lower_tier,grand_tier,DD,26,Grand Tier Premium2,5066,351.0,377.5,906.75,1,0,0ec4c7fa-e1e8-4a14-8fb6-d6bba2466cf9,178021,2abbc778-fb3c-42f4-88aa-6fcf23d02936
lower_tier,grand_tier,DD,28,Grand Tier Premium2,5066,351.0,349.95,914.65,1,0,0ec4c7fa-e1e8-4a14-8fb6-d6bba2466cf9,178020,9565ae4b-3ded-4c4c-a535-84e7c44f1089
lower_tier,grand_tier,EE,2,Grand Tier Premium,5065,351.0,709.0,749.9,17,0,0ec4c7fa-e1e8-4a14-8fb6-d6bba2466cf9,177953,aabb3982-4672-4465-be86-b27bb28d007b
lower_tier,grand_tier,EE,4,Grand Tier Premium,5065,351.0,681.05,756.1,1,0,0ec4c7fa-e1e8-4a14-8fb6-d6bba2466cf9,177952,9dff051d-362a-4ec0-8db0-35a00f7ca93d
lower_tier,grand_tier,EE,6,Grand Tier Premium2,5066,351.0,653.2,763.2,1,0,0ec4c7fa-e1e8-4a14-8fb6-d6bba2466cf9,177951,8f731c77-c2ea-4ff2-87b9-937717eca63b
lower_tier,grand_tier,EE,8,Grand Tier Premium2,5066,351.0,625.35,771.15,1,0,0ec4c7fa-e1e8-4a14-8fb6-d6bba2466cf9,177950,ccd0325a-bccc-45ac-b951-dd700976e8b1
lower_tier,grand_tier,EE,10,Grand Tier Premium2,5066,351.0,597.45,779.65,1,0,0ec4c7fa-e1e8-4a14-8fb6-d6bba2466cf9,177949,b0c48849-cdd9-4d75-be5c-f10349fd8abc
lower_tier,grand_tier,EE,12,Grand Tier Premium2,5066,351.0,569.6,788.45,1,0,0ec4c7fa-e1e8-4a14-8fb6-d6bba2466cf9,177948,3a525c03-4ddc-454a-8e12-8784c9190890
lower_tier,grand_tier,EE,14,Grand Tier Premium2,5066,351.0,541.7,798.8,1,0,0ec4c7fa-e1e8-4a14-8fb6-d6bba2466cf9,177947,e0023445-f827-4488-8157-bcda7e734674
lower_tier,grand_tier,EE,16,Grand Tier Premium2,5066,351.0,513.85,810.45,1,0,0ec4c7fa-e1e8-4a14-8fb6-d6bba2466cf9,177946,a1c638e3-ec5d-4883-a2ce-7f0228ff4411
lower_tier,grand_tier,EE,18,Grand Tier Premium2,5066,351.0,486.0,822.4,1,0,0ec4c7fa-e1e8-4a14-8fb6-d6bba2466cf9,177945,98bd0ebb-ba2f-429b-95c7-d4805538512c
lower_tier,grand_tier,EE,20,Grand Tier Premium2,5066,351.0,458.05,833.55,1,0,0ec4c7fa-e1e8-4a14-8fb6-d6bba2466cf9,177944,66bffcb9-7cdb-4255-ae92-cb19e8ec264b
lower_tier,grand_tier,EE,22,Grand Tier Premium2,5066,351.0,430.2,844.0,1,0,0ec4c7fa-e1e8-4a14-8fb6-d6bba2466cf9,177943,26c4018e-3c99-4c35-90e4-8faa77e350f4
lower_tier,grand_tier,EE,24,Grand Tier Premium2,5066,351.0,402.35,852.7,1,0,0ec4c7fa-e1e8-4a14-8fb6-d6bba2466cf9,177942,ba40d43e-4db8-451a-a584-f2ff8b74e2f7
lower_tier,grand_tier,EE,26,Grand Tier Premium2,5066,351.0,374.5,862.55,1,0,0ec4c7fa-e1e8-4a14-8fb6-d6bba2466cf9,177941,0be579da-d1a4-4a18-8fe7-b1034de63a28
lower_tier,grand_tier,EE,28,Grand Tier Premium2,5066,351.0,346.55,870.9,17,0,0ec4c7fa-e1e8-4a14-8fb6-d6bba2466cf9,177940,400fa7f6-f79a-4496-969a-113cf080c0e0
lower_tier,grand_tier,AA,29,Grand Tier,5067,242.0,1561.2,1063.1,1,0,ec88cc12-694a-4b97-a804-e97f150946ba,178311,63eee202-dc60-48f4-a109-6821bdc90afc
lower_tier,grand_tier,AA,31,Grand Tier,5067,242.0,1586.85,1069.45,1,0,ec88cc12-694a-4b97-a804-e97f150946ba,178312,b6813e32-9a9a-40f3-b484-c56248ee099c
lower_tier,grand_tier,AA,33,Grand Tier,5067,242.0,1612.5,1074.65,1,0,ec88cc12-694a-4b97-a804-e97f150946ba,178313,ccdae456-1146-43d7-955d-4941095a3906
lower_tier,grand_tier,AA,35,Grand Tier,5067,242.0,1638.05,1079.65,1,0,ec88cc12-694a-4b97-a804-e97f150946ba,178314,d7bd219b-9bf0-4944-82c9-2a36228095f3
lower_tier,grand_tier,AA,37,Grand Tier,5067,242.0,1663.8,1083.6,1,0,ec88cc12-694a-4b97-a804-e97f150946ba,178315,a60f9971-983a-4924-9a85-1d5c3fd11067
lower_tier,grand_tier,AA,39,Grand Tier,5067,242.0,1689.4,1086.5,1,0,ec88cc12-694a-4b97-a804-e97f150946ba,178316,a8910f3d-8a03-4af5-84f7-bc6a5de52b61
lower_tier,grand_tier,BB,29,Grand Tier,5067,242.0,1565.15,1017.95,1,0,ec88cc12-694a-4b97-a804-e97f150946ba,178231,6208d8f0-0f8a-4585-8cbd-8183171b3082
lower_tier,grand_tier,BB,31,Grand Tier,5067,242.0,1590.55,1024.65,1,0,ec88cc12-694a-4b97-a804-e97f150946ba,178232,3f039d93-7e9f-4f09-b494-7683a4378689
lower_tier,grand_tier,BB,33,Grand Tier,5067,242.0,1616.1,1029.85,1,0,ec88cc12-694a-4b97-a804-e97f150946ba,178233,4eae0d63-b31d-4571-8d8b-3d50afb8a05b
lower_tier,grand_tier,BB,35,Grand Tier,5067,242.0,1641.45,1033.75,1,0,ec88cc12-694a-4b97-a804-e97f150946ba,178234,a45ea61f-48b5-4e94-bf13-bfa0c5e1988e
lower_tier,grand_tier,BB,37,Grand Tier,5067,242.0,1667.1,1037.8,1,0,ec88cc12-694a-4b97-a804-e97f150946ba,178235,3c525f80-e9e6-4d89-97f8-af12087e84c2
lower_tier,grand_tier,BB,39,Grand Tier,5067,242.0,1692.6,1040.7,1,0,ec88cc12-694a-4b97-a804-e97f150946ba,178236,547b5e8d-5fb4-4587-9d97-9375426b6a4d
lower_tier,grand_tier,CC,29,Grand Tier,5067,242.0,1569.45,971.7,1,0,ec88cc12-694a-4b97-a804-e97f150946ba,178151,0e348373-e132-41a1-97e5-88974d003859
lower_tier,grand_tier,CC,31,Grand Tier,5067,242.0,1595.05,978.25,1,0,ec88cc12-694a-4b97-a804-e97f150946ba,178152,beca7fc9-f259-48b5-b362-29f4200016af
lower_tier,grand_tier,CC,33,Grand Tier,5067,242.0,1620.6,984.45,1,0,ec88cc12-694a-4b97-a804-e97f150946ba,178153,927a7a21-d90a-4070-8b32-c8a9be4ba003
lower_tier,grand_tier,CC,35,Grand Tier,5067,242.0,1646.25,989.35,1,0,ec88cc12-694a-4b97-a804-e97f150946ba,178154,c1c6b22f-826d-4e51-9718-68cc19c410bf
lower_tier,grand_tier,CC,37,Grand Tier,5067,242.0,1671.9,992.4,1,0,ec88cc12-694a-4b97-a804-e97f150946ba,178155,8706748d-cb4b-42c1-baf7-0c1a267439ad
lower_tier,grand_tier,CC,39,Grand Tier,5067,242.0,1697.5,995.3,1,0,ec88cc12-694a-4b97-a804-e97f150946ba,178156,1f3b53d9-1113-410a-b929-23978c923282
lower_tier,grand_tier,DD,29,Grand Tier,5067,242.0,1573.5,927.75,1,0,ec88cc12-694a-4b97-a804-e97f150946ba,178071,a3a25b36-1f6c-4d3a-8b7c-3d83db7f5b32
lower_tier,grand_tier,DD,31,Grand Tier,5067,242.0,1599.15,934.25,1,0,ec88cc12-694a-4b97-a804-e97f150946ba,178072,41f21f33-bd26-458b-8130-28750fc2da8e
lower_tier,grand_tier,DD,33,Grand Tier,5067,242.0,1624.7,939.45,1,0,ec88cc12-694a-4b97-a804-e97f150946ba,178073,d54d2ee2-32df-47bc-977d-5a8068f0ff89
lower_tier,grand_tier,DD,35,Grand Tier,5067,242.0,1650.35,944.45,1,0,ec88cc12-694a-4b97-a804-e97f150946ba,178074,f2d2d0e1-48ad-4c0f-92ad-262630b751d8
lower_tier,grand_tier,DD,37,Grand Tier,5067,242.0,1676.0,947.4,1,0,ec88cc12-694a-4b97-a804-e97f150946ba,178075,79116467-a53e-4a97-9fcd-0f0e67f0020a
lower_tier,grand_tier,DD,39,Grand Tier,5067,242.0,1701.6,950.3,1,0,ec88cc12-694a-4b97-a804-e97f150946ba,178076,22a389d3-3aad-4aa8-a404-22e40ba44054
lower_tier,grand_tier,EE,29,Grand Tier,5067,242.0,1576.75,883.4,17,0,ec88cc12-694a-4b97-a804-e97f150946ba,177991,f9a8fb5f-c74d-4e2a-98d8-23d44e77543b
lower_tier,grand_tier,EE,31,Grand Tier,5067,242.0,1602.5,889.4,1,0,ec88cc12-694a-4b97-a804-e97f150946ba,177992,83df6132-6be2-4ecb-bcc9-708f4e940693
lower_tier,grand_tier,EE,33,Grand Tier,5067,242.0,1628.15,895.15,1,0,ec88cc12-694a-4b97-a804-e97f150946ba,177993,9ed09427-c803-4a9e-9741-33017b580634
lower_tier,grand_tier,EE,35,Grand Tier,5067,242.0,1653.85,898.55,1,0,ec88cc12-694a-4b97-a804-e97f150946ba,177994,6606965a-b1ff-4a4f-9bab-63a8f8f375dd
lower_tier,grand_tier,AA,30,Grand Tier,5067,242.0,311.2,1063.5,1,0,69a0f195-c8b8-4b05-b237-2b22bc0153cb,178256,6191258e-a1bf-4bee-a978-933762fc126b
lower_tier,grand_tier,AA,32,Grand Tier,5067,242.0,285.55,1070.05,1,0,69a0f195-c8b8-4b05-b237-2b22bc0153cb,178255,ffaaa6af-581e-4e94-b375-3a7be12b2986
lower_tier,grand_tier,AA,34,Grand Tier,5067,242.0,259.8,1075.35,1,0,69a0f195-c8b8-4b05-b237-2b22bc0153cb,178254,bd153e79-29b5-4acf-9c0e-162cfe3166ab
lower_tier,grand_tier,AA,36,Grand Tier,5067,242.0,234.15,1080.45,1,0,69a0f195-c8b8-4b05-b237-2b22bc0153cb,178253,4072ee33-14f2-4fd7-88c1-450c1ab2f432
lower_tier,grand_tier,AA,38,Grand Tier,5067,242.0,208.5,1084.2,1,0,69a0f195-c8b8-4b05-b237-2b22bc0153cb,178252,dd7b06de-2d76-4714-a85f-7447226f956d
lower_tier,grand_tier,AA,40,Grand Tier,5067,242.0,182.9,1087.3,1,0,69a0f195-c8b8-4b05-b237-2b22bc0153cb,178251,1d7efbdd-7192-46ac-9b65-7806cda8e28a
lower_tier,grand_tier,BB,30,Grand Tier,5067,242.0,307.35,1018.85,1,0,69a0f195-c8b8-4b05-b237-2b22bc0153cb,178176,1e629b5e-c007-4cd2-b408-ee0822de6dab
lower_tier,grand_tier,BB,32,Grand Tier,5067,242.0,281.85,1025.25,1,0,69a0f195-c8b8-4b05-b237-2b22bc0153cb,178175,95c89c94-b866-49fe-b383-b7cd7dd7dacb
lower_tier,grand_tier,BB,34,Grand Tier,5067,242.0,256.2,1030.55,1,0,69a0f195-c8b8-4b05-b237-2b22bc0153cb,178174,8b65d9a8-d1a9-4a69-a2f2-963d4de116bb
lower_tier,grand_tier,BB,36,Grand Tier,5067,242.0,230.75,1034.55,1,0,69a0f195-c8b8-4b05-b237-2b22bc0153cb,178173,cfb1526c-57ac-4d92-9024-52ad85b1ff1a
lower_tier,grand_tier,BB,38,Grand Tier,5067,242.0,205.2,1038.4,1,0,69a0f195-c8b8-4b05-b237-2b22bc0153cb,178172,f5ed6ee0-a35c-4311-a468-44d49b115c76
lower_tier,grand_tier,BB,40,Grand Tier,5067,242.0,179.7,1041.4,1,0,69a0f195-c8b8-4b05-b237-2b22bc0153cb,178171,044295e8-4049-4cdf-a3f0-43fe5f207509
lower_tier,grand_tier,CC,30,Grand Tier,5067,242.0,302.95,974.4,1,0,69a0f195-c8b8-4b05-b237-2b22bc0153cb,178096,ed8f8a79-d562-4b6c-8081-e4609d5d0b19
lower_tier,grand_tier,CC,32,Grand Tier,5067,242.0,277.35,980.85,1,0,69a0f195-c8b8-4b05-b237-2b22bc0153cb,178095,a22d0c9a-531d-4163-8e8d-bb37c8ab0fa0
lower_tier,grand_tier,CC,34,Grand Tier,5067,242.0,251.6,986.15,1,0,69a0f195-c8b8-4b05-b237-2b22bc0153cb,178094,1a739bbc-0314-4c16-a548-06a9f18d3934
lower_tier,grand_tier,CC,36,Grand Tier,5067,242.0,226.05,990.15,1,0,69a0f195-c8b8-4b05-b237-2b22bc0153cb,178093,b883b415-183e-4f9f-a91b-278ef5f9337f
lower_tier,grand_tier,CC,38,Grand Tier,5067,242.0,200.4,993.0,1,0,69a0f195-c8b8-4b05-b237-2b22bc0153cb,178092,e6619559-cd2c-4dfb-bedb-90e98d7bbace
lower_tier,grand_tier,CC,40,Grand Tier,5067,242.0,174.7,996.0,1,0,69a0f195-c8b8-4b05-b237-2b22bc0153cb,178091,05881c95-2ff1-4e4b-8932-6756ccedbd65
lower_tier,grand_tier,DD,30,Grand Tier,5067,242.0,298.85,929.45,1,0,69a0f195-c8b8-4b05-b237-2b22bc0153cb,178016,553261f6-f4fd-4c80-b411-6f7926f3cb61
lower_tier,grand_tier,DD,32,Grand Tier,5067,242.0,273.25,936.0,1,0,69a0f195-c8b8-4b05-b237-2b22bc0153cb,178015,5fbf3599-57e2-4a6d-9aa0-53f547a41d71
lower_tier,grand_tier,DD,34,Grand Tier,5067,242.0,247.5,941.15,1,0,69a0f195-c8b8-4b05-b237-2b22bc0153cb,178014,b7fde79c-43ca-4959-b14f-1d0663a07c36
lower_tier,grand_tier,DD,36,Grand Tier,5067,242.0,221.95,945.25,1,0,69a0f195-c8b8-4b05-b237-2b22bc0153cb,178013,fee320df-9cf1-4a21-973b-18d3516641ea
lower_tier,grand_tier,DD,38,Grand Tier,5067,242.0,196.3,948.0,1,0,69a0f195-c8b8-4b05-b237-2b22bc0153cb,178012,3a10bd91-6086-4b49-9bf0-8b65a4d12665
lower_tier,grand_tier,DD,40,Grand Tier,5067,242.0,170.6,951.1,1,0,69a0f195-c8b8-4b05-b237-2b22bc0153cb,178011,e2bd00d4-5757-4087-8cd7-9d61c6d86291
lower_tier,grand_tier,EE,30,Grand Tier,5067,242.0,295.55,884.25,17,0,69a0f195-c8b8-4b05-b237-2b22bc0153cb,177936,d73cf410-8dac-4627-939f-00d2069bec9a
lower_tier,grand_tier,EE,32,Grand Tier,5067,242.0,269.8,889.9,1,0,69a0f195-c8b8-4b05-b237-2b22bc0153cb,177935,65d7dd9d-e17e-4c78-b9c3-21057ae677ed
lower_tier,grand_tier,EE,34,Grand Tier,5067,242.0,244.15,895.85,1,0,69a0f195-c8b8-4b05-b237-2b22bc0153cb,177934,8d123708-1e4f-4235-b780-90622aa888bf
lower_tier,grand_tier,EE,36,Grand Tier,5067,242.0,218.45,899.25,1,0,69a0f195-c8b8-4b05-b237-2b22bc0153cb,177933,892fce67-c4f5-41be-80b1-95d6963ee675
lower_tier,dress_circle,A,101,Dress Circle Prem,5068,186.0,966.0,588.1,1,0,df3914e7-32d0-403e-b1bc-2197dce737f0,180045,f73c1f41-fc1f-4ce2-9483-1836a499541c
lower_tier,dress_circle,A,103,Dress Circle Prem,5068,186.0,993.65,588.4,1,0,df3914e7-32d0-403e-b1bc-2197dce737f0,180046,9582df03-ce9e-484e-b3cc-a37313a7afb3
lower_tier,dress_circle,A,105,Dress Circle Prem,5068,186.0,1021.35,590.2,1,0,df3914e7-32d0-403e-b1bc-2197dce737f0,180047,7bd81a8d-e435-4a2a-a989-7d259a364810
lower_tier,dress_circle,A,107,Dress Circle Prem,5068,186.0,1049.05,593.15,1,0,df3914e7-32d0-403e-b1bc-2197dce737f0,180048,a61a95b6-4bb1-495e-913b-d8d8aa0e0d54
lower_tier,dress_circle,A,109,Dress Circle Prem,5068,186.0,1076.65,595.9,1,0,df3914e7-32d0-403e-b1bc-2197dce737f0,180049,d16b0361-d2b6-45cb-bfa4-83122887955e
lower_tier,dress_circle,A,111,Dress Circle Prem,5068,186.0,1104.2,599.85,1,0,df3914e7-32d0-403e-b1bc-2197dce737f0,180050,e17ad29a-d67e-40d1-b7ba-0e4f4eb97f4b
lower_tier,dress_circle,A,113,Dress Circle Prem,5068,186.0,1131.85,603.55,1,0,df3914e7-32d0-403e-b1bc-2197dce737f0,180051,492a8418-624a-4221-b469-c6c37f319e88
lower_tier,dress_circle,A,115,Dress Circle Prem,5068,186.0,1159.55,609.2,1,0,df3914e7-32d0-403e-b1bc-2197dce737f0,180052,669bc34c-3e6f-4c0a-a1a3-9ac2bb6df1fa
lower_tier,dress_circle,A,117,Dress Circle Prem,5068,186.0,1187.3,614.65,1,0,df3914e7-32d0-403e-b1bc-2197dce737f0,180053,42e0a1ae-01b3-4d0c-978e-820a24716e47
lower_tier,dress_circle,A,119,Dress Circle Prem,5068,186.0,1214.85,622.0,1,0,df3914e7-32d0-403e-b1bc-2197dce737f0,180054,aa18cb7c-53f3-4a1e-b5e8-f245a958e4e2
lower_tier,dress_circle,A,121,Dress Circle Prem,5068,186.0,1242.45,630.15,1,0,df3914e7-32d0-403e-b1bc-2197dce737f0,180055,0f07b6e8-f81e-48dc-b1f5-a6dcd60db855
lower_tier,dress_circle,A,123,Dress Circle Prem,5068,186.0,1270.1,638.2,1,0,df3914e7-32d0-403e-b1bc-2197dce737f0,180056,ec348048-dfa1-4cc2-b8c3-849013fe3670
lower_tier,dress_circle,A,125,Dress Circle Prem,5068,186.0,1297.75,647.0,1,0,df3914e7-32d0-403e-b1bc-2197dce737f0,180057,320dfcb3-6d91-4bca-bb83-26dac73b78cf
lower_tier,dress_circle,A,127,Dress Circle Prem,5068,186.0,1325.35,657.75,17,0,df3914e7-32d0-403e-b1bc-2197dce737f0,180058,acccfb0f-f045-4c4a-8560-bedc5f46ac93
lower_tier,dress_circle,B,101,Dress Circle Prem,5068,186.0,978.05,542.09,1,0,df3914e7-32d0-403e-b1bc-2197dce737f0,179965,e513b27d-3df0-4e4c-997b-28d1892c3079
lower_tier,dress_circle,B,103,Dress Circle Prem,5068,186.0,1005.59,542.74,1,0,df3914e7-32d0-403e-b1bc-2197dce737f0,179966,f8b2c18a-3c00-4958-a709-75d8e887b99a
lower_tier,dress_circle,B,105,Dress Circle Prem,5068,186.0,1033.28,544.04,1,0,df3914e7-32d0-403e-b1bc-2197dce737f0,179967,e26cf94d-d018-4397-8bc9-f9d65802bfab
lower_tier,dress_circle,B,107,Dress Circle Prem,5068,186.0,1060.93,547.29,1,0,df3914e7-32d0-403e-b1bc-2197dce737f0,179968,44a15263-d23d-4b50-b9a2-de7e332571d7
lower_tier,dress_circle,B,109,Dress Circle Prem,5068,186.0,1088.49,550.44,1,0,df3914e7-32d0-403e-b1bc-2197dce737f0,179969,5dc62d19-f72b-4f29-881b-5b6b954f3e97
lower_tier,dress_circle,B,111,Dress Circle Prem,5068,186.0,1115.98,554.79,1,0,df3914e7-32d0-403e-b1bc-2197dce737f0,179970,e66cd709-e46c-449e-8c61-8d665ab41845
lower_tier,dress_circle,B,113,Dress Circle Prem,5068,186.0,1143.56,559.89,1,0,df3914e7-32d0-403e-b1bc-2197dce737f0,179971,dcd7a914-458a-4b68-affa-4520866ec7bb
lower_tier,dress_circle,B,115,Dress Circle Prem,5068,186.0,1171.19,564.94,1,0,df3914e7-32d0-403e-b1bc-2197dce737f0,179972,775700be-0b7e-44dd-9178-7310e05e3ae4
lower_tier,dress_circle,B,117,Dress Circle Prem,5068,186.0,1198.84,571.79,1,0,df3914e7-32d0-403e-b1bc-2197dce737f0,179973,4b0ef1ae-0ada-4c10-a63c-171a80b1c754
lower_tier,dress_circle,B,119,Dress Circle Prem,5068,186.0,1226.29,579.54,1,0,df3914e7-32d0-403e-b1bc-2197dce737f0,179974,35d95e86-3b33-4447-b89e-f1ec83e290b9
lower_tier,dress_circle,B,121,Dress Circle Prem,5068,186.0,1253.76,588.19,1,0,df3914e7-32d0-403e-b1bc-2197dce737f0,179975,ed39de39-edb6-4775-8f5a-81c746b9ac90
lower_tier,dress_circle,B,123,Dress Circle Prem,5068,186.0,1281.29,596.54,1,0,df3914e7-32d0-403e-b1bc-2197dce737f0,179976,cb2ad3c3-fc32-4404-9bd3-b112b210d99b
lower_tier,dress_circle,B,125,Dress Circle Prem,5068,186.0,1308.81,605.74,1,0,df3914e7-32d0-403e-b1bc-2197dce737f0,179977,77448849-59fc-4157-bede-0f207aefe3f7
lower_tier,dress_circle,C,101,Dress Circle Prem,5068,186.0,966.0,495.6,1,0,df3914e7-32d0-403e-b1bc-2197dce737f0,179885,e8f8821f-67b9-4fd0-a1e1-f08a39880459
lower_tier,dress_circle,C,103,Dress Circle Prem,5068,186.0,993.65,495.9,1,0,df3914e7-32d0-403e-b1bc-2197dce737f0,179886,245ca7a1-2eb1-4dfd-8ee1-9d72047ac3cd
lower_tier,dress_circle,C,105,Dress Circle Prem,5068,186.0,1021.35,496.8,1,0,df3914e7-32d0-403e-b1bc-2197dce737f0,179887,3d02d818-7f82-447d-b67a-b7757b90da03
lower_tier,dress_circle,C,107,Dress Circle Prem,5068,186.0,1049.05,499.65,1,0,df3914e7-32d0-403e-b1bc-2197dce737f0,179888,bf2c4851-c2ff-42bc-a4e7-e9fd33af5f0f
lower_tier,dress_circle,C,109,Dress Circle Prem,5068,186.0,1076.65,502.4,1,0,df3914e7-32d0-403e-b1bc-2197dce737f0,179889,dccc90c8-0ec0-418d-acf0-fbc80fa08aeb
lower_tier,dress_circle,C,111,Dress Circle Prem,5068,186.0,1104.2,506.35,1,0,df3914e7-32d0-403e-b1bc-2197dce737f0,179890,235c4edf-814f-408d-90f7-376a7bcfbbcd
lower_tier,dress_circle,C,113,Dress Circle Prem,5068,186.0,1131.85,511.05,1,0,df3914e7-32d0-403e-b1bc-2197dce737f0,179891,c1e25fe6-068f-487d-86a0-8a9f09c49153
lower_tier,dress_circle,C,115,Dress Circle Prem,5068,186.0,1159.55,516.7,1,0,df3914e7-32d0-403e-b1bc-2197dce737f0,179892,aa86bde3-014a-4925-a36a-c274c3f58e94
lower_tier,dress_circle,C,117,Dress Circle Prem,5068,186.0,1187.3,522.15,1,0,df3914e7-32d0-403e-b1bc-2197dce737f0,179893,af6b1f99-2998-4fac-aa79-a8a0abe1abe3
lower_tier,dress_circle,C,119,Dress Circle Prem,5068,186.0,1214.85,529.5,1,0,df3914e7-32d0-403e-b1bc-2197dce737f0,179894,95a3b244-711b-4396-91ff-ac8e997cdf1d
lower_tier,dress_circle,C,121,Dress Circle Prem,5068,186.0,1242.45,537.75,1,0,df3914e7-32d0-403e-b1bc-2197dce737f0,179895,e8c199f8-370e-4f9c-a0b3-ada65aeb34ff
lower_tier,dress_circle,C,123,Dress Circle Prem,5068,186.0,1270.1,545.7,1,0,df3914e7-32d0-403e-b1bc-2197dce737f0,179896,5baa12dd-10af-4c2c-ad3e-a8eed775aa94
lower_tier,dress_circle,C,125,Dress Circle Prem,5068,186.0,1297.75,554.5,1,0,df3914e7-32d0-403e-b1bc-2197dce737f0,179897,ace33650-2d12-4a8c-a867-59ff8f8b8cc5
lower_tier,dress_circle,C,127,Dress Circle Prem,5068,186.0,1325.35,564.25,1,0,df3914e7-32d0-403e-b1bc-2197dce737f0,179898,fb24b3cf-a3b1-4fd5-be56-1ea9a05efcf7
lower_tier,dress_circle,D,101,Dress Circle,5069,155.0,972.11,448.76,1,0,df3914e7-32d0-403e-b1bc-2197dce737f0,179805,93d65b2e-b08b-4255-8ebf-fb1bd080b49a
lower_tier,dress_circle,D,103,Dress Circle,5069,155.0,999.68,450.28,1,0,df3914e7-32d0-403e-b1bc-2197dce737f0,179806,f5aa74df-28e7-49e7-bf50-73ed5837f9a4
lower_tier,dress_circle,D,105,Dress Circle,5069,155.0,1027.36,452.44,1,0,df3914e7-32d0-403e-b1bc-2197dce737f0,179807,74672b14-2fe5-4f20-b013-81f7d775045d
lower_tier,dress_circle,D,107,Dress Circle,5069,155.0,1055.04,454.55,1,0,df3914e7-32d0-403e-b1bc-2197dce737f0,179808,380eed7f-8d0f-4151-bb75-7b30ad7e99d1
lower_tier,dress_circle,D,109,Dress Circle,5069,155.0,1082.61,458.55,1,0,df3914e7-32d0-403e-b1bc-2197dce737f0,179809,b94dd168-7166-44c7-a520-a8cdadde4984
lower_tier,dress_circle,D,111,Dress Circle,5069,155.0,1110.12,462.76,1,0,df3914e7-32d0-403e-b1bc-2197dce737f0,179810,47a044a3-d7a4-40ff-8a83-9cb469dc42df
lower_tier,dress_circle,D,113,Dress Circle,5069,155.0,1137.72,467.72,1,0,df3914e7-32d0-403e-b1bc-2197dce737f0,179811,57e4a7a2-32d5-4043-9891-b082c5cb40f5
lower_tier,dress_circle,D,115,Dress Circle,5069,155.0,1165.38,472.62,1,0,df3914e7-32d0-403e-b1bc-2197dce737f0,179812,6e47b759-c1c2-4203-8492-152c13bcb24c
lower_tier,dress_circle,D,117,Dress Circle,5069,155.0,1193.08,478.33,1,0,df3914e7-32d0-403e-b1bc-2197dce737f0,179813,8423f18f-6b05-454a-8ca4-2f172488f218
lower_tier,dress_circle,D,119,Dress Circle,5069,155.0,1220.56,485.94,1,0,df3914e7-32d0-403e-b1bc-2197dce737f0,179814,cf1a21ea-77c2-4daa-88ff-eedac29c4b2a
lower_tier,dress_circle,D,121,Dress Circle,5069,155.0,1248.08,494.45,1,0,df3914e7-32d0-403e-b1bc-2197dce737f0,179815,c9eefef4-7283-403d-b902-52fd81c530c2
lower_tier,dress_circle,D,123,Dress Circle,5069,155.0,1275.65,502.65,1,0,df3914e7-32d0-403e-b1bc-2197dce737f0,179816,2dc249c7-70c5-4508-9811-d8577bf12900
lower_tier,dress_circle,D,125,Dress Circle,5069,155.0,1303.22,511.71,1,0,df3914e7-32d0-403e-b1bc-2197dce737f0,179817,9268ffcc-11e4-4dc7-8bed-e63bad8ee18e
lower_tier,dress_circle,E,101,Dress Circle,5069,155.0,966.0,403.2,1,0,df3914e7-32d0-403e-b1bc-2197dce737f0,179725,7608d5ea-b235-426d-a1d3-a2de98446909
lower_tier,dress_circle,E,103,Dress Circle,5069,155.0,993.65,403.5,1,0,df3914e7-32d0-403e-b1bc-2197dce737f0,179726,59246bc0-878e-4194-a4e9-0daab7c17a95
lower_tier,dress_circle,E,105,Dress Circle,5069,155.0,1021.35,405.3,1,0,df3914e7-32d0-403e-b1bc-2197dce737f0,179727,0e4e9324-800a-4e57-bac3-ab263631b486
lower_tier,dress_circle,E,107,Dress Circle,5069,155.0,1049.05,408.25,1,0,df3914e7-32d0-403e-b1bc-2197dce737f0,179728,5b05006f-9ff2-4e10-b6cd-1f6f25738f8b
lower_tier,dress_circle,E,109,Dress Circle,5069,155.0,1076.65,411.0,1,0,df3914e7-32d0-403e-b1bc-2197dce737f0,179729,dc6ca205-2e35-4da7-a524-181725153f7f
lower_tier,dress_circle,E,111,Dress Circle,5069,155.0,1104.2,414.95,1,0,df3914e7-32d0-403e-b1bc-2197dce737f0,179730,c39687f7-7c81-4200-88ae-93b968650a9d
lower_tier,dress_circle,E,113,Dress Circle,5069,155.0,1131.85,419.65,1,0,df3914e7-32d0-403e-b1bc-2197dce737f0,179731,719fadf6-e871-436b-9ae1-bb030f6757ec
lower_tier,dress_circle,E,115,Dress Circle,5069,155.0,1159.55,424.3,1,0,df3914e7-32d0-403e-b1bc-2197dce737f0,179732,5d87bed7-faeb-4400-8e80-ebb523f56ec4
lower_tier,dress_circle,E,117,Dress Circle,5069,155.0,1187.3,430.75,1,0,df3914e7-32d0-403e-b1bc-2197dce737f0,179733,8c14910c-fdf0-43c0-a108-23342df7477e
lower_tier,dress_circle,E,119,Dress Circle,5069,155.0,1214.85,438.1,1,0,df3914e7-32d0-403e-b1bc-2197dce737f0,179734,63a67d52-9d62-4b0c-81fa-e03697c8eea1
lower_tier,dress_circle,E,121,Dress Circle,5069,155.0,1242.45,445.35,1,0,df3914e7-32d0-403e-b1bc-2197dce737f0,179735,ddce0568-bfc9-4d8c-80ed-585caf09f890
lower_tier,dress_circle,E,123,Dress Circle,5069,155.0,1270.1,453.3,1,0,df3914e7-32d0-403e-b1bc-2197dce737f0,179736,c1c18c44-d665-4f29-b727-7c6cccb66eaf
lower_tier,dress_circle,E,125,Dress Circle,5069,155.0,1297.75,462.1,1,0,df3914e7-32d0-403e-b1bc-2197dce737f0,179737,ddf71ed9-65a3-4ea3-8d87-6426b7080344
lower_tier,dress_circle,E,127,Dress Circle,5069,155.0,1325.35,471.85,1,0,df3914e7-32d0-403e-b1bc-2197dce737f0,179738,5c317220-81dd-4d34-9236-137a28f6a122
lower_tier,dress_circle,F,101,Dress Circle,5069,155.0,975.37,357.51,1,0,ccdeb7e5-b6e5-429d-a505-57147d4b7099,179645,07121ce2-eb4e-43ba-8d0f-0646b5f87a23
lower_tier,dress_circle,F,103,Dress Circle,5069,155.0,1002.93,358.08,1,0,ccdeb7e5-b6e5-429d-a505-57147d4b7099,179646,766ffcb3-9ffa-471b-a7a5-37e7c3c7b28c
lower_tier,dress_circle,F,105,Dress Circle,5069,155.0,1030.62,359.18,1,0,ccdeb7e5-b6e5-429d-a505-57147d4b7099,179647,39510ca8-1074-4ad4-b18a-18e6cd2c023b
lower_tier,dress_circle,F,107,Dress Circle,5069,155.0,1058.3,361.44,1,0,ccdeb7e5-b6e5-429d-a505-57147d4b7099,179648,0694d6a8-2d6e-4f58-a424-be601c1b9181
lower_tier,dress_circle,F,109,Dress Circle,5069,155.0,1085.85,365.49,1,0,ccdeb7e5-b6e5-429d-a505-57147d4b7099,179649,1521d509-d960-43be-8f3d-1d36654d9a38
lower_tier,dress_circle,F,111,Dress Circle,5069,155.0,1113.36,369.75,1,0,ccdeb7e5-b6e5-429d-a505-57147d4b7099,179650,4ae07559-bf69-4bac-8d71-c7286dc41145
lower_tier,dress_circle,F,113,Dress Circle,5069,155.0,1140.97,373.76,1,0,ccdeb7e5-b6e5-429d-a505-57147d4b7099,179651,81a100cd-d3fe-4cc6-8ffa-624e57b7609d
lower_tier,dress_circle,F,115,Dress Circle,5069,155.0,1168.6,379.71,1,0,ccdeb7e5-b6e5-429d-a505-57147d4b7099,179652,505c6a35-db6c-4375-9c98-bbd9da85298d
lower_tier,dress_circle,F,117,Dress Circle,5069,155.0,1196.28,386.47,1,0,ccdeb7e5-b6e5-429d-a505-57147d4b7099,179653,0f060541-b308-4465-8f79-3777d9f065ad
lower_tier,dress_circle,F,119,Dress Circle,5069,155.0,1223.75,394.02,1,0,ccdeb7e5-b6e5-429d-a505-57147d4b7099,179654,61082a4e-5e1f-428e-9fd7-77b3ca5e7918
lower_tier,dress_circle,F,121,Dress Circle,5069,155.0,1251.25,402.58,1,0,ccdeb7e5-b6e5-429d-a505-57147d4b7099,179655,0d9107ed-b578-4ba3-ad45-fcfb50e34185
lower_tier,dress_circle,F,123,Dress Circle,5069,155.0,1278.81,410.93,1,0,ccdeb7e5-b6e5-429d-a505-57147d4b7099,179656,fc3b4dbc-ac2d-4cfc-850c-f37310f9e904
lower_tier,dress_circle,F,125,Dress Circle,5069,155.0,1306.36,420.04,1,0,ccdeb7e5-b6e5-429d-a505-57147d4b7099,179657,1991d521-b7dc-491b-bf81-e4046bbde932
lower_tier,dress_circle,G,101,Dress Circle,5069,155.0,966.0,310.6,1,0,ccdeb7e5-b6e5-429d-a505-57147d4b7099,179565,72b7c319-64c9-4151-998a-6d63c0abc323
lower_tier,dress_circle,G,103,Dress Circle,5069,155.0,993.65,310.8,1,0,ccdeb7e5-b6e5-429d-a505-57147d4b7099,179566,d99d3180-b655-4b5c-b62c-cd21d8d001d6
lower_tier,dress_circle,G,105,Dress Circle,5069,155.0,1021.35,312.7,1,0,ccdeb7e5-b6e5-429d-a505-57147d4b7099,179567,dd39e74c-d522-433b-b2a4-3f210305ca98
lower_tier,dress_circle,G,107,Dress Circle,5069,155.0,1049.05,315.65,1,0,ccdeb7e5-b6e5-429d-a505-57147d4b7099,179568,ad185f8f-aeed-41a4-b1dd-e3b2ada598bd
lower_tier,dress_circle,G,109,Dress Circle,5069,155.0,1076.65,319.4,1,0,ccdeb7e5-b6e5-429d-a505-57147d4b7099,179569,64d6224a-54b4-4ce3-bf8b-85a561dafc04
lower_tier,dress_circle,G,111,Dress Circle,5069,155.0,1104.2,323.35,1,0,ccdeb7e5-b6e5-429d-a505-57147d4b7099,179570,74a5419e-b5d2-466d-b5fb-822ea7f062ae
lower_tier,dress_circle,G,113,Dress Circle,5069,155.0,1131.85,328.05,1,0,ccdeb7e5-b6e5-429d-a505-57147d4b7099,179571,a5a38d3e-6f31-4ea8-b63d-0007a41493f1
lower_tier,dress_circle,G,115,Dress Circle,5069,155.0,1159.55,332.6,1,0,ccdeb7e5-b6e5-429d-a505-57147d4b7099,179572,9d60b94e-2c17-490c-b7c2-b5474e08ff3a
lower_tier,dress_circle,G,117,Dress Circle,5069,155.0,1187.3,338.15,1,0,ccdeb7e5-b6e5-429d-a505-57147d4b7099,179573,ed55c244-9034-40d8-bc91-5d64e7793a49
lower_tier,dress_circle,G,119,Dress Circle,5069,155.0,1214.85,345.4,1,0,ccdeb7e5-b6e5-429d-a505-57147d4b7099,179574,02b1b369-5bd2-492a-a95b-c1fd5426f1bc
lower_tier,dress_circle,G,121,Dress Circle,5069,155.0,1242.45,353.65,1,0,ccdeb7e5-b6e5-429d-a505-57147d4b7099,179575,e2d77803-d9ed-4ea3-930f-607ddc728150
lower_tier,dress_circle,G,123,Dress Circle,5069,155.0,1270.1,361.6,1,0,ccdeb7e5-b6e5-429d-a505-57147d4b7099,179576,dc759a8a-cf77-466e-b92d-becd8e19deda
lower_tier,dress_circle,G,125,Dress Circle,5069,155.0,1297.75,370.5,1,0,ccdeb7e5-b6e5-429d-a505-57147d4b7099,179577,12ef01dd-7b34-4123-9cad-6ad88bc6290d
lower_tier,dress_circle,G,127,Dress Circle,5069,155.0,1325.35,380.15,1,0,ccdeb7e5-b6e5-429d-a505-57147d4b7099,179578,b0f3e0f7-2fca-42f0-9d2a-97bc9dcb33d9
lower_tier,dress_circle,H,101,Dress Circle,5069,155.0,980.69,264.6,1,0,ccdeb7e5-b6e5-429d-a505-57147d4b7099,179485,22dcda1a-6209-480c-a5f1-45742887e044
lower_tier,dress_circle,H,103,Dress Circle,5069,155.0,1008.23,265.21,1,0,ccdeb7e5-b6e5-429d-a505-57147d4b7099,179486,b247bb05-7f99-4ece-a294-64f66c123982
lower_tier,dress_circle,H,105,Dress Circle,5069,155.0,1035.9,267.58,1,0,ccdeb7e5-b6e5-429d-a505-57147d4b7099,179487,9456c57c-94ce-4198-8cea-28fa59fb5ebf
lower_tier,dress_circle,H,107,Dress Circle,5069,155.0,1063.55,270.99,1,0,ccdeb7e5-b6e5-429d-a505-57147d4b7099,179488,6913dd5c-5337-4ec3-b27b-dff18999e695
lower_tier,dress_circle,H,109,Dress Circle,5069,155.0,1091.08,275.21,1,0,ccdeb7e5-b6e5-429d-a505-57147d4b7099,179489,50f1fe05-aacb-4f99-8d71-7582fb917224
lower_tier,dress_circle,H,111,Dress Circle,5069,155.0,1118.56,279.52,1,0,ccdeb7e5-b6e5-429d-a505-57147d4b7099,179490,5d12051a-5fcc-426b-862e-cb562289bb53
lower_tier,dress_circle,H,113,Dress Circle,5069,155.0,1146.12,284.79,1,0,ccdeb7e5-b6e5-429d-a505-57147d4b7099,179491,7a31c1bd-927a-4eed-903d-84c702a03bbf
lower_tier,dress_circle,H,115,Dress Circle,5069,155.0,1173.74,289.8,1,0,ccdeb7e5-b6e5-429d-a505-57147d4b7099,179492,355b89af-be35-4d64-8998-19c9d1c08fac
lower_tier,dress_circle,H,117,Dress Circle,5069,155.0,1201.38,296.82,1,0,ccdeb7e5-b6e5-429d-a505-57147d4b7099,179493,19dbf3a8-f923-4be7-af24-1fe17c6de392
lower_tier,dress_circle,H,119,Dress Circle,5069,155.0,1228.82,303.53,1,0,ccdeb7e5-b6e5-429d-a505-57147d4b7099,179494,ca3aafc3-a7e3-419d-89ff-91f3c851b399
lower_tier,dress_circle,H,121,Dress Circle,5069,155.0,1256.28,312.25,1,0,ccdeb7e5-b6e5-429d-a505-57147d4b7099,179495,b85f56fe-17e8-4171-b862-9f504c98c2f0
lower_tier,dress_circle,H,123,Dress Circle,5069,155.0,1283.79,320.66,1,0,ccdeb7e5-b6e5-429d-a505-57147d4b7099,179496,b05229f0-8cf3-41b4-b7fb-68c110d9fd72
lower_tier,dress_circle,H,125,Dress Circle,5069,155.0,1311.29,330.03,1,0,ccdeb7e5-b6e5-429d-a505-57147d4b7099,179497,15854339-44b5-4fbc-b5e6-4eeeb63025fd
lower_tier,dress_circle,J,101,Dress Circle,5069,155.0,966.0,218.0,1,0,ccdeb7e5-b6e5-429d-a505-57147d4b7099,179405,d3eb3a19-632e-4fa4-9ca2-0f96e5b6e71e
lower_tier,dress_circle,J,103,Dress Circle,5069,155.0,993.65,218.2,1,0,ccdeb7e5-b6e5-429d-a505-57147d4b7099,179406,84e0646e-b79d-4f92-b364-2563f5aa06e0
lower_tier,dress_circle,J,105,Dress Circle,5069,155.0,1021.35,220.1,1,0,ccdeb7e5-b6e5-429d-a505-57147d4b7099,179407,1ee030f2-79fc-41f0-89ca-09e54cc6aa64
lower_tier,dress_circle,J,107,Dress Circle,5069,155.0,1049.05,223.05,1,0,ccdeb7e5-b6e5-429d-a505-57147d4b7099,179408,5fe9138f-8c63-4eb4-bbe5-b7cf0adb23b0
lower_tier,dress_circle,J,109,Dress Circle,5069,155.0,1076.65,226.8,1,0,ccdeb7e5-b6e5-429d-a505-57147d4b7099,179409,5a2ac885-0b34-44d9-a8e0-efa1b96df371
lower_tier,dress_circle,J,111,Dress Circle,5069,155.0,1104.2,230.65,1,0,ccdeb7e5-b6e5-429d-a505-57147d4b7099,179410,a014b57f-986e-4cb5-bb66-c3305b0fc881
lower_tier,dress_circle,J,113,Dress Circle,5069,155.0,1131.85,235.35,1,0,ccdeb7e5-b6e5-429d-a505-57147d4b7099,179411,895c0f25-6c42-4382-bbea-78823a088d30
lower_tier,dress_circle,J,115,Dress Circle,5069,155.0,1159.55,240.0,1,0,ccdeb7e5-b6e5-429d-a505-57147d4b7099,179412,79e67ea3-909d-4ea3-a780-6c3356a1bd05
lower_tier,dress_circle,J,117,Dress Circle,5069,155.0,1187.3,246.45,1,0,ccdeb7e5-b6e5-429d-a505-57147d4b7099,179413,da7a85d9-7917-419d-ba5b-40414457fc68
lower_tier,dress_circle,J,119,Dress Circle,5069,155.0,1214.85,253.8,1,0,ccdeb7e5-b6e5-429d-a505-57147d4b7099,179414,205f0da8-62e3-48b2-9386-bfde211b4a6a
lower_tier,dress_circle,J,121,Dress Circle,5069,155.0,1242.45,261.05,1,0,ccdeb7e5-b6e5-429d-a505-57147d4b7099,179415,5f0af1cf-c837-44f0-a76e-93428180b5bd
lower_tier,dress_circle,J,123,Dress Circle,5069,155.0,1270.1,269.0,1,0,ccdeb7e5-b6e5-429d-a505-57147d4b7099,179416,e63252d3-4360-42ad-915f-7687dbf7a077
lower_tier,dress_circle,J,125,Dress Circle,5069,155.0,1297.75,277.9,1,0,ccdeb7e5-b6e5-429d-a505-57147d4b7099,179417,d4d51bf4-6b14-4bfa-bdcd-6e2b15ba95ee
lower_tier,dress_circle,J,127,Dress Circle,5069,155.0,1325.35,287.55,1,0,ccdeb7e5-b6e5-429d-a505-57147d4b7099,179418,e11c54e3-75da-47c2-89ab-31806d6950b3
lower_tier,dress_circle,K,101,Dress Circle,5069,155.0,965.85,172.35,1,0,ccdeb7e5-b6e5-429d-a505-57147d4b7099,179325,fca64b75-0864-453a-885d-a0b18fa8d279
lower_tier,dress_circle,K,103,Dress Circle,5069,155.0,996.75,173.65,1,0,ccdeb7e5-b6e5-429d-a505-57147d4b7099,179326,8b051ce6-f726-4449-9c0b-a8977d013426
lower_tier,dress_circle,K,105,Dress Circle,5069,155.0,1027.5,175.9,1,0,ccdeb7e5-b6e5-429d-a505-57147d4b7099,179327,50f07b4b-34a3-407e-aec8-4421e5ccca38
lower_tier,dress_circle,K,107,Dress Circle,5069,155.0,1058.35,179.15,1,0,ccdeb7e5-b6e5-429d-a505-57147d4b7099,179328,644df8f6-4faa-4310-81ab-10dc9f33c3df
lower_tier,dress_circle,K,109,Dress Circle,5069,155.0,1089.05,182.35,1,0,ccdeb7e5-b6e5-429d-a505-57147d4b7099,179329,d08c6d1f-cb42-4b03-a8bc-e26fa48080f3
lower_tier,dress_circle,K,117,Dress Circle,5069,155.0,1212.5,207.2,1,0,ccdeb7e5-b6e5-429d-a505-57147d4b7099,179333,f8231c11-d40f-42bc-acc6-5af73aa2e25d
lower_tier,dress_circle,K,119,Dress Circle,5069,155.0,1243.2,215.65,1,0,ccdeb7e5-b6e5-429d-a505-57147d4b7099,179334,c1592028-6999-4f62-960a-3054e5894b50
lower_tier,dress_circle,K,121,Dress Circle,5069,155.0,1274.1,225.1,1,0,ccdeb7e5-b6e5-429d-a505-57147d4b7099,179335,0bee19c8-9632-4ab0-9a41-3f918c4cd816
lower_tier,dress_circle,K,123,Dress Circle,5069,155.0,1304.75,234.35,1,0,ccdeb7e5-b6e5-429d-a505-57147d4b7099,179336,a34f9f54-fc63-49d5-ab8d-eba496427381
lower_tier,dress_circle,K,125,Dress Circle,5069,155.0,1335.75,245.65,1,0,ccdeb7e5-b6e5-429d-a505-57147d4b7099,179337,b107cb64-55d2-435e-8b1f-97784226da53
lower_tier,dress_circle,L,101,Dress Cir Accessible (Bal1),5075,86.0,965.85,126.05,18,0,ccdeb7e5-b6e5-429d-a505-57147d4b7099,179245,8e248f2d-920f-44f5-b4f3-ee963eeb996a
lower_tier,dress_circle,L,103,Dress Cir Accessible (Bal1),5075,86.0,996.9,127.35,8,0,ccdeb7e5-b6e5-429d-a505-57147d4b7099,179246,0aad6744-f9c7-4236-9d93-15cfb9e472b1
lower_tier,dress_circle,L,105,Dress Cir Accessible (Bal1),5075,86.0,1027.7,129.6,15,0,ccdeb7e5-b6e5-429d-a505-57147d4b7099,179247,564c181c-37a9-4c01-bc4f-e0363a015222
lower_tier,dress_circle,L,107,Dress Circle,5069,155.0,1058.75,132.95,1,0,ccdeb7e5-b6e5-429d-a505-57147d4b7099,179248,68d1a0ec-7107-4ccd-9797-a6e88e155aaf
lower_tier,dress_circle,L,109,Dress Circle,5069,155.0,1089.55,137.15,1,0,ccdeb7e5-b6e5-429d-a505-57147d4b7099,179249,63707074-2055-4644-bf5b-ca18aad2c299
lower_tier,dress_circle,L,111,Dress Circle,5069,155.0,1120.7,141.3,1,0,ccdeb7e5-b6e5-429d-a505-57147d4b7099,179250,64154589-6f3b-4e21-b4d7-dd7aa25ca379
lower_tier,dress_circle,L,117,Dress Cir Accessible (Bal2),5077,71.0,1213.4,161.9,22,0,ccdeb7e5-b6e5-429d-a505-57147d4b7099,179253,c25f9e16-aeea-466f-a312-5cfb812a5f66
lower_tier,dress_circle,L,119,Dress Cir Accessible (Bal2),5077,71.0,1244.4,170.45,8,0,ccdeb7e5-b6e5-429d-a505-57147d4b7099,179254,1abc9816-2497-4ef0-998c-111ac8c433d7
lower_tier,dress_circle,L,121,Dress Cir Accessible (Bal2),5077,71.0,1275.4,179.9,15,0,ccdeb7e5-b6e5-429d-a505-57147d4b7099,179255,5073e1b7-6d72-42c3-8982-dfdc34b33b37
lower_tier,dress_circle,L,123,Dress Cir Accessible (Bal2),5077,71.0,1306.15,189.05,13,0,ccdeb7e5-b6e5-429d-a505-57147d4b7099,179256,a1968320-8fdf-4ce0-a524-db93a1ca0a1c
lower_tier,dress_circle,L,125,Dress Cir Accessible (Bal2),5077,71.0,1337.1,200.4,18,0,ccdeb7e5-b6e5-429d-a505-57147d4b7099,179257,c9ea8679-5d08-454d-a570-4ae3e1581cfc
lower_tier,dress_circle,A,102,Dress Circle Prem,5068,186.0,915.3,588.6,1,0,4551adf9-95b3-4b2d-be9a-74e0e96c5d58,180041,f9191185-616e-465e-b585-72ab8e10106f
lower_tier,dress_circle,A,104,Dress Circle Prem,5068,186.0,887.65,588.8,1,0,4551adf9-95b3-4b2d-be9a-74e0e96c5d58,180040,dc8ae6c1-bd3d-43eb-abb1-caccb013f09d
lower_tier,dress_circle,A,106,Dress Circle Prem,5068,186.0,860.05,590.7,1,0,4551adf9-95b3-4b2d-be9a-74e0e96c5d58,180039,249c77ef-4489-4a69-9294-7161c0fd0eb1
lower_tier,dress_circle,A,108,Dress Circle Prem,5068,186.0,832.45,593.55,1,0,4551adf9-95b3-4b2d-be9a-74e0e96c5d58,180038,0143dfb2-08d0-40fc-94db-02c6bc025d91
lower_tier,dress_circle,A,110,Dress Circle Prem,5068,186.0,804.75,596.5,1,0,4551adf9-95b3-4b2d-be9a-74e0e96c5d58,180037,7d388ff7-78ac-4ef4-ad53-d0e945d7e194
lower_tier,dress_circle,A,112,Dress Circle Prem,5068,186.0,777.1,600.35,1,0,4551adf9-95b3-4b2d-be9a-74e0e96c5d58,180036,7628cf5f-ea9e-48fe-928c-207a6a354847
lower_tier,dress_circle,A,114,Dress Circle Prem,5068,186.0,749.45,604.15,1,0,4551adf9-95b3-4b2d-be9a-74e0e96c5d58,180035,56091379-a6e9-456e-8154-0f441605125c
lower_tier,dress_circle,A,116,Dress Circle Prem,5068,186.0,721.85,609.8,1,0,4551adf9-95b3-4b2d-be9a-74e0e96c5d58,180034,26813f94-51f6-4de6-9cf0-4b48ea5819ef
lower_tier,dress_circle,A,118,Dress Circle Prem,5068,186.0,694.2,615.25,1,0,4551adf9-95b3-4b2d-be9a-74e0e96c5d58,180033,1fe8a0d4-57d8-4f81-8385-482289ebaabb
lower_tier,dress_circle,A,120,Dress Circle Prem,5068,186.0,666.55,622.6,1,0,4551adf9-95b3-4b2d-be9a-74e0e96c5d58,180032,759609bc-ead3-4680-94c8-329822483006
lower_tier,dress_circle,A,122,Dress Circle Prem,5068,186.0,638.95,630.75,1,0,4551adf9-95b3-4b2d-be9a-74e0e96c5d58,180031,3096a86c-1682-4b82-a5a8-102104fd89e9
lower_tier,dress_circle,A,124,Dress Circle Prem,5068,186.0,611.2,638.7,1,0,4551adf9-95b3-4b2d-be9a-74e0e96c5d58,180030,85d2d364-619a-4f5f-8f15-e838ef4962d7
lower_tier,dress_circle,A,126,Dress Circle Prem,5068,186.0,583.65,647.5,1,0,4551adf9-95b3-4b2d-be9a-74e0e96c5d58,180029,75a2ae77-a4ca-41d2-a96a-e29f6229a028
lower_tier,dress_circle,A,128,Dress Circle Prem,5068,186.0,555.95,658.35,17,0,4551adf9-95b3-4b2d-be9a-74e0e96c5d58,180028,8ec7f02e-7ec1-4508-905f-68a3fb1928c5
lower_tier,dress_circle,B,102,Dress Circle Prem,5068,186.0,904.83,539.26,1,0,4551adf9-95b3-4b2d-be9a-74e0e96c5d58,179961,26d4b6fc-de3f-4b30-9b24-2f99f6784ec1
lower_tier,dress_circle,B,104,Dress Circle Prem,5068,186.0,877.3,540.31,1,0,4551adf9-95b3-4b2d-be9a-74e0e96c5d58,179960,aca7c32a-1bd6-4b75-a6d2-dc216271392b
lower_tier,dress_circle,B,106,Dress Circle Prem,5068,186.0,849.75,542.22,1,0,4551adf9-95b3-4b2d-be9a-74e0e96c5d58,179959,1fc4e48a-4f37-4357-8c3b-4063bce9a199
lower_tier,dress_circle,B,108,Dress Circle Prem,5068,186.0,822.26,545.98,1,0,4551adf9-95b3-4b2d-be9a-74e0e96c5d58,179958,887f0859-2af8-40af-9b07-6cf98fba120a
lower_tier,dress_circle,B,110,Dress Circle Prem,5068,186.0,794.67,549.85,1,0,4551adf9-95b3-4b2d-be9a-74e0e96c5d58,179957,40aeed3e-2100-40be-8efb-7f8e7ac8b6ce
lower_tier,dress_circle,B,112,Dress Circle Prem,5068,186.0,766.88,553.79,1,0,4551adf9-95b3-4b2d-be9a-74e0e96c5d58,179956,a0149eec-8412-473d-a636-60f7d2e00fe0
lower_tier,dress_circle,B,114,Dress Circle Prem,5068,186.0,739.23,558.59,1,0,4551adf9-95b3-4b2d-be9a-74e0e96c5d58,179955,74fc2748-5501-4b00-9fdf-85d158c06508
lower_tier,dress_circle,B,116,Dress Circle Prem,5068,186.0,711.63,563.24,1,0,4551adf9-95b3-4b2d-be9a-74e0e96c5d58,179954,51c36086-6b9b-4430-8fa0-78cdab7c66bd
lower_tier,dress_circle,B,118,Dress Circle Prem,5068,186.0,683.98,569.69,1,0,4551adf9-95b3-4b2d-be9a-74e0e96c5d58,179953,7212aa57-6993-43d1-88a8-9161b6eb65d4
lower_tier,dress_circle,B,120,Dress Circle Prem,5068,186.0,656.33,577.04,1,0,4551adf9-95b3-4b2d-be9a-74e0e96c5d58,179952,42719de8-2a91-4757-b14e-d6891e23b33e
lower_tier,dress_circle,B,122,Dress Circle Prem,5068,186.0,628.73,585.83,1,0,4551adf9-95b3-4b2d-be9a-74e0e96c5d58,179951,1d744232-0f6d-4683-b217-42a7919bdc89
lower_tier,dress_circle,B,124,Dress Circle Prem,5068,186.0,600.98,593.78,1,0,4551adf9-95b3-4b2d-be9a-74e0e96c5d58,179950,d2b9b968-40b3-4b0e-ba87-bda5da128686
lower_tier,dress_circle,B,126,Dress Circle Prem,5068,186.0,573.43,602.58,1,0,4551adf9-95b3-4b2d-be9a-74e0e96c5d58,179949,44992dc1-b22c-400a-a557-841655897705
lower_tier,dress_circle,C,102,Dress Circle Prem,5068,186.0,915.3,496.1,1,0,4551adf9-95b3-4b2d-be9a-74e0e96c5d58,179881,2d492600-9618-4ffe-b90d-3be7a0bdca24
lower_tier,dress_circle,C,104,Dress Circle Prem,5068,186.0,887.65,496.3,1,0,4551adf9-95b3-4b2d-be9a-74e0e96c5d58,179880,79d3b486-e735-4659-b1b3-7238f79c6815
lower_tier,dress_circle,C,106,Dress Circle Prem,5068,186.0,860.05,497.3,1,0,4551adf9-95b3-4b2d-be9a-74e0e96c5d58,179879,564eda05-402a-45e2-81f9-34dfdeb1d9d1
lower_tier,dress_circle,C,108,Dress Circle Prem,5068,186.0,832.45,500.05,1,0,4551adf9-95b3-4b2d-be9a-74e0e96c5d58,179878,dd5a82e4-d08e-46d6-9fab-57c6a06e21e5
lower_tier,dress_circle,C,110,Dress Circle Prem,5068,186.0,804.75,503.1,1,0,4551adf9-95b3-4b2d-be9a-74e0e96c5d58,179877,bdec365f-a3a6-46bc-aa52-51fb4ea27774
lower_tier,dress_circle,C,112,Dress Circle Prem,5068,186.0,777.1,506.85,1,0,4551adf9-95b3-4b2d-be9a-74e0e96c5d58,179876,f98d28b0-7482-4ccd-a923-7c182c8b5fc8
lower_tier,dress_circle,C,114,Dress Circle Prem,5068,186.0,749.45,511.65,1,0,4551adf9-95b3-4b2d-be9a-74e0e96c5d58,179875,a853ec45-dd5c-4e8a-8d16-dc13f5a6597d
lower_tier,dress_circle,C,116,Dress Circle Prem,5068,186.0,721.85,517.3,1,0,4551adf9-95b3-4b2d-be9a-74e0e96c5d58,179874,aad14321-56d5-46f8-bc67-142d37b2cb1d
lower_tier,dress_circle,C,118,Dress Circle Prem,5068,186.0,694.2,522.75,1,0,4551adf9-95b3-4b2d-be9a-74e0e96c5d58,179873,e53816df-4bf2-4a59-b83b-05a3a79a0f53
lower_tier,dress_circle,C,120,Dress Circle Prem,5068,186.0,666.55,530.1,1,0,4551adf9-95b3-4b2d-be9a-74e0e96c5d58,179872,9a754f33-c5b2-4e96-856c-e8245b8222ae
lower_tier,dress_circle,C,122,Dress Circle Prem,5068,186.0,638.95,538.25,1,0,4551adf9-95b3-4b2d-be9a-74e0e96c5d58,179871,3f639cbf-11de-45fa-814a-1863cc1faa5d
lower_tier,dress_circle,C,124,Dress Circle Prem,5068,186.0,611.2,546.2,1,0,4551adf9-95b3-4b2d-be9a-74e0e96c5d58,179870,4aae3d5c-4961-4db8-8cb8-d75e3f4660b7
lower_tier,dress_circle,C,126,Dress Circle Prem,5068,186.0,583.65,555.0,1,0,4551adf9-95b3-4b2d-be9a-74e0e96c5d58,179869,3f21eec6-68ef-4875-91c2-ccbe504e3945
lower_tier,dress_circle,C,128,Dress Circle Prem,5068,186.0,555.95,564.85,1,0,4551adf9-95b3-4b2d-be9a-74e0e96c5d58,179868,b2d148a0-6ad8-4399-bb42-1e9f4f35b9eb
lower_tier,dress_circle,D,102,Dress Circle,5069,155.0,905.77,448.27,1,0,4551adf9-95b3-4b2d-be9a-74e0e96c5d58,179801,6cf8c737-f21a-4c81-a7db-0a3492e3d580
lower_tier,dress_circle,D,104,Dress Circle,5069,155.0,878.24,449.85,1,0,4551adf9-95b3-4b2d-be9a-74e0e96c5d58,179800,92b14c5c-f8c5-4568-8248-e46623705549
lower_tier,dress_circle,D,106,Dress Circle,5069,155.0,850.67,452.27,1,0,4551adf9-95b3-4b2d-be9a-74e0e96c5d58,179799,eaff643d-2e15-4ff4-8f1d-cd3bc0871be8
lower_tier,dress_circle,D,108,Dress Circle,5069,155.0,823.1,454.54,1,0,4551adf9-95b3-4b2d-be9a-74e0e96c5d58,179798,900e2f35-ccdd-4c9e-ae10-5a78c0a75edd
lower_tier,dress_circle,D,110,Dress Circle,5069,155.0,795.47,458.92,1,0,4551adf9-95b3-4b2d-be9a-74e0e96c5d58,179797,fd3c30c1-8240-4d05-ada2-c082d3946164
lower_tier,dress_circle,D,112,Dress Circle,5069,155.0,767.88,463.09,1,0,4551adf9-95b3-4b2d-be9a-74e0e96c5d58,179796,a6cb9198-ac28-41d5-bd7a-bb6ff137b948
lower_tier,dress_circle,D,114,Dress Circle,5069,155.0,740.31,468.31,1,0,4551adf9-95b3-4b2d-be9a-74e0e96c5d58,179795,dc80b38e-dfca-41b3-a085-19a68db6093c
lower_tier,dress_circle,D,116,Dress Circle,5069,155.0,712.78,473.38,1,0,4551adf9-95b3-4b2d-be9a-74e0e96c5d58,179794,e6004fcc-ac0c-4eee-9252-00dfc4cf1032
lower_tier,dress_circle,D,118,Dress Circle,5069,155.0,685.22,479.26,1,0,4551adf9-95b3-4b2d-be9a-74e0e96c5d58,179793,e7c1fbf6-2064-41a2-882b-01d11602e212
lower_tier,dress_circle,D,120,Dress Circle,5069,155.0,657.68,487.03,1,0,4551adf9-95b3-4b2d-be9a-74e0e96c5d58,179792,4ed58c56-6be9-4dc2-8625-f794d88efb69
lower_tier,dress_circle,D,122,Dress Circle,5069,155.0,630.21,495.6,1,0,4551adf9-95b3-4b2d-be9a-74e0e96c5d58,179791,d416d898-a7f0-41f1-9bec-4897d60a1857
lower_tier,dress_circle,D,124,Dress Circle,5069,155.0,602.59,503.98,1,0,4551adf9-95b3-4b2d-be9a-74e0e96c5d58,179790,2c320228-d93b-430d-9aea-b820d2061d6d
lower_tier,dress_circle,D,126,Dress Circle,5069,155.0,575.17,513.2,1,0,4551adf9-95b3-4b2d-be9a-74e0e96c5d58,179789,0c3f6d25-e770-46e7-9115-ef1a7cfbae02
lower_tier,dress_circle,E,102,Dress Circle,5069,155.0,915.3,403.7,1,0,4551adf9-95b3-4b2d-be9a-74e0e96c5d58,179721,03bb32e2-e59e-4c0c-b75d-f3d038fbc660
lower_tier,dress_circle,E,104,Dress Circle,5069,155.0,887.65,403.9,1,0,4551adf9-95b3-4b2d-be9a-74e0e96c5d58,179720,d1e3b1f1-a8ec-4dbe-b3e5-ff6643597c85
lower_tier,dress_circle,E,106,Dress Circle,5069,155.0,860.05,405.9,1,0,4551adf9-95b3-4b2d-be9a-74e0e96c5d58,179719,f3bffadf-b6fa-470b-9e5d-6a54ba3c4e43
lower_tier,dress_circle,E,108,Dress Circle,5069,155.0,832.45,408.65,1,0,4551adf9-95b3-4b2d-be9a-74e0e96c5d58,179718,755ca745-3285-439b-8fb3-4c08791b5478
lower_tier,dress_circle,E,110,Dress Circle,5069,155.0,804.75,411.7,1,0,4551adf9-95b3-4b2d-be9a-74e0e96c5d58,179717,0732e201-758e-438a-8bab-b22f50ef0f1a
lower_tier,dress_circle,E,112,Dress Circle,5069,155.0,777.1,415.45,1,0,4551adf9-95b3-4b2d-be9a-74e0e96c5d58,179716,617370d0-d788-4439-bbbe-b618b7128113
lower_tier,dress_circle,E,114,Dress Circle,5069,155.0,749.45,420.25,1,0,4551adf9-95b3-4b2d-be9a-74e0e96c5d58,179715,dc751924-3a2b-420d-a94d-780cd26b88d1
lower_tier,dress_circle,E,116,Dress Circle,5069,155.0,721.85,424.9,1,0,4551adf9-95b3-4b2d-be9a-74e0e96c5d58,179714,8bf45b12-4a29-434b-89f7-07bba702b941
lower_tier,dress_circle,E,118,Dress Circle,5069,155.0,694.2,431.35,1,0,4551adf9-95b3-4b2d-be9a-74e0e96c5d58,179713,6039f24d-4118-4c62-9058-5d62846a248c
lower_tier,dress_circle,E,120,Dress Circle,5069,155.0,666.55,438.7,1,0,4551adf9-95b3-4b2d-be9a-74e0e96c5d58,179712,b153f479-a2d0-4ca6-88a2-b7093908f5c5
lower_tier,dress_circle,E,122,Dress Circle,5069,155.0,638.95,445.85,1,0,4551adf9-95b3-4b2d-be9a-74e0e96c5d58,179711,e170be23-d78a-4dd7-90e8-afdb82c07ff6
lower_tier,dress_circle,E,124,Dress Circle,5069,155.0,611.2,453.8,1,0,4551adf9-95b3-4b2d-be9a-74e0e96c5d58,179710,a487d98c-c91d-42c6-a4b8-e52357caacfc
lower_tier,dress_circle,E,126,Dress Circle,5069,155.0,583.65,462.6,1,0,4551adf9-95b3-4b2d-be9a-74e0e96c5d58,179709,919e2147-1fd0-489f-b414-1120a26f8102
lower_tier,dress_circle,E,128,Dress Circle,5069,155.0,555.95,472.45,1,0,4551adf9-95b3-4b2d-be9a-74e0e96c5d58,179708,4f39f128-5322-4d16-967a-99c4942dd027
lower_tier,dress_circle,F,102,Dress Circle,5069,155.0,904.62,357.88,1,0,72a7d803-ba69-4e35-b6ba-88b3cb437e69,179641,d3b50c65-7b3a-49bd-a8a4-cc67f6e57109
lower_tier,dress_circle,F,104,Dress Circle,5069,155.0,877.06,358.36,1,0,72a7d803-ba69-4e35-b6ba-88b3cb437e69,179640,0b3ae77e-7cc3-42e4-8aae-9f3e971d2711
lower_tier,dress_circle,F,106,Dress Circle,5069,155.0,849.48,359.59,1,0,72a7d803-ba69-4e35-b6ba-88b3cb437e69,179639,0afd8252-c020-4309-82de-256ec0e0cfa6
lower_tier,dress_circle,F,108,Dress Circle,5069,155.0,821.9,361.77,1,0,72a7d803-ba69-4e35-b6ba-88b3cb437e69,179638,6aaab049-d01d-4563-bc2d-f4a8e001905b
lower_tier,dress_circle,F,110,Dress Circle,5069,155.0,794.25,366.05,1,0,72a7d803-ba69-4e35-b6ba-88b3cb437e69,179637,e0d59e95-b38b-4935-b19f-dfc431b7ac83
lower_tier,dress_circle,F,112,Dress Circle,5069,155.0,766.65,370.13,1,0,72a7d803-ba69-4e35-b6ba-88b3cb437e69,179636,61f8cb07-155f-4d6d-938c-bbd1cd54cb3e
lower_tier,dress_circle,F,114,Dress Circle,5069,155.0,739.04,374.35,1,0,72a7d803-ba69-4e35-b6ba-88b3cb437e69,179635,90c81552-ca67-42f6-913d-ea6608a6c7d3
lower_tier,dress_circle,F,116,Dress Circle,5069,155.0,711.51,380.33,1,0,72a7d803-ba69-4e35-b6ba-88b3cb437e69,179634,a78cd0de-6642-4ede-88d7-2b83d94a1e3f
lower_tier,dress_circle,F,118,Dress Circle,5069,155.0,683.94,387.11,1,0,72a7d803-ba69-4e35-b6ba-88b3cb437e69,179633,083af478-bda9-4097-a8ea-494c7fc2b3eb
lower_tier,dress_circle,F,120,Dress Circle,5069,155.0,656.38,394.79,1,0,72a7d803-ba69-4e35-b6ba-88b3cb437e69,179632,0d995bce-e27f-4969-95ec-8ceb5e2f63ef
lower_tier,dress_circle,F,122,Dress Circle,5069,155.0,628.88,403.17,1,0,72a7d803-ba69-4e35-b6ba-88b3cb437e69,179631,dbb138e2-4e4a-4982-a947-a590176b2815
lower_tier,dress_circle,F,124,Dress Circle,5069,155.0,601.28,411.55,1,0,72a7d803-ba69-4e35-b6ba-88b3cb437e69,179630,4504c9db-6a33-44af-a48c-335fef0fc44a
lower_tier,dress_circle,F,126,Dress Circle,5069,155.0,573.78,420.67,1,0,72a7d803-ba69-4e35-b6ba-88b3cb437e69,179629,11df00d8-1568-4593-aa58-765112fbff5c
lower_tier,dress_circle,G,102,Dress Circle,5069,155.0,915.3,311.1,1,0,72a7d803-ba69-4e35-b6ba-88b3cb437e69,179561,572f6743-caa5-4bd1-8d95-2cf3f32b9c54
lower_tier,dress_circle,G,104,Dress Circle,5069,155.0,887.65,311.3,1,0,72a7d803-ba69-4e35-b6ba-88b3cb437e69,179560,c39cd7bd-00e5-4f47-bffa-ca5c913ac5ed
lower_tier,dress_circle,G,106,Dress Circle,5069,155.0,860.05,313.2,1,0,72a7d803-ba69-4e35-b6ba-88b3cb437e69,179559,79b126ef-fa71-4237-a492-2bd566efa2e4
lower_tier,dress_circle,G,108,Dress Circle,5069,155.0,832.45,316.05,1,0,72a7d803-ba69-4e35-b6ba-88b3cb437e69,179558,1f0c146c-52fd-496f-b844-9abb590d3d88
lower_tier,dress_circle,G,110,Dress Circle,5069,155.0,804.75,320.0,1,0,72a7d803-ba69-4e35-b6ba-88b3cb437e69,179557,7afdb1c0-8fc4-46b4-8488-d2d11e054727
lower_tier,dress_circle,G,112,Dress Circle,5069,155.0,777.1,323.75,1,0,72a7d803-ba69-4e35-b6ba-88b3cb437e69,179556,501d4974-e344-49dc-8dfc-72fbd3c403aa
lower_tier,dress_circle,G,114,Dress Circle,5069,155.0,749.45,328.65,1,0,72a7d803-ba69-4e35-b6ba-88b3cb437e69,179555,1ac69f7e-99b0-44cd-9ba2-8be516771a49
lower_tier,dress_circle,G,116,Dress Circle,5069,155.0,721.85,333.2,1,0,72a7d803-ba69-4e35-b6ba-88b3cb437e69,179554,8efcc6d2-e0ad-4eda-b92f-815dfaee681d
lower_tier,dress_circle,G,118,Dress Circle,5069,155.0,694.2,338.75,1,0,72a7d803-ba69-4e35-b6ba-88b3cb437e69,179553,a68610e9-0286-4a8a-aa34-4b6d3f145d0f
lower_tier,dress_circle,G,120,Dress Circle,5069,155.0,666.55,346.1,1,0,72a7d803-ba69-4e35-b6ba-88b3cb437e69,179552,20401937-c46c-4250-a0b2-ff61ab332266
lower_tier,dress_circle,G,122,Dress Circle,5069,155.0,638.95,354.15,1,0,72a7d803-ba69-4e35-b6ba-88b3cb437e69,179551,4595743c-4bbf-437c-be8d-df6377e43b39
lower_tier,dress_circle,G,124,Dress Circle,5069,155.0,611.2,362.2,1,0,72a7d803-ba69-4e35-b6ba-88b3cb437e69,179550,dde19748-db4f-447b-ae36-331456747593
lower_tier,dress_circle,G,126,Dress Circle,5069,155.0,583.65,371.0,1,0,72a7d803-ba69-4e35-b6ba-88b3cb437e69,179549,fe3bade1-25e5-402f-8bf2-43067ff52802
lower_tier,dress_circle,G,128,Dress Circle,5069,155.0,555.95,380.75,1,0,72a7d803-ba69-4e35-b6ba-88b3cb437e69,179548,f9881be0-5b53-4ae4-b2ab-914cc7060009
lower_tier,dress_circle,H,102,Dress Circle,5069,155.0,903.24,264.12,1,0,72a7d803-ba69-4e35-b6ba-88b3cb437e69,179481,ac46d7f8-df56-4907-bc36-51acc87f0a18
lower_tier,dress_circle,H,104,Dress Circle,5069,155.0,875.7,264.76,1,0,72a7d803-ba69-4e35-b6ba-88b3cb437e69,179480,8a872f9f-1ccb-42b0-a1d3-0ba07ff8c2b1
lower_tier,dress_circle,H,106,Dress Circle,5069,155.0,848.13,267.06,1,0,72a7d803-ba69-4e35-b6ba-88b3cb437e69,179479,6e7eb754-98f4-4941-ae96-eb56742378a1
lower_tier,dress_circle,H,108,Dress Circle,5069,155.0,820.57,270.31,1,0,72a7d803-ba69-4e35-b6ba-88b3cb437e69,179478,e0ac9179-1108-48ec-9cbd-3798ddf1209e
lower_tier,dress_circle,H,110,Dress Circle,5069,155.0,792.93,274.66,1,0,72a7d803-ba69-4e35-b6ba-88b3cb437e69,179477,423e710d-5820-40b3-8d89-db8941813c0e
lower_tier,dress_circle,H,112,Dress Circle,5069,155.0,765.34,278.81,1,0,72a7d803-ba69-4e35-b6ba-88b3cb437e69,179476,77496531-3258-47a7-a279-1c3d4d86e782
lower_tier,dress_circle,H,114,Dress Circle,5069,155.0,737.76,284.01,1,0,72a7d803-ba69-4e35-b6ba-88b3cb437e69,179475,7aee865d-03a6-40ca-b901-e3fd474111fc
lower_tier,dress_circle,H,116,Dress Circle,5069,155.0,710.23,289.06,1,0,72a7d803-ba69-4e35-b6ba-88b3cb437e69,179474,fb1999b7-9229-4c0a-9857-e2532710e727
lower_tier,dress_circle,H,118,Dress Circle,5069,155.0,682.68,296.01,1,0,72a7d803-ba69-4e35-b6ba-88b3cb437e69,179473,fddafc8a-e815-4272-b39b-b1a3657e7e9c
lower_tier,dress_circle,H,120,Dress Circle,5069,155.0,655.12,302.76,1,0,72a7d803-ba69-4e35-b6ba-88b3cb437e69,179472,c2a0a3b1-3154-4986-bdf4-82008d15cece
lower_tier,dress_circle,H,122,Dress Circle,5069,155.0,627.64,311.21,1,0,72a7d803-ba69-4e35-b6ba-88b3cb437e69,179471,7d7bb63a-ebba-47de-994b-383fc962e127
lower_tier,dress_circle,H,124,Dress Circle,5069,155.0,600.01,319.66,1,0,72a7d803-ba69-4e35-b6ba-88b3cb437e69,179470,833b9ded-70b4-42dd-b1d3-322bd404d3fa
lower_tier,dress_circle,H,126,Dress Circle,5069,155.0,572.59,328.86,1,0,72a7d803-ba69-4e35-b6ba-88b3cb437e69,179469,68559614-2294-47af-89bf-3e0ec4786bda
lower_tier,dress_circle,J,102,Dress Circle,5069,155.0,915.3,218.4,1,0,72a7d803-ba69-4e35-b6ba-88b3cb437e69,179401,db875a07-9cda-4356-8b2d-ba8e5ffe7407
lower_tier,dress_circle,J,104,Dress Circle,5069,155.0,887.65,218.7,1,0,72a7d803-ba69-4e35-b6ba-88b3cb437e69,179400,3b779a6e-a665-4875-bd2c-9383c49d125b
lower_tier,dress_circle,J,106,Dress Circle,5069,155.0,860.05,220.6,1,0,72a7d803-ba69-4e35-b6ba-88b3cb437e69,179399,8f7f35b6-ebf5-4363-b256-cb384fe2d375
lower_tier,dress_circle,J,108,Dress Circle,5069,155.0,832.45,223.45,1,0,72a7d803-ba69-4e35-b6ba-88b3cb437e69,179398,3b0057f4-7029-4b5c-b812-3523355e21ee
lower_tier,dress_circle,J,110,Dress Circle,5069,155.0,804.75,227.4,1,0,72a7d803-ba69-4e35-b6ba-88b3cb437e69,179397,8cc4b773-13c7-48ee-a619-cbdb4931ef94
lower_tier,dress_circle,J,112,Dress Circle,5069,155.0,777.1,231.15,1,0,72a7d803-ba69-4e35-b6ba-88b3cb437e69,179396,53175f7e-c0cc-46e3-9f6b-ca98d800935a
lower_tier,dress_circle,J,114,Dress Circle,5069,155.0,749.45,235.95,1,0,72a7d803-ba69-4e35-b6ba-88b3cb437e69,179395,628a1a07-0fe1-4ec6-a73d-389a96284edd
lower_tier,dress_circle,J,116,Dress Circle,5069,155.0,721.85,240.6,1,0,72a7d803-ba69-4e35-b6ba-88b3cb437e69,179394,107a62ec-0483-417a-8d25-efe69967a10f
lower_tier,dress_circle,J,118,Dress Circle,5069,155.0,694.2,247.15,1,0,72a7d803-ba69-4e35-b6ba-88b3cb437e69,179393,cc51d9f0-5d60-4253-912c-c2782b09cb75
lower_tier,dress_circle,J,120,Dress Circle,5069,155.0,666.55,254.5,1,0,72a7d803-ba69-4e35-b6ba-88b3cb437e69,179392,a23403bf-1c9e-4d53-af7d-9a829932795a
lower_tier,dress_circle,J,122,Dress Circle,5069,155.0,638.95,261.55,1,0,72a7d803-ba69-4e35-b6ba-88b3cb437e69,179391,f7872a0d-7ede-4f73-a23b-d0d60670a799
lower_tier,dress_circle,J,124,Dress Circle,5069,155.0,611.2,269.6,1,0,72a7d803-ba69-4e35-b6ba-88b3cb437e69,179390,34b00195-f2ec-430a-ac1f-94ebd070392a
lower_tier,dress_circle,J,126,Dress Circle,5069,155.0,583.65,278.4,1,0,72a7d803-ba69-4e35-b6ba-88b3cb437e69,179389,b501352a-5839-43c9-8eb2-efbee40dff6d
lower_tier,dress_circle,J,128,Dress Circle,5069,155.0,555.95,288.15,1,0,72a7d803-ba69-4e35-b6ba-88b3cb437e69,179388,03bd1af0-c386-41d2-8b29-093a7595f064
lower_tier,dress_circle,K,102,Dress Circle,5069,155.0,915.35,172.95,1,0,72a7d803-ba69-4e35-b6ba-88b3cb437e69,179321,54f495ac-4d20-432e-8e9d-7fcb11597366
lower_tier,dress_circle,K,104,Dress Circle,5069,155.0,884.55,174.15,1,0,72a7d803-ba69-4e35-b6ba-88b3cb437e69,179320,e0704a1c-34bc-46de-a307-179c36d1cb77
lower_tier,dress_circle,K,106,Dress Circle,5069,155.0,853.8,176.5,1,0,72a7d803-ba69-4e35-b6ba-88b3cb437e69,179319,5ff215d5-4dfb-4d7b-9086-1dbefcd6b63f
lower_tier,dress_circle,K,108,Dress Circle,5069,155.0,822.95,179.65,1,0,72a7d803-ba69-4e35-b6ba-88b3cb437e69,179318,d22606a9-db04-44ac-a4a6-d06fd64e66fd
lower_tier,dress_circle,K,110,Dress Circle,5069,155.0,792.15,182.95,1,0,72a7d803-ba69-4e35-b6ba-88b3cb437e69,179317,daeb9b33-3621-490e-a3cb-8b342375d651
lower_tier,dress_circle,K,118,Dress Circle,5069,155.0,668.9,207.6,1,0,72a7d803-ba69-4e35-b6ba-88b3cb437e69,179313,35c14d3e-feed-4f09-bf4d-cbd5b04875eb
lower_tier,dress_circle,K,120,Dress Circle,5069,155.0,638.2,216.25,1,0,72a7d803-ba69-4e35-b6ba-88b3cb437e69,179312,19635485-4085-4cd4-b278-115c1cb45ca0
lower_tier,dress_circle,K,122,Dress Circle,5069,155.0,607.4,225.7,1,0,72a7d803-ba69-4e35-b6ba-88b3cb437e69,179311,027596b6-356d-4ce6-aa46-c85b30919915
lower_tier,dress_circle,K,124,Dress Circle,5069,155.0,576.55,234.85,1,0,72a7d803-ba69-4e35-b6ba-88b3cb437e69,179310,3f5b8bbf-650d-4913-bb88-364d7e1a5e9b
lower_tier,dress_circle,K,126,Dress Circle,5069,155.0,545.75,246.05,1,0,72a7d803-ba69-4e35-b6ba-88b3cb437e69,179309,da186737-c963-47b8-bbfd-5df56e7c9df0
lower_tier,dress_circle,L,102,Dress Cir Accessible (Bal1),5075,86.0,915.35,126.65,18,0,72a7d803-ba69-4e35-b6ba-88b3cb437e69,179241,c7d23e2c-740e-4a66-a313-054737fd672d
lower_tier,dress_circle,L,104,Dress Cir Accessible (Bal1),5075,86.0,884.45,127.95,8,0,72a7d803-ba69-4e35-b6ba-88b3cb437e69,179240,fb3979d9-c5bb-47a1-b1d6-b6f5f619f902
lower_tier,dress_circle,L,106,Dress Cir Accessible (Bal1),5075,86.0,853.5,130.2,15,0,72a7d803-ba69-4e35-b6ba-88b3cb437e69,179239,4b63fd2a-9cfa-4d56-8e90-b7ef0dceddaa
lower_tier,dress_circle,L,108,Dress Circle,5069,155.0,822.65,133.35,1,0,72a7d803-ba69-4e35-b6ba-88b3cb437e69,179238,44d24be2-8204-4f75-9674-213f03ef959a
lower_tier,dress_circle,L,110,Dress Circle,5069,155.0,791.65,137.65,1,0,72a7d803-ba69-4e35-b6ba-88b3cb437e69,179237,1c0749d4-dd08-465f-8730-469270e7ce6f
lower_tier,dress_circle,L,112,Dress Circle,5069,155.0,760.7,141.8,1,0,72a7d803-ba69-4e35-b6ba-88b3cb437e69,179236,bc640b7a-0bf3-4cfd-82f7-0882a7bb2409
lower_tier,dress_circle,L,118,Dress Cir Accessible (Bal2),5077,71.0,668.0,162.3,22,0,72a7d803-ba69-4e35-b6ba-88b3cb437e69,179233,74ca2b2e-53ca-4bf8-8582-5f23aa13e0d8
lower_tier,dress_circle,L,120,Dress Cir Accessible (Bal2),5077,71.0,637.0,171.05,8,0,72a7d803-ba69-4e35-b6ba-88b3cb437e69,179232,16c47687-b59e-4425-a131-1eb1c365fd64
lower_tier,dress_circle,L,122,Dress Cir Accessible (Bal2),5077,71.0,606.1,180.4,15,0,72a7d803-ba69-4e35-b6ba-88b3cb437e69,179231,6bd5c09e-eaba-42b1-a0be-f0738a138e0b
lower_tier,dress_circle,L,124,Dress Cir Accessible (Bal2),5077,71.0,575.15,189.65,13,0,72a7d803-ba69-4e35-b6ba-88b3cb437e69,179230,c591bc93-539e-4d46-b8ab-96992b5247e8
lower_tier,dress_circle,L,126,Dress Cir Accessible (Bal2),5077,71.0,544.3,200.9,18,0,72a7d803-ba69-4e35-b6ba-88b3cb437e69,179229,0fd4a880-bfaa-4456-903e-080416df3675
lower_tier,dress_circle,A,1,Dress Circle Prem,5068,186.0,1371.65,675.3,17,0,312ff846-2f01-4312-9a3f-52f7f417b20e,180062,3327c50d-6b90-44cb-b683-fcc5e3c71c7a
lower_tier,dress_circle,A,3,Dress Circle Prem,5068,186.0,1398.75,686.1,1,0,312ff846-2f01-4312-9a3f-52f7f417b20e,180063,e17fe2ee-1b6d-45ba-bd3a-6e032c54f666
lower_tier,dress_circle,A,5,Dress Circle Prem,5068,186.0,1425.85,696.65,1,0,312ff846-2f01-4312-9a3f-52f7f417b20e,180064,1951c453-8524-46ca-aa45-f98c69600553
lower_tier,dress_circle,A,7,Dress Circle Prem,5068,186.0,1453.0,706.9,1,0,312ff846-2f01-4312-9a3f-52f7f417b20e,180065,89a5447e-c726-4b0e-b3a2-94e51b306a54
lower_tier,dress_circle,A,9,Dress Circle Prem,5068,186.0,1480.15,716.55,1,0,312ff846-2f01-4312-9a3f-52f7f417b20e,180066,73320cc6-927e-4c51-a87a-388db4375a98
lower_tier,dress_circle,A,11,Dress Circle Prem,5068,186.0,1507.25,725.6,1,0,312ff846-2f01-4312-9a3f-52f7f417b20e,180067,017b7302-18ee-44e5-91bd-db40305432c7
lower_tier,dress_circle,A,13,Dress Circle Prem,5068,186.0,1534.3,733.5,1,0,312ff846-2f01-4312-9a3f-52f7f417b20e,180068,522a6dac-4a45-45c6-9bca-e1fa215d8f0f
lower_tier,dress_circle,A,15,Dress Circle Prem,5068,186.0,1561.5,741.4,1,0,312ff846-2f01-4312-9a3f-52f7f417b20e,180069,c06a79d8-0179-45d6-9ada-57feb2dd12c0
lower_tier,dress_circle,A,17,Dress Circle Prem,5068,186.0,1588.6,748.0,1,0,312ff846-2f01-4312-9a3f-52f7f417b20e,180070,0835f3db-4659-4f11-8823-2a69c966a6dd
lower_tier,dress_circle,A,19,Dress Circle Prem,5068,186.0,1615.65,753.65,1,0,312ff846-2f01-4312-9a3f-52f7f417b20e,180071,12d20507-9d50-47de-bf05-789645bcca4a
lower_tier,dress_circle,A,21,Dress Circle Prem,5068,186.0,1642.85,758.4,1,0,312ff846-2f01-4312-9a3f-52f7f417b20e,180072,7987b154-ff7a-4db4-b107-2fb1d21330ce
lower_tier,dress_circle,A,23,Dress Circle Prem,5068,186.0,1670.0,762.35,1,0,312ff846-2f01-4312-9a3f-52f7f417b20e,180073,928f7642-b7b0-4780-870a-f2f28df313bd
lower_tier,dress_circle,A,25,Dress Circle Prem,5068,186.0,1696.9,764.95,1,0,312ff846-2f01-4312-9a3f-52f7f417b20e,180074,13109d37-c9a6-4e3b-b2df-8ca1c7388e39
lower_tier,dress_circle,A,27,Dress Circle Prem,5068,186.0,1724.1,766.9,1,0,312ff846-2f01-4312-9a3f-52f7f417b20e,180075,08d3e94f-875c-4ce4-9642-88df0ad0169e
lower_tier,dress_circle,B,1,Dress Circle Prem,5068,186.0,1374.65,628.7,1,0,312ff846-2f01-4312-9a3f-52f7f417b20e,179982,80de5b7b-e94e-4626-bd60-89b649602e0e
lower_tier,dress_circle,B,3,Dress Circle Prem,5068,186.0,1401.75,639.5,1,0,312ff846-2f01-4312-9a3f-52f7f417b20e,179983,131023d1-53e3-414c-a604-6b94403bc5fb
lower_tier,dress_circle,B,5,Dress Circle,5069,155.0,1428.85,650.15,1,0,312ff846-2f01-4312-9a3f-52f7f417b20e,179984,68c53b08-bcbd-4d8c-8236-76114950fc9d
lower_tier,dress_circle,B,7,Dress Circle,5069,155.0,1456.0,660.4,1,0,312ff846-2f01-4312-9a3f-52f7f417b20e,179985,c007812d-3fd8-4aa2-bc33-df840db9c781
lower_tier,dress_circle,B,9,Dress Circle,5069,155.0,1483.15,670.05,1,0,312ff846-2f01-4312-9a3f-52f7f417b20e,179986,82ddf953-c0a7-4338-a6e5-f3cb3c0b089b
lower_tier,dress_circle,B,11,Dress Circle,5069,155.0,1510.25,679.1,1,0,312ff846-2f01-4312-9a3f-52f7f417b20e,179987,dcd9365a-64ed-47ff-a18f-c3431daceb24
lower_tier,dress_circle,B,13,Dress Circle,5069,155.0,1537.3,687.0,1,0,312ff846-2f01-4312-9a3f-52f7f417b20e,179988,ca24c447-6f29-407c-aa34-2c857a31dd60
lower_tier,dress_circle,B,15,Dress Circle,5069,155.0,1564.5,694.8,1,0,312ff846-2f01-4312-9a3f-52f7f417b20e,179989,604408b8-0794-4b7c-889c-716f8a534b7c
lower_tier,dress_circle,B,17,Dress Circle,5069,155.0,1591.6,702.5,1,0,312ff846-2f01-4312-9a3f-52f7f417b20e,179990,00d704ee-936e-4a3c-a5cc-36c6b26074fd
lower_tier,dress_circle,B,19,Dress Circle,5069,155.0,1618.65,708.15,1,0,312ff846-2f01-4312-9a3f-52f7f417b20e,179991,fe1f1725-8cab-4d51-935a-6550e4dc4a62
lower_tier,dress_circle,B,21,Dress Circle,5069,155.0,1645.85,712.8,1,0,312ff846-2f01-4312-9a3f-52f7f417b20e,179992,0d347fdd-fa2e-4f39-8d18-6e3ad28d8c37
lower_tier,dress_circle,B,23,Dress Circle,5069,155.0,1673.0,716.85,1,0,312ff846-2f01-4312-9a3f-52f7f417b20e,179993,f72a7cd0-2682-4c3d-bbc6-3df52495d105
lower_tier,dress_circle,B,25,Dress Circle,5069,155.0,1699.9,719.45,1,0,312ff846-2f01-4312-9a3f-52f7f417b20e,179994,a52413a1-a4a0-407c-8747-6b813037a3e2
lower_tier,dress_circle,B,27,Dress Circle,5069,155.0,1727.1,721.4,1,0,312ff846-2f01-4312-9a3f-52f7f417b20e,179995,c36473a4-fd4c-43cf-991b-eae31c03945b
lower_tier,dress_circle,C,1,Dress Circle Prem,5068,186.0,1375.65,584.2,1,0,312ff846-2f01-4312-9a3f-52f7f417b20e,179902,f6db581f-f9a0-4873-8122-5e6b6b71429e
lower_tier,dress_circle,C,3,Dress Circle Prem,5068,186.0,1402.85,595.0,1,0,312ff846-2f01-4312-9a3f-52f7f417b20e,179903,7d62992c-c855-4c66-93e9-5bd09af36870
lower_tier,dress_circle,C,5,Dress Circle,5069,155.0,1430.05,605.55,1,0,312ff846-2f01-4312-9a3f-52f7f417b20e,179904,713b4777-6852-4c8f-85e3-85dd10377969
lower_tier,dress_circle,C,7,Dress Circle,5069,155.0,1457.2,615.9,1,0,312ff846-2f01-4312-9a3f-52f7f417b20e,179905,8e1e073f-d483-46f8-b23b-e659c12c7dfb
lower_tier,dress_circle,C,9,Dress Circle,5069,155.0,1484.45,625.55,1,0,312ff846-2f01-4312-9a3f-52f7f417b20e,179906,4efbf52b-1584-4fa1-ab6b-07e35d4108eb
lower_tier,dress_circle,C,11,Dress Circle,5069,155.0,1511.65,634.6,1,0,312ff846-2f01-4312-9a3f-52f7f417b20e,179907,6b05a26b-0290-4112-b8f6-3eda72c9c1c0
lower_tier,dress_circle,C,13,Dress Circle,5069,155.0,1538.8,642.5,1,0,312ff846-2f01-4312-9a3f-52f7f417b20e,179908,7ab9791c-154a-413d-bd97-092f4c13a67a
lower_tier,dress_circle,C,15,Dress Circle,5069,155.0,1566.0,650.3,1,0,312ff846-2f01-4312-9a3f-52f7f417b20e,179909,d1193271-e937-497a-81ec-f7c8c519c21f
lower_tier,dress_circle,C,17,Dress Circle,5069,155.0,1593.2,657.0,1,0,312ff846-2f01-4312-9a3f-52f7f417b20e,179910,cb312171-141b-48e2-b608-756949e5c91d
lower_tier,dress_circle,C,19,Dress Circle,5069,155.0,1620.35,662.55,1,0,312ff846-2f01-4312-9a3f-52f7f417b20e,179911,e1378c04-5269-4bad-be94-910270addd62
lower_tier,dress_circle,C,21,Dress Circle,5069,155.0,1647.65,667.3,1,0,312ff846-2f01-4312-9a3f-52f7f417b20e,179912,665d425d-e0ba-4201-bba0-2a31fc99b3fa
lower_tier,dress_circle,C,23,Dress Circle,5069,155.0,1674.8,671.35,1,0,312ff846-2f01-4312-9a3f-52f7f417b20e,179913,9ff721a0-fe3e-4743-95f2-ada17a72b59e
lower_tier,dress_circle,C,25,Dress Circle,5069,155.0,1701.9,673.85,1,0,312ff846-2f01-4312-9a3f-52f7f417b20e,179914,e4c459cc-4e76-48ac-a460-ca0c400d3bb0
lower_tier,dress_circle,C,27,Dress Circle,5069,155.0,1729.1,674.9,1,0,312ff846-2f01-4312-9a3f-52f7f417b20e,179915,20dc4021-d379-402e-aa99-b39ad7a50d36
lower_tier,dress_circle,D,1,Dress Circle,5069,155.0,1376.65,537.7,1,0,312ff846-2f01-4312-9a3f-52f7f417b20e,179822,065f9581-6582-4fe5-a452-d7f501ce3978
lower_tier,dress_circle,D,3,Dress Circle,5069,155.0,1404.05,548.5,1,0,312ff846-2f01-4312-9a3f-52f7f417b20e,179823,0678f1f9-a656-454e-a7e9-523acca4619b
lower_tier,dress_circle,D,5,Dress Circle,5069,155.0,1431.35,559.05,1,0,312ff846-2f01-4312-9a3f-52f7f417b20e,179824,f6172f5b-cf5e-483a-a60a-65a737c55ee2
lower_tier,dress_circle,D,7,Dress Circle,5069,155.0,1458.7,569.4,1,0,312ff846-2f01-4312-9a3f-52f7f417b20e,179825,d3e8d486-526a-4509-94fb-91f1a666a0a6
lower_tier,dress_circle,D,9,Dress Circle,5069,155.0,1486.05,579.05,1,0,312ff846-2f01-4312-9a3f-52f7f417b20e,179826,3970a099-9736-4634-ade8-a167abbdc4c4
lower_tier,dress_circle,D,11,Dress Circle,5069,155.0,1513.45,588.0,1,0,312ff846-2f01-4312-9a3f-52f7f417b20e,179827,5cf6b40d-cd6e-4e58-a9c9-603a6cee7efb
lower_tier,dress_circle,D,13,Dress Circle,5069,155.0,1540.7,596.0,1,0,312ff846-2f01-4312-9a3f-52f7f417b20e,179828,bf3c7167-dd62-4f0c-9f99-c704a15d2019
lower_tier,dress_circle,D,15,Dress Circle,5069,155.0,1568.1,603.8,1,0,312ff846-2f01-4312-9a3f-52f7f417b20e,179829,8884c665-52e2-4387-b55b-1fb307a461b6
lower_tier,dress_circle,D,17,Dress Circle,5069,155.0,1595.5,610.5,1,0,312ff846-2f01-4312-9a3f-52f7f417b20e,179830,251cd725-2d47-4e0d-b60e-d611f662c41b
lower_tier,dress_circle,D,19,Dress Circle,5069,155.0,1622.75,617.05,1,0,312ff846-2f01-4312-9a3f-52f7f417b20e,179831,15b241a3-6e4f-4d0e-a0f9-df7a311cb237
lower_tier,dress_circle,D,21,Dress Circle,5069,155.0,1650.15,621.8,1,0,312ff846-2f01-4312-9a3f-52f7f417b20e,179832,f3c86bf8-bd5a-469c-aab9-aa8f1187a7f6
lower_tier,dress_circle,D,23,Dress Circle,5069,155.0,1677.5,625.75,1,0,312ff846-2f01-4312-9a3f-52f7f417b20e,179833,5537b972-2ae2-4729-a361-b11804d06034
lower_tier,dress_circle,D,25,Dress Circle,5069,155.0,1704.75,628.4,1,0,312ff846-2f01-4312-9a3f-52f7f417b20e,179834,ceeac2b9-1229-45dd-8b66-d56de7ab3178
lower_tier,dress_circle,D,27,Dress Circle,5069,155.0,1732.1,629.4,1,0,312ff846-2f01-4312-9a3f-52f7f417b20e,179835,3b249e37-2877-4d58-b88b-b9e3c8489d0d
lower_tier,dress_circle,E,1,Dress Circle,5069,155.0,1377.65,492.2,1,0,312ff846-2f01-4312-9a3f-52f7f417b20e,179742,dd77f55e-cb76-4bb0-9e71-29dde7fb53e6
lower_tier,dress_circle,E,3,Dress Circle,5069,155.0,1405.15,503.0,1,0,312ff846-2f01-4312-9a3f-52f7f417b20e,179743,dbcc97e6-2363-4177-97c4-be5e74559dca
lower_tier,dress_circle,E,5,Dress Circle,5069,155.0,1432.55,513.55,1,0,312ff846-2f01-4312-9a3f-52f7f417b20e,179744,2371f13d-9d50-408c-93e6-cde60348f034
lower_tier,dress_circle,E,7,Dress Circle,5069,155.0,1460.0,523.9,1,0,312ff846-2f01-4312-9a3f-52f7f417b20e,179745,fdc11658-a15f-4061-89ef-e18ec3c8f7ba
lower_tier,dress_circle,E,9,Dress Circle,5069,155.0,1487.45,533.55,1,0,312ff846-2f01-4312-9a3f-52f7f417b20e,179746,e17dd67c-e527-4a70-9024-46b51edb9ca1
lower_tier,dress_circle,E,11,Dress Circle,5069,155.0,1514.95,542.5,1,0,312ff846-2f01-4312-9a3f-52f7f417b20e,179747,f507724c-7d37-4fb0-885d-3966791a013f
lower_tier,dress_circle,E,13,Dress Circle,5069,155.0,1542.3,550.4,1,0,312ff846-2f01-4312-9a3f-52f7f417b20e,179748,da9aa2b1-eda1-46a7-96b5-5ec5d92111f8
lower_tier,dress_circle,E,15,Dress Circle,5069,155.0,1569.8,558.3,1,0,312ff846-2f01-4312-9a3f-52f7f417b20e,179749,5788d66b-78af-4f78-9449-dcf2590b2139
lower_tier,dress_circle,E,17,Dress Circle,5069,155.0,1597.3,564.9,1,0,312ff846-2f01-4312-9a3f-52f7f417b20e,179750,b8ab2b15-a559-43ca-bcd5-9c9ad6582a53
lower_tier,dress_circle,E,19,Dress Circle,5069,155.0,1624.65,570.55,1,0,312ff846-2f01-4312-9a3f-52f7f417b20e,179751,9054cf9d-81ff-42dd-8b30-d1587d482b08
lower_tier,dress_circle,E,21,Dress Circle,5069,155.0,1652.25,576.3,1,0,312ff846-2f01-4312-9a3f-52f7f417b20e,179752,d7f8faf8-0be2-42cd-b245-95446a67ceef
lower_tier,dress_circle,E,23,Dress Circle,5069,155.0,1679.7,580.25,1,0,312ff846-2f01-4312-9a3f-52f7f417b20e,179753,513a8451-31ea-4c57-a083-619224ba459e
lower_tier,dress_circle,E,25,Dress Circle,5069,155.0,1707.0,582.85,1,0,312ff846-2f01-4312-9a3f-52f7f417b20e,179754,93a5eda3-1235-49b2-ac23-65ee8caf6915
lower_tier,dress_circle,E,27,Dress Circle,5069,155.0,1734.5,583.8,1,0,312ff846-2f01-4312-9a3f-52f7f417b20e,179755,4e850e84-bc20-49ee-9de2-e2177ac58769
lower_tier,dress_circle,F,1,Dress Circle,5069,155.0,1376.65,444.7,1,0,80312341-b16b-488d-963c-567f9e5670a3,179662,e17a19b8-3659-46a7-8717-42ec38839a6b
lower_tier,dress_circle,F,3,Dress Circle,5069,155.0,1404.25,456.5,1,0,80312341-b16b-488d-963c-567f9e5670a3,179663,edf4d76c-974c-4a29-9dbf-86e1df88db93
lower_tier,dress_circle,F,5,Dress Circle,5069,155.0,1431.85,467.05,1,0,80312341-b16b-488d-963c-567f9e5670a3,179664,1641082a-14f9-4ea1-8a8f-0e961ab6eb83
lower_tier,dress_circle,F,7,Dress Circle,5069,155.0,1459.5,477.3,1,0,80312341-b16b-488d-963c-567f9e5670a3,179665,51fe0693-a59e-488e-8ffc-f15ecb4416f6
lower_tier,dress_circle,F,9,Dress Circle,5069,155.0,1487.05,486.95,1,0,80312341-b16b-488d-963c-567f9e5670a3,179666,42fd4e98-a300-4a9c-9387-b24c216b5c19
lower_tier,dress_circle,F,11,Dress Circle,5069,155.0,1514.65,496.0,1,0,80312341-b16b-488d-963c-567f9e5670a3,179667,602e2565-1b03-4520-adc6-37805352b0e3
lower_tier,dress_circle,F,13,Dress Circle,5069,155.0,1542.2,503.9,1,0,80312341-b16b-488d-963c-567f9e5670a3,179668,fd8d6fe5-6212-4388-bca0-576eefaac91b
lower_tier,dress_circle,F,15,Dress Circle,5069,155.0,1569.9,511.8,1,0,80312341-b16b-488d-963c-567f9e5670a3,179669,c429c8ce-d6cf-43cc-929f-1461c2648ce3
lower_tier,dress_circle,F,17,Dress Circle,5069,155.0,1597.5,518.4,1,0,80312341-b16b-488d-963c-567f9e5670a3,179670,de3e39af-050f-4196-90f1-61fa7c671437
lower_tier,dress_circle,F,19,Dress Circle,5069,155.0,1625.05,524.05,1,0,80312341-b16b-488d-963c-567f9e5670a3,179671,2ae827b3-9925-47d5-a92b-a89e6b2b42c1
lower_tier,dress_circle,F,21,Dress Circle,5069,155.0,1652.75,529.8,1,0,80312341-b16b-488d-963c-567f9e5670a3,179672,7643af51-960e-4d39-9a38-5d457e3c4630
lower_tier,dress_circle,F,23,Dress Circle,5069,155.0,1680.3,533.75,1,0,80312341-b16b-488d-963c-567f9e5670a3,179673,3fec20f9-142a-447a-a5b1-737e28eed8de
lower_tier,dress_circle,F,25,Dress Circle,5069,155.0,1707.8,536.35,1,0,80312341-b16b-488d-963c-567f9e5670a3,179674,29e7586e-8c78-4646-b8de-867a1b004add
lower_tier,dress_circle,F,27,Dress Circle,5069,155.0,1735.5,537.3,1,0,80312341-b16b-488d-963c-567f9e5670a3,179675,c63d6611-a2a9-444d-bb83-623b2a72ee7d
lower_tier,dress_circle,G,1,Dress Circle,5069,155.0,1377.65,400.2,1,0,80312341-b16b-488d-963c-567f9e5670a3,179582,3c5b0ad3-2efd-46f5-b99e-3b1fb0047985
lower_tier,dress_circle,G,3,Dress Circle,5069,155.0,1405.35,411.0,1,0,80312341-b16b-488d-963c-567f9e5670a3,179583,fedd3886-c631-4c87-ae4f-b6ce91b5aacd
lower_tier,dress_circle,G,5,Dress Circle,5069,155.0,1432.95,421.55,1,0,80312341-b16b-488d-963c-567f9e5670a3,179584,076f2b3d-be6e-4a14-a174-3245ff9b8e0a
lower_tier,dress_circle,G,7,Dress Circle,5069,155.0,1460.7,431.8,1,0,80312341-b16b-488d-963c-567f9e5670a3,179585,507cafd2-4075-43a0-a5ee-99e1bc5f6205
lower_tier,dress_circle,G,9,Dress Circle,5069,155.0,1488.35,441.45,1,0,80312341-b16b-488d-963c-567f9e5670a3,179586,02ff625a-1e16-4059-a707-ce5aaf82c3c4
lower_tier,dress_circle,G,11,Dress Circle,5069,155.0,1515.95,450.5,1,0,80312341-b16b-488d-963c-567f9e5670a3,179587,e91e1d2c-5c4f-467f-9650-635187eeb571
lower_tier,dress_circle,G,13,Dress Circle 2,5070,155.0,1543.6,459.4,1,0,80312341-b16b-488d-963c-567f9e5670a3,179588,e6a2bcc9-2ea5-40d8-be16-f0a32f0977f8
lower_tier,dress_circle,G,15,Dress Circle 2,5070,155.0,1571.3,467.2,1,0,80312341-b16b-488d-963c-567f9e5670a3,179589,7b04db54-e497-4140-9852-25b6dec3aa27
lower_tier,dress_circle,G,17,Dress Circle 2,5070,155.0,1599.0,473.9,1,0,80312341-b16b-488d-963c-567f9e5670a3,179590,d7282986-2ea7-4e36-b051-99a6a9b148a1
lower_tier,dress_circle,G,19,Dress Circle 2,5070,155.0,1626.65,479.55,1,0,80312341-b16b-488d-963c-567f9e5670a3,179591,9d6e36ec-16e0-41fa-8d0b-76b4553ec3a0
lower_tier,dress_circle,G,21,Dress Circle 2,5070,155.0,1654.35,484.3,1,0,80312341-b16b-488d-963c-567f9e5670a3,179592,ddb1eb3c-8109-4db9-a3e0-7a0f6c0020d3
lower_tier,dress_circle,G,23,Dress Circle 2,5070,155.0,1682.0,487.25,1,0,80312341-b16b-488d-963c-567f9e5670a3,179593,a53fb65e-4219-4136-bd5d-779acf29ebc1
lower_tier,dress_circle,G,25,Dress Circle 2,5070,155.0,1709.6,489.85,1,0,80312341-b16b-488d-963c-567f9e5670a3,179594,45c21704-540e-4c41-9385-80ec7f26838f
lower_tier,dress_circle,G,27,Dress Circle 2,5070,155.0,1737.3,490.8,1,0,80312341-b16b-488d-963c-567f9e5670a3,179595,2a6725ba-a93f-47b2-bf9f-b3f39223dbcf
lower_tier,dress_circle,H,1,Dress Circle,5069,155.0,1380.65,355.6,1,0,80312341-b16b-488d-963c-567f9e5670a3,179502,f93f7ceb-e8e7-405f-b495-83e7eba41e07
lower_tier,dress_circle,H,3,Dress Circle,5069,155.0,1408.45,366.4,1,0,80312341-b16b-488d-963c-567f9e5670a3,179503,ec708aeb-1354-4a7c-9a16-bb05fb36b813
lower_tier,dress_circle,H,5,Dress Circle,5069,155.0,1436.15,378.05,1,0,80312341-b16b-488d-963c-567f9e5670a3,179504,89fba53d-e3dd-4eee-9332-ba24052fcd5f
lower_tier,dress_circle,H,7,Dress Circle,5069,155.0,1463.9,387.3,1,0,80312341-b16b-488d-963c-567f9e5670a3,179505,0431f838-447b-4ba5-987e-0d31daa28748
lower_tier,dress_circle,H,9,Dress Circle 2,5070,155.0,1491.65,396.95,1,0,80312341-b16b-488d-963c-567f9e5670a3,179506,90ae66d2-4793-4ed2-a052-b62d004b447d
lower_tier,dress_circle,H,11,Dress Circle 2,5070,155.0,1519.45,406.0,1,0,80312341-b16b-488d-963c-567f9e5670a3,179507,b2fbf7dc-0856-4d6c-a2e5-83a27caeeddb
lower_tier,dress_circle,H,13,Dress Circle 2,5070,155.0,1547.1,414.9,1,0,80312341-b16b-488d-963c-567f9e5670a3,179508,a53284d9-3a2f-44f1-85a8-da0f24b06967
lower_tier,dress_circle,H,15,Dress Circle 2,5070,155.0,1574.9,421.7,1,0,80312341-b16b-488d-963c-567f9e5670a3,179509,4c1bf61e-c40e-4ea2-b7e0-8959390809ae
lower_tier,dress_circle,H,17,Dress Circle 2,5070,155.0,1602.7,428.4,1,0,80312341-b16b-488d-963c-567f9e5670a3,179510,65160bef-7998-437a-98d5-a5f138f7a416
lower_tier,dress_circle,H,19,Dress Circle 2,5070,155.0,1630.35,433.95,1,0,80312341-b16b-488d-963c-567f9e5670a3,179511,ef9afb6c-5398-45bb-9ac5-b0a2427c7757
lower_tier,dress_circle,H,21,Dress Circle 2,5070,155.0,1658.25,438.7,1,0,80312341-b16b-488d-963c-567f9e5670a3,179512,aa78b2ec-5712-4911-99c5-07482b20b5ee
lower_tier,dress_circle,H,23,Dress Circle 2,5070,155.0,1686.0,442.75,1,0,80312341-b16b-488d-963c-567f9e5670a3,179513,e1baab8f-3f1a-4d2a-a8c5-75a882425b84
lower_tier,dress_circle,H,25,Dress Circle 2,5070,155.0,1713.6,444.35,1,0,80312341-b16b-488d-963c-567f9e5670a3,179514,4ad1ce84-8078-440f-91d4-72a57bfee8d6
lower_tier,dress_circle,H,27,Dress Circle 2,5070,155.0,1741.4,445.3,1,0,80312341-b16b-488d-963c-567f9e5670a3,179515,0c62ccd7-cf96-4163-80fc-6780e726899d
lower_tier,dress_circle,J,1,Dress Circle,5069,155.0,1379.65,309.1,1,0,80312341-b16b-488d-963c-567f9e5670a3,179422,7496d7a3-c54e-4a1a-9816-60adcd7485bf
lower_tier,dress_circle,J,3,Dress Circle,5069,155.0,1407.75,319.9,1,0,80312341-b16b-488d-963c-567f9e5670a3,179423,b79c69f9-e71d-40c4-b5d3-6e1f90a22611
lower_tier,dress_circle,J,5,Dress Circle 2,5070,155.0,1435.75,331.45,1,0,80312341-b16b-488d-963c-567f9e5670a3,179424,3b6e809c-c403-4c22-a2a3-9d41c9ae9cb1
lower_tier,dress_circle,J,7,Dress Circle 2,5070,155.0,1463.7,341.8,1,0,80312341-b16b-488d-963c-567f9e5670a3,179425,a194f562-484e-4b60-a9a9-359f6ed7b142
lower_tier,dress_circle,J,9,Dress Circle 2,5070,155.0,1491.75,351.45,1,0,80312341-b16b-488d-963c-567f9e5670a3,179426,73817bfe-9736-4b89-92ca-cd13fb350ccf
lower_tier,dress_circle,J,11,Dress Circle 2,5070,155.0,1519.85,360.5,1,0,80312341-b16b-488d-963c-567f9e5670a3,179427,817cc4df-64d3-4643-9c72-27071c271729
lower_tier,dress_circle,J,13,Dress Circle 2,5070,155.0,1547.8,368.4,1,0,80312341-b16b-488d-963c-567f9e5670a3,179428,5395b71b-2fe0-4b96-b89a-c3f58c4817c0
lower_tier,dress_circle,J,15,Dress Circle 2,5070,155.0,1575.8,375.2,1,0,80312341-b16b-488d-963c-567f9e5670a3,179429,c2421e9a-9464-4e7e-89f2-f86ea507d40c
lower_tier,dress_circle,J,17,Dress Circle 2,5070,155.0,1603.9,382.9,1,0,80312341-b16b-488d-963c-567f9e5670a3,179430,2eeaa94f-6ed5-4e74-944f-1944b157ba43
lower_tier,dress_circle,J,19,Dress Circle 2,5070,155.0,1631.85,387.45,1,0,80312341-b16b-488d-963c-567f9e5670a3,179431,8e529e0f-6231-4526-86a4-1d7262206147
lower_tier,dress_circle,J,21,Dress Circle 2,5070,155.0,1659.95,392.2,1,0,80312341-b16b-488d-963c-567f9e5670a3,179432,683166b3-d05b-469b-98eb-4f483ea4c935
lower_tier,dress_circle,J,23,Dress Circle 2,5070,155.0,1688.0,396.25,1,0,80312341-b16b-488d-963c-567f9e5670a3,179433,33e7e27a-5540-4060-aff7-b79578bcb62d
lower_tier,dress_circle,J,25,Dress Circle 2,5070,155.0,1715.9,398.75,1,0,80312341-b16b-488d-963c-567f9e5670a3,179434,a4674247-20c2-4037-83ec-5e31bfb46945
lower_tier,dress_circle,J,27,Dress Circle 2,5070,155.0,1744.0,398.8,1,0,80312341-b16b-488d-963c-567f9e5670a3,179435,8a442f4c-082a-4a88-84be-b3a3abc2548d
lower_tier,dress_circle,K,1,Dress Circle,5069,155.0,1384.65,265.1,1,0,80312341-b16b-488d-963c-567f9e5670a3,179342,845546fc-61ec-4185-b9e4-4a840ee78748
lower_tier,dress_circle,K,3,Dress Circle,5069,155.0,1412.55,275.9,1,0,80312341-b16b-488d-963c-567f9e5670a3,179343,d0bcc87c-d32b-416c-abd5-6d87d435b6a1
lower_tier,dress_circle,K,5,Dress Circle 2,5070,155.0,1440.45,287.45,1,0,80312341-b16b-488d-963c-567f9e5670a3,179344,2ae92664-b276-4988-b709-e7931d1f098e
lower_tier,dress_circle,K,7,Dress Circle 2,5070,155.0,1468.3,297.8,1,0,80312341-b16b-488d-963c-567f9e5670a3,179345,4c6e4821-c518-4ba1-b104-dfae939fda91
lower_tier,dress_circle,K,9,Dress Circle 2,5070,155.0,1496.15,307.45,1,0,80312341-b16b-488d-963c-567f9e5670a3,179346,349196d2-78cd-406c-afc5-f2f349161e24
lower_tier,dress_circle,K,11,Dress Circle 2,5070,155.0,1524.05,316.4,1,0,80312341-b16b-488d-963c-567f9e5670a3,179347,e2301730-5575-45ff-b799-807e2ea0fa71
lower_tier,dress_circle,K,13,Dress Circle 2,5070,155.0,1551.9,324.4,1,0,80312341-b16b-488d-963c-567f9e5670a3,179348,110c2785-4c6e-48bb-a6dc-6301e27483b4
lower_tier,dress_circle,K,15,Dress Circle 2,5070,155.0,1579.8,331.2,1,0,80312341-b16b-488d-963c-567f9e5670a3,179349,e409e3be-3a60-42a2-a554-e14fd0c582bc
lower_tier,dress_circle,K,17,Dress Circle 2,5070,155.0,1607.8,337.8,1,0,80312341-b16b-488d-963c-567f9e5670a3,179350,4c70bec1-cfaf-4ed6-8c5e-10d3c805bc03
lower_tier,dress_circle,K,19,Dress Circle 2,5070,155.0,1635.55,343.45,1,0,80312341-b16b-488d-963c-567f9e5670a3,179351,af754355-c876-4d2a-97ec-01399d5473f9
lower_tier,dress_circle,K,21,Dress Circle 2,5070,155.0,1663.55,347.2,1,0,80312341-b16b-488d-963c-567f9e5670a3,179352,cdf151a8-86e5-4f7b-8f6e-46e00603f7ea
lower_tier,dress_circle,K,23,Dress Circle 2,5070,155.0,1691.5,350.15,1,0,80312341-b16b-488d-963c-567f9e5670a3,179353,4e091f6c-4983-46f8-957c-7dd5417a3691
lower_tier,dress_circle,K,25,Dress Circle 2,5070,155.0,1719.2,351.75,1,0,80312341-b16b-488d-963c-567f9e5670a3,179354,db3c9784-fb44-4da8-b1b2-ea0347602e29
lower_tier,dress_circle,K,27,Dress Circle 2,5070,155.0,1747.1,352.8,1,0,80312341-b16b-488d-963c-567f9e5670a3,179355,1acaa2ef-dcca-40d4-acc7-2cfebc521c7e
lower_tier,dress_circle,L,1,Dress Cir Accessible (Bal3),5079,37.0,1507.43,265.1,22,0,80312341-b16b-488d-963c-567f9e5670a3,179266,2ed77d64-1eaf-4539-a839-f83b44196ac2
lower_tier,dress_circle,L,3,Dress Cir Accessible (Bal3),5079,37.0,1537.51,274.38,20,0,80312341-b16b-488d-963c-567f9e5670a3,179267,8d521376-7c40-448c-b474-001c37a29b09
lower_tier,dress_circle,L,5,Dress Cir Accessible (Bal3),5079,37.0,1567.62,281.86,18,0,80312341-b16b-488d-963c-567f9e5670a3,179268,7feea93f-42d9-4cef-b310-1ed54a31ee41
lower_tier,dress_circle,L,7,Dress Cir Accessible (Bal3),5079,37.0,1597.64,290.6,13,0,80312341-b16b-488d-963c-567f9e5670a3,179269,1af35778-b754-4fc7-a6d2-60a779218650
lower_tier,dress_circle,L,9,Dress Cir Accessible (Bal3),5079,37.0,1627.57,296.48,15,0,80312341-b16b-488d-963c-567f9e5670a3,179270,afc161a2-3e01-462e-afdd-8069556cb245
lower_tier,dress_circle,L,11,Dress Cir Accessible (Bal3),5079,37.0,1657.51,301.57,8,0,80312341-b16b-488d-963c-567f9e5670a3,179271,d821f042-3cd1-41cc-8423-ac6a0b10bcf4
lower_tier,dress_circle,L,13,Dress Cir Accessible (Bal3),5079,37.0,1687.26,305.26,18,0,80312341-b16b-488d-963c-567f9e5670a3,179272,88da59b3-e6dd-44f4-8ead-461d5112cd89
lower_tier,dress_circle,L,15,Dress Cir Accessible (Bal3),5079,37.0,1716.76,307.68,18,0,80312341-b16b-488d-963c-567f9e5670a3,179273,8bfacd36-2371-4859-89dc-aca6d8e559f2
lower_tier,dress_circle,L,17,Dress Cir Accessible (Bal3),5079,37.0,1746.37,309.33,18,0,80312341-b16b-488d-963c-567f9e5670a3,179274,23928810-fbe4-4df6-8210-53fb6de28f4a
lower_tier,dress_circle,A,2,Dress Circle Prem,5068,186.0,509.75,675.6,17,0,9672b162-c819-43e2-858d-22581ed4bda8,180024,13108b0e-18b5-42c9-aed2-0999905043ad
lower_tier,dress_circle,A,4,Dress Circle Prem,5068,186.0,482.65,686.4,1,0,9672b162-c819-43e2-858d-22581ed4bda8,180023,542ed66c-60ea-4a4b-8e6a-f474c10c7fd6
lower_tier,dress_circle,A,6,Dress Circle Prem,5068,186.0,455.45,697.15,1,0,9672b162-c819-43e2-858d-22581ed4bda8,180022,778833a6-7e30-4ce1-af6d-ea5bf1cbf74d
lower_tier,dress_circle,A,8,Dress Circle Prem,5068,186.0,428.4,707.4,1,0,9672b162-c819-43e2-858d-22581ed4bda8,180021,c1c84f83-f059-468f-9d38-b5bb0dd9d830
lower_tier,dress_circle,A,10,Dress Circle Prem,5068,186.0,401.25,717.05,1,0,9672b162-c819-43e2-858d-22581ed4bda8,180020,f6e5cf6c-29c3-46ef-930e-50d34dac73bb
lower_tier,dress_circle,A,12,Dress Circle Prem,5068,186.0,374.15,726.0,1,0,9672b162-c819-43e2-858d-22581ed4bda8,180019,046cb1e5-2efc-4272-881b-4ef04490d9d6
lower_tier,dress_circle,A,14,Dress Circle Prem,5068,186.0,347.0,734.1,1,0,9672b162-c819-43e2-858d-22581ed4bda8,180018,572a51fe-2e5e-4daa-9f59-84861c15dec4
lower_tier,dress_circle,A,16,Dress Circle Prem,5068,186.0,319.9,741.8,1,0,9672b162-c819-43e2-858d-22581ed4bda8,180017,52d7659d-a47d-4515-a6cc-addf163f7a5f
lower_tier,dress_circle,A,18,Dress Circle Prem,5068,186.0,292.8,748.5,1,0,9672b162-c819-43e2-858d-22581ed4bda8,180016,336b0867-bb11-4d2f-9feb-806c02a5dba7
lower_tier,dress_circle,A,20,Dress Circle Prem,5068,186.0,265.65,754.15,1,0,9672b162-c819-43e2-858d-22581ed4bda8,180015,f1b080f4-0f41-4aee-ae0f-89a85ef4cc50
lower_tier,dress_circle,A,22,Dress Circle Prem,5068,186.0,238.55,759.0,1,0,9672b162-c819-43e2-858d-22581ed4bda8,180014,5f9d0639-22fa-48ff-aae5-40ae37312040
lower_tier,dress_circle,A,24,Dress Circle Prem,5068,186.0,211.4,762.75,1,0,9672b162-c819-43e2-858d-22581ed4bda8,180013,d9426dd1-5f3a-401b-a5bd-08d8c6a5b2ff
lower_tier,dress_circle,A,26,Dress Circle Prem,5068,186.0,184.3,765.55,1,0,9672b162-c819-43e2-858d-22581ed4bda8,180012,ad95d11d-d881-408e-ace1-3495fd4b2054
lower_tier,dress_circle,A,28,Dress Circle Prem,5068,186.0,157.2,767.4,1,0,9672b162-c819-43e2-858d-22581ed4bda8,180011,2dc8f84c-5da9-4aff-8b24-99d62eb425f7
lower_tier,dress_circle,B,2,Dress Circle Prem,5068,186.0,506.75,629.1,1,0,9672b162-c819-43e2-858d-22581ed4bda8,179944,03e32fba-2e44-4b66-a128-255425d3eeeb
lower_tier,dress_circle,B,4,Dress Circle Prem,5068,186.0,479.65,639.9,1,0,9672b162-c819-43e2-858d-22581ed4bda8,179943,686a945b-922b-4d32-a8dd-19824cc9e132
lower_tier,dress_circle,B,6,Dress Circle,5069,155.0,452.45,650.65,1,0,9672b162-c819-43e2-858d-22581ed4bda8,179942,f36d091d-9f3b-4d95-852b-0cb15a507245
lower_tier,dress_circle,B,8,Dress Circle,5069,155.0,425.4,660.9,1,0,9672b162-c819-43e2-858d-22581ed4bda8,179941,3c0781bf-6bdf-44c4-89e6-fd4200ed3f70
lower_tier,dress_circle,B,10,Dress Circle,5069,155.0,398.25,670.55,1,0,9672b162-c819-43e2-858d-22581ed4bda8,179940,a3fb6a53-f05b-4ff4-9a9c-2a71b3a08357
lower_tier,dress_circle,B,12,Dress Circle,5069,155.0,371.15,679.4,1,0,9672b162-c819-43e2-858d-22581ed4bda8,179939,55c9ec1b-5b49-4f47-ba09-99bc5ed743c4
lower_tier,dress_circle,B,14,Dress Circle,5069,155.0,344.0,687.5,1,0,9672b162-c819-43e2-858d-22581ed4bda8,179938,01e2737b-c2c1-4b5b-9ac5-5c967784d8c1
lower_tier,dress_circle,B,16,Dress Circle,5069,155.0,316.9,695.3,1,0,9672b162-c819-43e2-858d-22581ed4bda8,179937,bd54b2dc-7fb9-46a3-bd69-691b4ce11361
lower_tier,dress_circle,B,18,Dress Circle,5069,155.0,289.8,703.0,1,0,9672b162-c819-43e2-858d-22581ed4bda8,179936,c47abd63-e880-419b-8a1b-bd5e23cd0530
lower_tier,dress_circle,B,20,Dress Circle,5069,155.0,262.65,708.65,1,0,9672b162-c819-43e2-858d-22581ed4bda8,179935,a80c947e-4ecd-4a2d-a302-bd6eb64780f8
lower_tier,dress_circle,B,22,Dress Circle,5069,155.0,235.55,713.5,1,0,9672b162-c819-43e2-858d-22581ed4bda8,179934,6934b006-4ed2-41a2-bf07-f3b4f5797347
lower_tier,dress_circle,B,24,Dress Circle,5069,155.0,208.4,717.25,1,0,9672b162-c819-43e2-858d-22581ed4bda8,179933,47ac3ec7-25da-416e-bcb1-21b473fa5ca1
lower_tier,dress_circle,B,26,Dress Circle,5069,155.0,181.3,720.05,1,0,9672b162-c819-43e2-858d-22581ed4bda8,179932,dae153ee-d5a8-4e6e-ace0-5e9e75588002
lower_tier,dress_circle,B,28,Dress Circle,5069,155.0,154.2,721.8,1,0,9672b162-c819-43e2-858d-22581ed4bda8,179931,1a96619a-3cc1-438c-834c-d6c6ec0b5df2
lower_tier,dress_circle,C,2,Dress Circle Prem,5068,186.0,505.75,584.6,1,0,9672b162-c819-43e2-858d-22581ed4bda8,179864,e86da4d3-9a82-4301-816c-da1539c6eaa8
lower_tier,dress_circle,C,4,Dress Circle Prem,5068,186.0,478.55,595.4,1,0,9672b162-c819-43e2-858d-22581ed4bda8,179863,d5a77952-7112-4ec3-b075-cab88be13b78
lower_tier,dress_circle,C,6,Dress Circle,5069,155.0,451.35,606.15,1,0,9672b162-c819-43e2-858d-22581ed4bda8,179862,d6101ceb-a77f-476f-b942-566624ba70df
lower_tier,dress_circle,C,8,Dress Circle,5069,155.0,424.2,616.4,1,0,9672b162-c819-43e2-858d-22581ed4bda8,179861,20646ab9-e923-401a-86cf-3b0e449764df
lower_tier,dress_circle,C,10,Dress Circle,5069,155.0,396.95,626.05,1,0,9672b162-c819-43e2-858d-22581ed4bda8,179860,0649da2d-f6a1-4d1b-a709-49d9783a10c7
lower_tier,dress_circle,C,12,Dress Circle,5069,155.0,369.75,634.9,1,0,9672b162-c819-43e2-858d-22581ed4bda8,179859,f30d89c1-c600-4b4d-bb97-b9d02a6751f8
lower_tier,dress_circle,C,14,Dress Circle,5069,155.0,342.5,643.0,1,0,9672b162-c819-43e2-858d-22581ed4bda8,179858,77bf57a8-65dd-4ed4-8d70-1b81f6945728
lower_tier,dress_circle,C,16,Dress Circle,5069,155.0,315.4,650.8,1,0,9672b162-c819-43e2-858d-22581ed4bda8,179857,c7836ae0-2dec-4d2b-abf6-f53121b62310
lower_tier,dress_circle,C,18,Dress Circle,5069,155.0,288.2,657.5,1,0,9672b162-c819-43e2-858d-22581ed4bda8,179856,12207353-5e56-4a6e-b391-88d32275c927
lower_tier,dress_circle,C,20,Dress Circle,5069,155.0,260.95,663.15,1,0,9672b162-c819-43e2-858d-22581ed4bda8,179855,d1e980e6-a60a-4bb5-a04e-d3832123393c
lower_tier,dress_circle,C,22,Dress Circle,5069,155.0,233.75,668.0,1,0,9672b162-c819-43e2-858d-22581ed4bda8,179854,dc873004-6f18-43df-aa88-fe4ce2342e38
lower_tier,dress_circle,C,24,Dress Circle,5069,155.0,206.6,671.75,1,0,9672b162-c819-43e2-858d-22581ed4bda8,179853,b2580eca-612f-4a9b-87c3-0a67bda6c69c
lower_tier,dress_circle,C,26,Dress Circle,5069,155.0,179.4,674.55,1,0,9672b162-c819-43e2-858d-22581ed4bda8,179852,e1cfa3a9-caa4-466b-b5c0-4d5c894f25c9
lower_tier,dress_circle,C,28,Dress Circle,5069,155.0,152.2,675.3,1,0,9672b162-c819-43e2-858d-22581ed4bda8,179851,2e1f335e-8c0d-4f18-85b8-836a37a60802
lower_tier,dress_circle,D,2,Dress Circle,5069,155.0,504.75,538.1,1,0,9672b162-c819-43e2-858d-22581ed4bda8,179784,645d89f6-d7b4-49eb-ae12-731c82a32d61
lower_tier,dress_circle,D,4,Dress Circle,5069,155.0,477.35,548.8,1,0,9672b162-c819-43e2-858d-22581ed4bda8,179783,9cc6969a-3c20-4d68-a666-f4a90685c2c3
lower_tier,dress_circle,D,6,Dress Circle,5069,155.0,450.05,559.65,1,0,9672b162-c819-43e2-858d-22581ed4bda8,179782,9a5268f8-953f-4dc0-8f2a-d790c931a625
lower_tier,dress_circle,D,8,Dress Circle,5069,155.0,422.7,569.9,1,0,9672b162-c819-43e2-858d-22581ed4bda8,179781,442c2ee7-2eb7-4348-8545-671aebdb07ae
lower_tier,dress_circle,D,10,Dress Circle,5069,155.0,395.35,579.55,1,0,9672b162-c819-43e2-858d-22581ed4bda8,179780,10452432-01c2-402c-9d9c-da8c90612550
lower_tier,dress_circle,D,12,Dress Circle,5069,155.0,367.95,588.4,1,0,9672b162-c819-43e2-858d-22581ed4bda8,179779,1a9e2975-faa1-4bb3-aacb-b6632bd7855d
lower_tier,dress_circle,D,14,Dress Circle,5069,155.0,340.6,596.5,1,0,9672b162-c819-43e2-858d-22581ed4bda8,179778,a916a98f-84c0-4f11-b3db-e15801329704
lower_tier,dress_circle,D,16,Dress Circle,5069,155.0,313.3,604.2,1,0,9672b162-c819-43e2-858d-22581ed4bda8,179777,c14d290e-74ec-4e0d-ae71-02f9fb5ea3c7
lower_tier,dress_circle,D,18,Dress Circle,5069,155.0,285.9,611.0,1,0,9672b162-c819-43e2-858d-22581ed4bda8,179776,65014074-f9ad-4f22-a0bd-9a0a44b7438a
lower_tier,dress_circle,D,20,Dress Circle,5069,155.0,258.55,617.65,1,0,9672b162-c819-43e2-858d-22581ed4bda8,179775,c66bd752-0a96-44fc-993e-244bd1f358f4
lower_tier,dress_circle,D,22,Dress Circle,5069,155.0,231.25,622.4,1,0,9672b162-c819-43e2-858d-22581ed4bda8,179774,1cbdc0d4-0219-4ed0-8580-ad0de2259116
lower_tier,dress_circle,D,24,Dress Circle,5069,155.0,203.9,626.15,1,0,9672b162-c819-43e2-858d-22581ed4bda8,179773,a3236e72-7841-4c72-bc5a-cfb9e5f6a395
lower_tier,dress_circle,D,26,Dress Circle,5069,155.0,176.6,628.95,1,0,9672b162-c819-43e2-858d-22581ed4bda8,179772,41d6bb00-ec7f-4e9b-a6ec-f928a6762d7d
lower_tier,dress_circle,D,28,Dress Circle,5069,155.0,149.2,629.8,1,0,9672b162-c819-43e2-858d-22581ed4bda8,179771,76fad20d-d03f-404c-ad17-06322f240b4f
lower_tier,dress_circle,E,2,Dress Circle,5069,155.0,503.75,492.5,1,0,9672b162-c819-43e2-858d-22581ed4bda8,179704,8660f781-2646-473e-baf3-fc0e29f9a005
lower_tier,dress_circle,E,4,Dress Circle,5069,155.0,476.25,503.3,1,0,9672b162-c819-43e2-858d-22581ed4bda8,179703,20398680-5431-458a-98c2-0d77ec3948bc
lower_tier,dress_circle,E,6,Dress Circle,5069,155.0,448.75,514.15,1,0,9672b162-c819-43e2-858d-22581ed4bda8,179702,ae387b91-fec2-4fce-93b5-49aada5c8194
lower_tier,dress_circle,E,8,Dress Circle,5069,155.0,421.4,524.4,1,0,9672b162-c819-43e2-858d-22581ed4bda8,179701,d3aeffe1-e1e8-4b46-bae8-e4431f866135
lower_tier,dress_circle,E,10,Dress Circle,5069,155.0,393.95,533.95,1,0,9672b162-c819-43e2-858d-22581ed4bda8,179700,88af120d-fd6d-4214-b8b1-39e0f4f5963e
lower_tier,dress_circle,E,12,Dress Circle,5069,155.0,366.45,542.9,1,0,9672b162-c819-43e2-858d-22581ed4bda8,179699,a0ad1623-ee5a-45ac-9b46-246c1013f97a
lower_tier,dress_circle,E,14,Dress Circle,5069,155.0,339.0,551.0,1,0,9672b162-c819-43e2-858d-22581ed4bda8,179698,5948b307-04de-4eb9-bcf1-0afd62a091b4
lower_tier,dress_circle,E,16,Dress Circle,5069,155.0,311.5,558.7,1,0,9672b162-c819-43e2-858d-22581ed4bda8,179697,e869ce10-d493-4571-a76f-4d81c0818439
lower_tier,dress_circle,E,18,Dress Circle,5069,155.0,284.1,565.5,1,0,9672b162-c819-43e2-858d-22581ed4bda8,179696,f745e163-24e8-4ff6-8383-c02498f5d1d2
lower_tier,dress_circle,E,20,Dress Circle,5069,155.0,256.65,571.05,1,0,9672b162-c819-43e2-858d-22581ed4bda8,179695,df52fc6b-6401-48ac-9722-d6fee5b27e4d
lower_tier,dress_circle,E,22,Dress Circle,5069,155.0,229.15,576.9,1,0,9672b162-c819-43e2-858d-22581ed4bda8,179694,e8853fa2-bff5-4c49-addf-91a488871956
lower_tier,dress_circle,E,24,Dress Circle,5069,155.0,201.7,580.65,1,0,9672b162-c819-43e2-858d-22581ed4bda8,179693,5d4358e5-886b-4bbb-9252-c7600f8b38c3
lower_tier,dress_circle,E,26,Dress Circle,5069,155.0,174.3,583.45,1,0,9672b162-c819-43e2-858d-22581ed4bda8,179692,9ad9d4af-97b4-44bc-b92e-108678532478
lower_tier,dress_circle,E,28,Dress Circle,5069,155.0,146.9,584.3,1,0,9672b162-c819-43e2-858d-22581ed4bda8,179691,4d306046-ee9e-4c03-8dc0-e245a35b98a7
lower_tier,dress_circle,F,2,Dress Circle,5069,155.0,504.75,445.0,1,0,25997f99-5048-4ea0-8351-8a9a263f59ac,179624,93e650e5-472a-427f-9748-4631e522a034
lower_tier,dress_circle,F,4,Dress Circle,5069,155.0,477.15,456.8,1,0,25997f99-5048-4ea0-8351-8a9a263f59ac,179623,c769ecd9-2ac8-483a-a727-f4e458b06788
lower_tier,dress_circle,F,6,Dress Circle,5069,155.0,449.45,467.55,1,0,25997f99-5048-4ea0-8351-8a9a263f59ac,179622,8a7ec73f-186b-4078-a625-99b88fe190ec
lower_tier,dress_circle,F,8,Dress Circle,5069,155.0,421.9,477.9,1,0,25997f99-5048-4ea0-8351-8a9a263f59ac,179621,ab70e39f-b448-458b-9ed1-3d276b09ce23
lower_tier,dress_circle,F,10,Dress Circle,5069,155.0,394.35,487.45,1,0,25997f99-5048-4ea0-8351-8a9a263f59ac,179620,c2999a4e-3952-4616-888a-50cc2f152402
lower_tier,dress_circle,F,12,Dress Circle,5069,155.0,366.65,496.4,1,0,25997f99-5048-4ea0-8351-8a9a263f59ac,179619,2d799e95-2603-4587-9365-093477b5bc27
lower_tier,dress_circle,F,14,Dress Circle,5069,155.0,339.1,504.5,1,0,25997f99-5048-4ea0-8351-8a9a263f59ac,179618,0e06a143-cca5-47bf-a590-2cd81d96b485
lower_tier,dress_circle,F,16,Dress Circle,5069,155.0,311.5,512.2,1,0,25997f99-5048-4ea0-8351-8a9a263f59ac,179617,d66d090c-cb1b-406f-bff4-a48760c8775c
lower_tier,dress_circle,F,18,Dress Circle,5069,155.0,283.9,518.9,1,0,25997f99-5048-4ea0-8351-8a9a263f59ac,179616,b0420d1a-a0fa-4b8e-9d25-bb1a70b21bbf
lower_tier,dress_circle,F,20,Dress Circle,5069,155.0,256.25,524.55,1,0,25997f99-5048-4ea0-8351-8a9a263f59ac,179615,a3070a6d-cee7-44a8-b97b-ecfa670b462c
lower_tier,dress_circle,F,22,Dress Circle,5069,155.0,228.65,530.4,1,0,25997f99-5048-4ea0-8351-8a9a263f59ac,179614,c40af475-b825-4d93-8f97-7c4b459cd967
lower_tier,dress_circle,F,24,Dress Circle,5069,155.0,201.1,534.2,1,0,25997f99-5048-4ea0-8351-8a9a263f59ac,179613,3788cb67-ef5e-4268-af46-1c4ed87fc9a8
lower_tier,dress_circle,F,26,Dress Circle,5069,155.0,173.5,536.95,1,0,25997f99-5048-4ea0-8351-8a9a263f59ac,179612,1846218e-e877-4ced-ba59-a2af4820a72f
lower_tier,dress_circle,F,28,Dress Circle,5069,155.0,145.9,537.8,1,0,25997f99-5048-4ea0-8351-8a9a263f59ac,179611,04257f11-ad5b-4fbb-a529-8ff14ceb5359
lower_tier,dress_circle,G,2,Dress Circle,5069,155.0,503.75,400.5,1,0,25997f99-5048-4ea0-8351-8a9a263f59ac,179544,c7af3e03-22f9-4282-918b-c94ca964f5e2
lower_tier,dress_circle,G,4,Dress Circle,5069,155.0,476.05,411.3,1,0,25997f99-5048-4ea0-8351-8a9a263f59ac,179543,810e87a6-6df9-48dc-813a-ba0fd71b904a
lower_tier,dress_circle,G,6,Dress Circle,5069,155.0,448.35,422.05,1,0,25997f99-5048-4ea0-8351-8a9a263f59ac,179542,5a7868c4-6e64-4d1b-abc7-529e469d13af
lower_tier,dress_circle,G,8,Dress Circle,5069,155.0,420.7,432.3,1,0,25997f99-5048-4ea0-8351-8a9a263f59ac,179541,496541aa-a629-4789-a6e3-74853ccd2f24
lower_tier,dress_circle,G,10,Dress Circle,5069,155.0,393.05,441.95,1,0,25997f99-5048-4ea0-8351-8a9a263f59ac,179540,d31a8ad9-ce16-4acd-ae6d-f196055228b9
lower_tier,dress_circle,G,12,Dress Circle,5069,155.0,365.35,450.9,1,0,25997f99-5048-4ea0-8351-8a9a263f59ac,179539,6d0598f1-0a7e-4b60-8694-1af9b21c2d8e
lower_tier,dress_circle,G,14,Dress Circle 2,5070,155.0,337.7,460.0,1,0,25997f99-5048-4ea0-8351-8a9a263f59ac,179538,b43ea4a9-5df3-4743-9ea5-9423a41de524
lower_tier,dress_circle,G,16,Dress Circle 2,5070,155.0,310.0,467.7,1,0,25997f99-5048-4ea0-8351-8a9a263f59ac,179537,7c98d9d6-b9e5-4155-b70c-b1feb7f8f677
lower_tier,dress_circle,G,18,Dress Circle 2,5070,155.0,282.4,474.4,1,0,25997f99-5048-4ea0-8351-8a9a263f59ac,179536,3ba1d2de-5053-4578-aead-e07bbdfc0a46
lower_tier,dress_circle,G,20,Dress Circle 2,5070,155.0,254.65,480.05,1,0,25997f99-5048-4ea0-8351-8a9a263f59ac,179535,c1a33d1c-909c-47dd-9331-e6186f8ad55a
lower_tier,dress_circle,G,22,Dress Circle 2,5070,155.0,227.05,484.9,1,0,25997f99-5048-4ea0-8351-8a9a263f59ac,179534,5fc5e881-a6e2-4fb4-aa3e-88103c343a25
lower_tier,dress_circle,G,24,Dress Circle 2,5070,155.0,199.4,487.65,1,0,25997f99-5048-4ea0-8351-8a9a263f59ac,179533,2315ad87-d6eb-47ae-ba07-31f56e78db58
lower_tier,dress_circle,G,26,Dress Circle 2,5070,155.0,171.7,490.45,1,0,25997f99-5048-4ea0-8351-8a9a263f59ac,179532,99be5255-a11e-4d54-a270-18aee85874da
lower_tier,dress_circle,G,28,Dress Circle 2,5070,155.0,144.1,491.3,1,0,25997f99-5048-4ea0-8351-8a9a263f59ac,179531,c7449102-4bc5-4d59-9101-13f84a6ec19d
lower_tier,dress_circle,H,2,Dress Circle,5069,155.0,500.75,356.0,1,0,25997f99-5048-4ea0-8351-8a9a263f59ac,179464,3f8924fa-73ed-4eca-afc8-84fcac7a6b7e
lower_tier,dress_circle,H,4,Dress Circle,5069,155.0,472.95,366.8,1,0,25997f99-5048-4ea0-8351-8a9a263f59ac,179463,06d0c5d1-9fdf-4c04-ba2c-12f1cce1f72f
lower_tier,dress_circle,H,6,Dress Circle,5069,155.0,445.15,378.55,1,0,25997f99-5048-4ea0-8351-8a9a263f59ac,179462,612d404d-300f-4b84-b5e2-e9c19c1471fa
lower_tier,dress_circle,H,8,Dress Circle,5069,155.0,417.5,387.8,1,0,25997f99-5048-4ea0-8351-8a9a263f59ac,179461,a849e2e8-d9ea-4824-b9fd-1ac85ba3b82d
lower_tier,dress_circle,H,10,Dress Circle 2,5070,155.0,389.75,397.45,1,0,25997f99-5048-4ea0-8351-8a9a263f59ac,179460,3a98fc48-d5b7-40c9-8d91-893b80cebe1b
lower_tier,dress_circle,H,12,Dress Circle 2,5070,155.0,361.95,406.3,1,0,25997f99-5048-4ea0-8351-8a9a263f59ac,179459,6b4226e5-cec6-4ba6-b599-96111547d02f
lower_tier,dress_circle,H,14,Dress Circle 2,5070,155.0,334.2,415.4,1,0,25997f99-5048-4ea0-8351-8a9a263f59ac,179458,676508c6-3c79-4d4d-b6a7-31f12272bec5
lower_tier,dress_circle,H,16,Dress Circle 2,5070,155.0,306.5,422.2,1,0,25997f99-5048-4ea0-8351-8a9a263f59ac,179457,6c86e1bc-4e36-4a22-8700-153676b0a966
lower_tier,dress_circle,H,18,Dress Circle 2,5070,155.0,278.7,428.9,1,0,25997f99-5048-4ea0-8351-8a9a263f59ac,179456,f8213a59-7023-4db9-80a3-bac3fc7429ed
lower_tier,dress_circle,H,20,Dress Circle 2,5070,155.0,250.95,434.55,1,0,25997f99-5048-4ea0-8351-8a9a263f59ac,179455,17004199-29af-4871-b2d6-cf58b99c367d
lower_tier,dress_circle,H,22,Dress Circle 2,5070,155.0,223.15,439.4,1,0,25997f99-5048-4ea0-8351-8a9a263f59ac,179454,e6994ed1-c16b-4718-9ad2-62d6b49352f1
lower_tier,dress_circle,H,24,Dress Circle 2,5070,155.0,195.5,443.15,1,0,25997f99-5048-4ea0-8351-8a9a263f59ac,179453,e9a2d418-ebf2-4f56-abff-8cc717a7eb02
lower_tier,dress_circle,H,26,Dress Circle 2,5070,155.0,167.7,444.95,1,0,25997f99-5048-4ea0-8351-8a9a263f59ac,179452,324c8cfd-916c-45d3-90f0-083c5ec9d100
lower_tier,dress_circle,H,28,Dress Circle 2,5070,155.0,140.0,445.7,1,0,25997f99-5048-4ea0-8351-8a9a263f59ac,179451,52dff3f8-c5e6-4194-9774-b6ebd0986a1a
lower_tier,dress_circle,J,2,Dress Circle,5069,155.0,501.75,309.5,1,0,25997f99-5048-4ea0-8351-8a9a263f59ac,179384,a6d03f43-3acc-489a-a575-b390628640ad
lower_tier,dress_circle,J,4,Dress Circle,5069,155.0,473.75,320.3,1,0,25997f99-5048-4ea0-8351-8a9a263f59ac,179383,bfd492a9-5780-464a-8a36-2419652c9ed5
lower_tier,dress_circle,J,6,Dress Circle 2,5070,155.0,445.65,332.05,1,0,25997f99-5048-4ea0-8351-8a9a263f59ac,179382,01a231d6-3f19-4c44-8851-976a16e37f1b
lower_tier,dress_circle,J,8,Dress Circle 2,5070,155.0,417.7,342.3,1,0,25997f99-5048-4ea0-8351-8a9a263f59ac,179381,79055fe9-b1b2-4a13-b518-a3095eec63d3
lower_tier,dress_circle,J,10,Dress Circle 2,5070,155.0,389.65,351.95,1,0,25997f99-5048-4ea0-8351-8a9a263f59ac,179380,885b64c3-463b-4a6d-988c-ecfa407aa81c
lower_tier,dress_circle,J,12,Dress Circle 2,5070,155.0,361.55,360.85,1,0,25997f99-5048-4ea0-8351-8a9a263f59ac,179379,38352cdb-a9d2-4870-b70c-a634c223911b
lower_tier,dress_circle,J,14,Dress Circle 2,5070,155.0,333.5,368.9,1,0,25997f99-5048-4ea0-8351-8a9a263f59ac,179378,f2661f21-351e-4b9f-a77d-9691ebaf0649
lower_tier,dress_circle,J,16,Dress Circle 2,5070,155.0,305.5,375.7,1,0,25997f99-5048-4ea0-8351-8a9a263f59ac,179377,1e62e340-d9ec-43bc-b962-190de7f96329
lower_tier,dress_circle,J,18,Dress Circle 2,5070,155.0,277.5,383.4,1,0,25997f99-5048-4ea0-8351-8a9a263f59ac,179376,01e665be-13ee-44d2-b3da-5ac5139363f7
lower_tier,dress_circle,J,20,Dress Circle 2,5070,155.0,249.45,388.05,1,0,25997f99-5048-4ea0-8351-8a9a263f59ac,179375,dcee603e-91b6-4936-b7bf-d888cc307435
lower_tier,dress_circle,J,22,Dress Circle 2,5070,155.0,221.45,392.8,1,0,25997f99-5048-4ea0-8351-8a9a263f59ac,179374,9c7a5c2f-34cc-4fb9-89a7-489ff8ee652a
lower_tier,dress_circle,J,24,Dress Circle 2,5070,155.0,193.4,396.55,1,0,25997f99-5048-4ea0-8351-8a9a263f59ac,179373,0d89c5b9-62b8-45b2-9c90-1bd5bd5b1db3
lower_tier,dress_circle,J,26,Dress Circle 2,5070,155.0,165.4,399.45,1,0,25997f99-5048-4ea0-8351-8a9a263f59ac,179372,9b2686bd-4bb0-41b8-9d10-ac3da7f77966
lower_tier,dress_circle,J,28,Dress Circle 2,5070,155.0,137.4,399.2,1,0,25997f99-5048-4ea0-8351-8a9a263f59ac,179371,d6ae98af-ee02-4c84-a333-8fb7b0d257eb
lower_tier,dress_circle,K,2,Dress Circle,5069,155.0,496.75,265.5,1,0,25997f99-5048-4ea0-8351-8a9a263f59ac,179304,d74847d1-0671-4da2-aca9-6a9a5125371b
lower_tier,dress_circle,K,4,Dress Circle,5069,155.0,468.85,276.2,1,0,25997f99-5048-4ea0-8351-8a9a263f59ac,179303,4483917b-c56b-4f1a-9079-13b125744b3b
lower_tier,dress_circle,K,6,Dress Circle 2,5070,155.0,440.95,288.05,1,0,25997f99-5048-4ea0-8351-8a9a263f59ac,179302,2f70c8fb-37c0-498d-b8ba-d2c202afe10f
lower_tier,dress_circle,K,8,Dress Circle 2,5070,155.0,413.1,298.3,1,0,25997f99-5048-4ea0-8351-8a9a263f59ac,179301,cffa5471-0dda-4c1c-ab74-eca155fa3a16
lower_tier,dress_circle,K,10,Dress Circle 2,5070,155.0,385.25,307.95,1,0,25997f99-5048-4ea0-8351-8a9a263f59ac,179300,c1a49064-4d10-47c4-940e-0c99562fd7e5
lower_tier,dress_circle,K,12,Dress Circle 2,5070,155.0,357.25,316.8,1,0,25997f99-5048-4ea0-8351-8a9a263f59ac,179299,4602a62c-f26c-4fb2-962f-8aa78813f42f
lower_tier,dress_circle,K,14,Dress Circle 2,5070,155.0,329.4,324.9,1,0,25997f99-5048-4ea0-8351-8a9a263f59ac,179298,209c48f9-37f7-47de-a899-80c60903dd28
lower_tier,dress_circle,K,16,Dress Circle 2,5070,155.0,301.5,331.6,1,0,25997f99-5048-4ea0-8351-8a9a263f59ac,179297,ab3ca668-5816-4feb-b7a6-059ccfaecdd8
lower_tier,dress_circle,K,18,Dress Circle 2,5070,155.0,273.6,338.4,1,0,25997f99-5048-4ea0-8351-8a9a263f59ac,179296,7278a33e-e104-40c4-b559-0bb20c0015f6
lower_tier,dress_circle,K,20,Dress Circle 2,5070,155.0,245.75,343.95,1,0,25997f99-5048-4ea0-8351-8a9a263f59ac,179295,203ec8f4-e116-441d-8ff3-9c61f1629f92
lower_tier,dress_circle,K,22,Dress Circle 2,5070,155.0,217.85,347.8,1,0,25997f99-5048-4ea0-8351-8a9a263f59ac,179294,9dad4a8d-53de-47b1-913c-2dccb209f718
lower_tier,dress_circle,K,24,Dress Circle 2,5070,155.0,190.0,350.55,1,0,25997f99-5048-4ea0-8351-8a9a263f59ac,179293,c0bc73de-6e81-411e-8094-bda8f69efe86
lower_tier,dress_circle,K,26,Dress Circle 2,5070,155.0,162.1,352.35,1,0,25997f99-5048-4ea0-8351-8a9a263f59ac,179292,94a91f5d-4457-47f3-9d9c-9a3fd2240acb
lower_tier,dress_circle,K,28,Dress Circle 2,5070,155.0,134.2,353.2,1,0,25997f99-5048-4ea0-8351-8a9a263f59ac,179291,8cbf7894-dc57-420a-b767-6d7da172146e
lower_tier,dress_circle,L,2,Dress Cir Accessible (Bal3),5079,37.0,372.72,261.43,22,0,25997f99-5048-4ea0-8351-8a9a263f59ac,179220,d1859ce0-45d5-452a-8a56-78e820d142fd
lower_tier,dress_circle,L,4,Dress Cir Accessible (Bal3),5079,37.0,343.3,271.9,20,0,25997f99-5048-4ea0-8351-8a9a263f59ac,179219,efed15e6-81ff-4c1e-a0f8-61dc05c8e28e
lower_tier,dress_circle,L,6,Dress Cir Accessible (Bal3),5079,37.0,312.81,280.47,18,0,25997f99-5048-4ea0-8351-8a9a263f59ac,179218,50523929-b7b9-47aa-ac8c-06965c356d0a
lower_tier,dress_circle,L,8,Dress Cir Accessible (Bal3),5079,37.0,283.54,288.49,13,0,25997f99-5048-4ea0-8351-8a9a263f59ac,179217,357899a4-ed6c-4b19-b446-c0d0cf969428
lower_tier,dress_circle,L,10,Dress Cir Accessible (Bal3),5079,37.0,254.35,295.66,15,0,25997f99-5048-4ea0-8351-8a9a263f59ac,179216,f78578a8-bb73-454d-91ba-475a285a8ad1
lower_tier,dress_circle,L,12,Dress Cir Accessible (Bal3),5079,37.0,225.94,300.6,8,0,25997f99-5048-4ea0-8351-8a9a263f59ac,179215,07446d98-966c-49d7-916b-876aa59385c4
lower_tier,dress_circle,L,14,Dress Cir Accessible (Bal3),5079,37.0,195.51,304.86,18,0,25997f99-5048-4ea0-8351-8a9a263f59ac,179214,85a667b6-0507-4dce-a426-c6ecf9baa914
lower_tier,dress_circle,L,16,Dress Cir Accessible (Bal3),5079,37.0,165.33,307.8,18,0,25997f99-5048-4ea0-8351-8a9a263f59ac,179213,05c45f3b-778f-4114-bbbf-11b5ef115d61
lower_tier,dress_circle,L,18,Dress Cir Accessible (Bal3),5079,37.0,134.42,308.08,18,0,25997f99-5048-4ea0-8351-8a9a263f59ac,179212,7dbe2866-4795-408c-ab3a-178ecac9f3ad
upper_tier,balcony_circle,AA,105,Balcony Circle 1,5071,132.0,1006.79,902.37,1,0,7da472c6-46f6-40b0-a406-a806b1a05845,181567,35889b28-f8ff-4c1f-8492-b628d831bd6b
upper_tier,balcony_circle,AA,101,Balcony Circle 1,5071,132.0,1113.17,915.69,1,0,7da472c6-46f6-40b0-a406-a806b1a05845,181571,dd82ccdf-b44a-4252-bc50-825611fefa93
upper_tier,balcony_circle,AA,102,Balcony Circle 1,5071,132.0,1086.57,911.09,1,0,7da472c6-46f6-40b0-a406-a806b1a05845,181570,5acf2c8c-bb11-4039-9ad3-1b4af74a8b72
upper_tier,balcony_circle,AA,103,Balcony Circle 1,5071,132.0,1059.97,908.23,1,0,7da472c6-46f6-40b0-a406-a806b1a05845,181569,9aea45a9-cf30-4edb-bf32-9e38747ac998
upper_tier,balcony_circle,AA,104,Balcony Circle 1,5071,132.0,1033.36,904.32,1,0,7da472c6-46f6-40b0-a406-a806b1a05845,181568,e11a529d-18f7-4a73-9d12-c10cf212a123
upper_tier,balcony_circle,AA,106,Balcony Circle 1,5071,132.0,980.16,901.28,1,0,7da472c6-46f6-40b0-a406-a806b1a05845,181566,81b209cb-5919-46bb-b414-bfe7d2627300
upper_tier,balcony_circle,AA,107,Balcony Circle 1,5071,132.0,953.56,900.12,1,0,7da472c6-46f6-40b0-a406-a806b1a05845,181565,9efb136d-1bd9-41b3-a6cd-56bcc40898c2
upper_tier,balcony_circle,AA,108,Balcony Circle 1,5071,132.0,926.96,899.79,1,0,7da472c6-46f6-40b0-a406-a806b1a05845,181564,ac83482c-0ed1-44ee-955d-b424ffaa73a8
upper_tier,balcony_circle,AA,109,Balcony Circle 1,5071,132.0,900.35,900.29,1,0,7da472c6-46f6-40b0-a406-a806b1a05845,181563,8b687ab4-54c3-43f9-b28d-2395606c7705
upper_tier,balcony_circle,AA,110,Balcony Circle 1,5071,132.0,873.76,901.64,1,0,7da472c6-46f6-40b0-a406-a806b1a05845,181562,8d5ad944-522a-461b-b07c-6ff4d92d9463
upper_tier,balcony_circle,AA,111,Balcony Circle 1,5071,132.0,847.15,904.81,1,0,7da472c6-46f6-40b0-a406-a806b1a05845,181561,ae3d4b8b-30eb-445a-a0fb-4508fdb0b8e0
upper_tier,balcony_circle,AA,112,Balcony Circle 1,5071,132.0,820.55,907.83,1,0,7da472c6-46f6-40b0-a406-a806b1a05845,181560,fe972447-2d50-4248-8dbb-ce5cbf22d00c
upper_tier,balcony_circle,AA,113,Balcony Circle 1,5071,132.0,793.95,910.7,1,0,7da472c6-46f6-40b0-a406-a806b1a05845,181559,b8692c36-c582-467b-bba9-700b341fddfa
upper_tier,balcony_circle,AA,114,Balcony Circle 1,5071,132.0,767.35,915.55,1,0,7da472c6-46f6-40b0-a406-a806b1a05845,181558,3150a80a-eb32-47fc-b2f0-197db06dbebb
upper_tier,balcony_circle,BB,101,Balcony Circle 1,5071,132.0,1113.53,868.27,1,0,7da472c6-46f6-40b0-a406-a806b1a05845,181491,45cb31fb-e775-413b-8b30-a51b47ca7186
upper_tier,balcony_circle,BB,102,Balcony Circle 1,5071,132.0,1084.64,864.3,1,0,7da472c6-46f6-40b0-a406-a806b1a05845,181490,37f2a7d4-c22f-4aa6-959c-33f9f492347d
upper_tier,balcony_circle,BB,103,Balcony Circle 1,5071,132.0,1055.74,860.43,1,0,7da472c6-46f6-40b0-a406-a806b1a05845,181489,de022e88-cda9-457e-a8b8-948dd862cabb
upper_tier,balcony_circle,BB,104,Balcony Circle 1,5071,132.0,1026.85,857.52,1,0,7da472c6-46f6-40b0-a406-a806b1a05845,181488,26a3938c-fff6-4ef0-82f9-de29c7643de8
upper_tier,balcony_circle,BB,105,Balcony Circle 1,5071,132.0,997.95,855.57,1,0,7da472c6-46f6-40b0-a406-a806b1a05845,181487,b72cb332-7c22-41fc-ac82-1a06065a8831
upper_tier,balcony_circle,BB,106,Balcony Circle 1,5071,132.0,969.06,854.48,1,0,7da472c6-46f6-40b0-a406-a806b1a05845,181486,d524892f-ae33-4c65-81b2-2e4b0804a757
upper_tier,balcony_circle,BB,107,Balcony Circle 1,5071,132.0,940.16,854.33,1,0,7da472c6-46f6-40b0-a406-a806b1a05845,181485,235a38b8-8b1b-4ee3-881e-5ea7d3a1e8dd
upper_tier,balcony_circle,BB,108,Balcony Circle 1,5071,132.0,911.27,853.99,1,0,7da472c6-46f6-40b0-a406-a806b1a05845,181484,1f4de392-c04d-41f8-abb4-e8e301e0ade3
upper_tier,balcony_circle,BB,109,Balcony Circle 1,5071,132.0,882.38,855.49,1,0,7da472c6-46f6-40b0-a406-a806b1a05845,181483,08678836-4ff9-4a70-8928-9effccfa23bf
upper_tier,balcony_circle,BB,110,Balcony Circle 1,5071,132.0,853.48,857.84,1,0,7da472c6-46f6-40b0-a406-a806b1a05845,181482,1f62198b-3206-45a2-af27-23979106dcf0
upper_tier,balcony_circle,BB,111,Balcony Circle 1,5071,132.0,824.59,861.01,1,0,7da472c6-46f6-40b0-a406-a806b1a05845,181481,a89a7797-d196-44cf-99cc-3fa598035712
upper_tier,balcony_circle,BB,112,Balcony Circle 1,5071,132.0,795.69,865.03,1,0,7da472c6-46f6-40b0-a406-a806b1a05845,181480,41f6f9e6-e790-4bf4-a736-d925137d30b6
upper_tier,balcony_circle,BB,113,Balcony Circle 1,5071,132.0,766.79,870.11,1,0,7da472c6-46f6-40b0-a406-a806b1a05845,181479,74f9fb3d-b9c2-4a25-8e4f-d024e9698daf
upper_tier,balcony_circle,CC,101,Balcony Circle 1,5071,132.0,1113.29,822.98,1,0,7da472c6-46f6-40b0-a406-a806b1a05845,181411,29812eb2-9d11-457f-bf1b-5539310a0cac
upper_tier,balcony_circle,CC,102,Balcony Circle 1,5071,132.0,1086.6,819.58,1,0,7da472c6-46f6-40b0-a406-a806b1a05845,181410,4dc02ecd-1a98-47bb-94dd-181b490d54ad
upper_tier,balcony_circle,CC,103,Balcony Circle 1,5071,132.0,1059.91,816.71,1,0,7da472c6-46f6-40b0-a406-a806b1a05845,181409,396ecc98-6689-4704-b9b2-f5da10a6ec67
upper_tier,balcony_circle,CC,104,Balcony Circle 1,5071,132.0,1033.22,813.8,1,0,7da472c6-46f6-40b0-a406-a806b1a05845,181408,534640d1-9731-476b-b6b1-2bf39319c0cc
upper_tier,balcony_circle,CC,105,Balcony Circle 1,5071,132.0,1006.54,810.85,1,0,7da472c6-46f6-40b0-a406-a806b1a05845,181407,7a612b38-e5f5-41c1-806b-16a0b754d700
upper_tier,balcony_circle,CC,106,Balcony Circle 1,5071,132.0,979.85,808.76,1,0,7da472c6-46f6-40b0-a406-a806b1a05845,181406,dccc45e8-9442-47eb-a450-52d87693a489
upper_tier,balcony_circle,CC,107,Balcony Circle 1,5071,132.0,953.16,808.61,1,0,7da472c6-46f6-40b0-a406-a806b1a05845,181405,aeaf6201-8d42-4c1a-bfcc-9ef8d781b65b
upper_tier,balcony_circle,CC,108,Balcony Circle 1,5071,132.0,926.48,808.27,1,0,7da472c6-46f6-40b0-a406-a806b1a05845,181404,e4daf7b1-adbb-48be-b7b8-97e9318a2048
upper_tier,balcony_circle,CC,109,Balcony Circle 1,5071,132.0,899.78,808.78,1,0,7da472c6-46f6-40b0-a406-a806b1a05845,181403,a762fa81-b68d-46e7-b7ff-5120ca52294b
upper_tier,balcony_circle,CC,110,Balcony Circle 1,5071,132.0,873.1,811.13,1,0,7da472c6-46f6-40b0-a406-a806b1a05845,181402,f0e6535d-8446-41ce-a6b0-e137732cea72
upper_tier,balcony_circle,CC,111,Balcony Circle 1,5071,132.0,846.41,813.29,1,0,7da472c6-46f6-40b0-a406-a806b1a05845,181401,f2d7a395-2d7c-4f65-b5ed-a42a711ca61e
upper_tier,balcony_circle,CC,112,Balcony Circle 1,5071,132.0,819.72,816.31,1,0,7da472c6-46f6-40b0-a406-a806b1a05845,181400,b82acf3c-1b31-466d-9b83-0ef2007d82cd
upper_tier,balcony_circle,CC,113,Balcony Circle 1,5071,132.0,793.03,820.19,1,0,7da472c6-46f6-40b0-a406-a806b1a05845,181399,8d886884-4054-4976-9bba-a8e732073cce
upper_tier,balcony_circle,CC,114,Balcony Circle 1,5071,132.0,766.35,824.05,1,0,7da472c6-46f6-40b0-a406-a806b1a05845,181398,0499f857-7dd9-4a7a-8f59-26143a5b2e12
upper_tier,balcony_circle,DD,101,Balcony Circle 1,5071,132.0,1113.47,776.56,1,0,7da472c6-46f6-40b0-a406-a806b1a05845,181331,eb647c23-dd34-41e8-b09b-63f7a4b024bb
upper_tier,balcony_circle,DD,102,Balcony Circle 1,5071,132.0,1084.54,771.74,1,0,7da472c6-46f6-40b0-a406-a806b1a05845,181330,a3c10ee2-8948-4d52-8c25-d55300f63f95
upper_tier,balcony_circle,DD,103,Balcony Circle 1,5071,132.0,1055.72,768.88,1,0,7da472c6-46f6-40b0-a406-a806b1a05845,181329,053e1593-9bc8-4d72-9efb-b5ea2ee255d4
upper_tier,balcony_circle,DD,104,Balcony Circle 1,5071,132.0,1026.84,765.97,1,0,7da472c6-46f6-40b0-a406-a806b1a05845,181328,446dabb2-c714-4021-922c-303d215fbb05
upper_tier,balcony_circle,DD,105,Balcony Circle 1,5071,132.0,997.97,764.01,1,0,7da472c6-46f6-40b0-a406-a806b1a05845,181327,6b219dc7-387c-4d0d-b2b2-eeedae5e8aac
upper_tier,balcony_circle,DD,106,Balcony Circle 1,5071,132.0,969.09,762.92,1,0,7da472c6-46f6-40b0-a406-a806b1a05845,181326,65581cdc-ca08-476e-8c01-5ca71a4bf2e4
upper_tier,balcony_circle,DD,107,Balcony Circle 1,5071,132.0,940.22,762.77,1,0,7da472c6-46f6-40b0-a406-a806b1a05845,181325,8e4ccaa6-a88e-4db4-a43d-daa57c1fd9fd
upper_tier,balcony_circle,DD,108,Balcony Circle 1,5071,132.0,911.35,763.44,1,0,7da472c6-46f6-40b0-a406-a806b1a05845,181324,a269231b-ba74-4110-bb1f-3e80ce7d9596
upper_tier,balcony_circle,DD,109,Balcony Circle 1,5071,132.0,882.47,764.94,1,0,7da472c6-46f6-40b0-a406-a806b1a05845,181323,01d88386-4a40-4c02-863a-22ce1be57a97
upper_tier,balcony_circle,DD,110,Balcony Circle 1,5071,132.0,853.6,766.29,1,0,7da472c6-46f6-40b0-a406-a806b1a05845,181322,450be576-af38-4518-81d5-9c19cdb0346e
upper_tier,balcony_circle,DD,111,Balcony Circle 1,5071,132.0,824.72,769.46,1,0,7da472c6-46f6-40b0-a406-a806b1a05845,181321,a63b2a2b-d8fa-493a-ad4b-3a69b8cc56bb
upper_tier,balcony_circle,DD,112,Balcony Circle 1,5071,132.0,795.85,773.47,1,0,7da472c6-46f6-40b0-a406-a806b1a05845,181320,aac4d95c-7df1-429e-b5d8-55b94285a877
upper_tier,balcony_circle,DD,113,Balcony Circle 1,5071,132.0,766.97,777.96,1,0,7da472c6-46f6-40b0-a406-a806b1a05845,181319,3b2b234f-b0cd-4e9a-9162-787d9b055d89
upper_tier,balcony_circle,EE,101,Balcony Circle 1,5071,132.0,1113.53,730.17,1,0,7da472c6-46f6-40b0-a406-a806b1a05845,181251,b249b228-c4f1-420a-ab43-b9f945775069
upper_tier,balcony_circle,EE,102,Balcony Circle 1,5071,132.0,1086.9,726.41,1,0,7da472c6-46f6-40b0-a406-a806b1a05845,181250,9323cf60-7647-4b1f-bcf5-dc43e38d7b2a
upper_tier,balcony_circle,EE,103,Balcony Circle 1,5071,132.0,1060.27,722.56,1,0,7da472c6-46f6-40b0-a406-a806b1a05845,181249,570cf93f-3b8e-484c-a6b8-f5236d03c15d
upper_tier,balcony_circle,EE,104,Balcony Circle 1,5071,132.0,1033.64,720.64,1,0,7da472c6-46f6-40b0-a406-a806b1a05845,181248,d0745e65-7fae-4b6c-981d-2e918b3ab411
upper_tier,balcony_circle,EE,105,Balcony Circle 1,5071,132.0,1007.01,718.69,1,0,7da472c6-46f6-40b0-a406-a806b1a05845,181247,f486af4d-dd83-4155-8f3b-b5a500ebedb0
upper_tier,balcony_circle,EE,106,Balcony Circle 1,5071,132.0,980.38,717.6,1,0,7da472c6-46f6-40b0-a406-a806b1a05845,181246,369a893a-fc39-426d-9a6d-244b51903ebb
upper_tier,balcony_circle,EE,107,Balcony Circle 1,5071,132.0,953.75,716.45,1,0,7da472c6-46f6-40b0-a406-a806b1a05845,181245,7a11088e-1313-4458-b5b3-9c808b964b61
upper_tier,balcony_circle,EE,108,Balcony Circle 1,5071,132.0,927.13,716.12,1,0,7da472c6-46f6-40b0-a406-a806b1a05845,181244,7913eb33-5598-4d1c-8ee6-53d4b702d974
upper_tier,balcony_circle,EE,109,Balcony Circle 1,5071,132.0,900.5,716.62,1,0,7da472c6-46f6-40b0-a406-a806b1a05845,181243,621ccca8-8235-491b-b729-ae8faa6b6109
upper_tier,balcony_circle,EE,110,Balcony Circle 1,5071,132.0,873.87,717.97,1,0,7da472c6-46f6-40b0-a406-a806b1a05845,181242,b8fa3aad-72f4-428c-ac84-ed2dd4aa60e6
upper_tier,balcony_circle,EE,111,Balcony Circle 1,5071,132.0,847.24,721.13,1,0,7da472c6-46f6-40b0-a406-a806b1a05845,181241,09b9493f-4509-43b7-84ae-2619eeea5c03
upper_tier,balcony_circle,EE,112,Balcony Circle 1,5071,132.0,820.61,724.15,1,0,7da472c6-46f6-40b0-a406-a806b1a05845,181240,5fc28096-1781-40bc-a28d-e5c372816a74
upper_tier,balcony_circle,EE,113,Balcony Circle 1,5071,132.0,793.98,728.03,1,0,7da472c6-46f6-40b0-a406-a806b1a05845,181239,15607a45-a4dd-4f5e-8d87-40a765a4880a
upper_tier,balcony_circle,EE,114,Balcony Circle 1,5071,132.0,767.35,731.89,1,0,7da472c6-46f6-40b0-a406-a806b1a05845,181238,d473e344-8532-46da-b0d0-18b8135eb97e
upper_tier,balcony_circle,AA,1,Balcony Circle 1,5071,132.0,1165.12,924.63,1,0,dccbde4b-88a4-4a7c-8ca6-8d73a2e81929,181575,4afc294d-53e4-4e30-92b8-701aefbfbc6d
upper_tier,balcony_circle,AA,3,Balcony Circle 1,5071,132.0,1191.98,930.95,1,0,dccbde4b-88a4-4a7c-8ca6-8d73a2e81929,181576,c95c6c89-4243-4fea-ae5d-e513d970d27e
upper_tier,balcony_circle,AA,5,Balcony Circle 1,5071,132.0,1218.84,937.26,1,0,dccbde4b-88a4-4a7c-8ca6-8d73a2e81929,181577,1ecda873-dd9f-4fa6-9244-0f8fa76d4437
upper_tier,balcony_circle,AA,7,Balcony Circle 1,5071,132.0,1245.71,944.31,1,0,dccbde4b-88a4-4a7c-8ca6-8d73a2e81929,181578,0bff69ba-33a0-435b-9d43-f3d8fb26f0f0
upper_tier,balcony_circle,AA,9,Balcony Circle 1,5071,132.0,1272.57,952.93,1,0,dccbde4b-88a4-4a7c-8ca6-8d73a2e81929,181579,3912966e-3b3e-429c-b799-397cd4d95e36
upper_tier,balcony_circle,AA,11,Balcony Circle 1,5071,132.0,1299.43,961.0,1,0,dccbde4b-88a4-4a7c-8ca6-8d73a2e81929,181580,876661a8-ddae-41bd-8e1b-05128e42fbfb
upper_tier,balcony_circle,AA,13,Balcony Circle 1,5071,132.0,1326.3,970.46,1,0,dccbde4b-88a4-4a7c-8ca6-8d73a2e81929,181581,f8cad65c-bca7-4c04-ab02-4ba0c90caf87
upper_tier,balcony_circle,AA,15,Balcony Circle 1,5071,132.0,1353.16,981.24,1,0,dccbde4b-88a4-4a7c-8ca6-8d73a2e81929,181582,9630c11e-f04e-4375-a4e6-d70440d9c392
upper_tier,balcony_circle,AA,17,Balcony Circle 1,5071,132.0,1380.03,991.31,1,0,dccbde4b-88a4-4a7c-8ca6-8d73a2e81929,181583,35f3e8e7-5480-49f1-ad0d-714a4d3a78c6
upper_tier,balcony_circle,AA,19,Balcony Circle 1,5071,132.0,1406.88,1002.65,1,0,dccbde4b-88a4-4a7c-8ca6-8d73a2e81929,181584,dcc5050e-ba4f-4725-93b9-5be5ada0282e
upper_tier,balcony_circle,AA,21,Balcony Circle 1,5071,132.0,1433.75,1012.23,1,0,dccbde4b-88a4-4a7c-8ca6-8d73a2e81929,181585,23b1aa7f-8714-4424-bf8a-a02e2bea7111
upper_tier,balcony_circle,AA,23,Balcony Circle 1,5071,132.0,1460.61,1023.28,1,0,dccbde4b-88a4-4a7c-8ca6-8d73a2e81929,181586,3c6353c6-cd5c-4794-b09c-0f4940aa4bad
upper_tier,balcony_circle,BB,1,Balcony Circle 1,5071,132.0,1165.0,878.46,1,0,dccbde4b-88a4-4a7c-8ca6-8d73a2e81929,181495,3722dc02-e183-4d17-a84c-2838138c7f30
upper_tier,balcony_circle,BB,3,Balcony Circle 1,5071,132.0,1192.28,883.77,1,0,dccbde4b-88a4-4a7c-8ca6-8d73a2e81929,181496,bf4b4af9-2747-4c80-950b-da650e84c129
upper_tier,balcony_circle,BB,5,Balcony Circle 1,5071,132.0,1219.56,891.08,1,0,dccbde4b-88a4-4a7c-8ca6-8d73a2e81929,181497,4e433899-39ea-478f-9e58-dcdb4017ef70
upper_tier,balcony_circle,BB,7,Balcony Circle 1,5071,132.0,1246.84,899.13,1,0,dccbde4b-88a4-4a7c-8ca6-8d73a2e81929,181498,f632d94e-391f-4624-955c-9fcd0ce5c98e
upper_tier,balcony_circle,BB,9,Balcony Circle 1,5071,132.0,1274.12,906.75,1,0,dccbde4b-88a4-4a7c-8ca6-8d73a2e81929,181499,c57abdb4-3f30-47e4-bea8-d82325e53737
upper_tier,balcony_circle,BB,11,Balcony Circle 1,5071,132.0,1301.4,915.82,1,0,dccbde4b-88a4-4a7c-8ca6-8d73a2e81929,181500,7088de4f-2646-47d0-a54b-6772f570e827
upper_tier,balcony_circle,BB,13,Balcony Circle 1,5071,132.0,1328.68,926.28,1,0,dccbde4b-88a4-4a7c-8ca6-8d73a2e81929,181501,226dc19b-00c5-49f1-8860-80a39489b875
upper_tier,balcony_circle,BB,15,Balcony Circle 1,5071,132.0,1355.96,937.07,1,0,dccbde4b-88a4-4a7c-8ca6-8d73a2e81929,181502,117c6362-59a3-42ff-ba2c-1f7adfb96805
upper_tier,balcony_circle,BB,17,Balcony Circle 1,5071,132.0,1383.24,947.14,1,0,dccbde4b-88a4-4a7c-8ca6-8d73a2e81929,181503,bb85d6f5-351c-4cf7-bb2f-05d380685d6d
upper_tier,balcony_circle,BB,19,Balcony Circle 1,5071,132.0,1410.52,958.48,1,0,dccbde4b-88a4-4a7c-8ca6-8d73a2e81929,181504,a27c9bf0-0f7f-48b3-800e-a24aa0cb7afd
upper_tier,balcony_circle,BB,21,Balcony Circle 1,5071,132.0,1437.8,969.06,1,0,dccbde4b-88a4-4a7c-8ca6-8d73a2e81929,181505,2541dc0c-c4b6-41a8-9cbf-fb56aba46288
upper_tier,balcony_circle,BB,23,Balcony Circle 1,5071,132.0,1465.07,978.91,1,0,dccbde4b-88a4-4a7c-8ca6-8d73a2e81929,181506,b1977ddb-559c-4331-8dc8-c6811a743183
upper_tier,balcony_circle,CC,1,Balcony Circle 1,5071,132.0,1165.0,832.42,1,0,dccbde4b-88a4-4a7c-8ca6-8d73a2e81929,181415,ea0dae9a-fce0-4c3c-909b-ac321cef2fac
upper_tier,balcony_circle,CC,3,Balcony Circle 1,5071,132.0,1192.63,838.73,1,0,dccbde4b-88a4-4a7c-8ca6-8d73a2e81929,181416,bed3f0f8-746f-4220-af5c-31d00c8df4b9
upper_tier,balcony_circle,CC,5,Balcony Circle 1,5071,132.0,1220.26,845.05,1,0,dccbde4b-88a4-4a7c-8ca6-8d73a2e81929,181417,d819fe55-eaa7-4401-a2fd-d7fa117b2ed4
upper_tier,balcony_circle,CC,7,Balcony Circle 1,5071,132.0,1247.88,853.1,1,0,dccbde4b-88a4-4a7c-8ca6-8d73a2e81929,181418,ca7c1215-8738-4666-8c8a-42f208e8ce9a
upper_tier,balcony_circle,CC,9,Balcony Circle 1,5071,132.0,1275.51,861.71,1,0,dccbde4b-88a4-4a7c-8ca6-8d73a2e81929,181419,5d51e14e-a1c1-474a-90d3-b3da37a45f96
upper_tier,balcony_circle,CC,11,Balcony Circle 1,5071,132.0,1303.14,870.79,1,0,dccbde4b-88a4-4a7c-8ca6-8d73a2e81929,181420,bc856bd0-3644-42ac-86f9-77a3e4652aa0
upper_tier,balcony_circle,CC,13,Balcony Circle 1,5071,132.0,1330.77,880.25,1,0,dccbde4b-88a4-4a7c-8ca6-8d73a2e81929,181421,f1338558-cf27-4a07-933e-122b19f975be
upper_tier,balcony_circle,CC,15,Balcony Circle 1,5071,132.0,1358.39,891.03,1,0,dccbde4b-88a4-4a7c-8ca6-8d73a2e81929,181422,57809b57-1de7-4e98-b8c9-5c224be239ea
upper_tier,balcony_circle,CC,17,Balcony Circle 1,5071,132.0,1386.02,902.1,1,0,dccbde4b-88a4-4a7c-8ca6-8d73a2e81929,181423,61627f03-9fa4-44a1-a322-37912f2dd936
upper_tier,balcony_circle,CC,19,Balcony Circle 1,5071,132.0,1413.64,913.44,1,0,dccbde4b-88a4-4a7c-8ca6-8d73a2e81929,181424,c2be9198-b758-4ef0-9891-28e5ba1a9d04
upper_tier,balcony_circle,CC,21,Balcony Circle 1,5071,132.0,1441.27,924.02,1,0,dccbde4b-88a4-4a7c-8ca6-8d73a2e81929,181425,cba05a74-baa0-4a9c-8aef-e70e286c7791
upper_tier,balcony_circle,CC,23,Balcony Circle 1,5071,132.0,1468.89,933.87,1,0,dccbde4b-88a4-4a7c-8ca6-8d73a2e81929,181426,4b1a62f2-5477-4c39-a864-45e473d91152
upper_tier,balcony_circle,DD,1,Balcony Circle 1,5071,132.0,1165.37,786.27,1,0,dccbde4b-88a4-4a7c-8ca6-8d73a2e81929,181335,cc31e4ac-4479-4ecb-aa54-74a6f3b1f6b0
upper_tier,balcony_circle,DD,3,Balcony Circle 1,5071,132.0,1193.32,792.58,1,0,dccbde4b-88a4-4a7c-8ca6-8d73a2e81929,181336,33cf55c1-7d73-4ff7-8fdb-0391890fda23
upper_tier,balcony_circle,DD,5,Balcony Circle 1,5071,132.0,1221.28,799.89,1,0,dccbde4b-88a4-4a7c-8ca6-8d73a2e81929,181337,7a55e1fc-e4bf-4a67-a26e-100a95a6a84e
upper_tier,balcony_circle,DD,7,Balcony Circle 1,5071,132.0,1249.24,807.95,1,0,dccbde4b-88a4-4a7c-8ca6-8d73a2e81929,181338,c1ef4f0d-7437-4dd5-a898-1687e11486d6
upper_tier,balcony_circle,DD,9,Balcony Circle 1,5071,132.0,1277.2,816.56,1,0,dccbde4b-88a4-4a7c-8ca6-8d73a2e81929,181339,f4566114-9041-4c36-93db-6798698da7e9
upper_tier,balcony_circle,DD,11,Balcony Circle 1,5071,132.0,1305.15,825.64,1,0,dccbde4b-88a4-4a7c-8ca6-8d73a2e81929,181340,b0a346f9-b860-4904-8b92-4f2a4ef997c1
upper_tier,balcony_circle,DD,13,Balcony Circle 1,5071,132.0,1333.11,835.09,1,0,dccbde4b-88a4-4a7c-8ca6-8d73a2e81929,181341,e25998f4-3fe9-48f7-930b-6fe351c4343f
upper_tier,balcony_circle,DD,15,Balcony Circle 1,5071,132.0,1361.07,845.88,1,0,dccbde4b-88a4-4a7c-8ca6-8d73a2e81929,181342,4105185d-b601-47d5-8b92-45ea7e912126
upper_tier,balcony_circle,DD,17,Balcony Circle 1,5071,132.0,1389.03,857.95,1,0,dccbde4b-88a4-4a7c-8ca6-8d73a2e81929,181343,461a65ab-ef66-4ab8-8a36-2651dc49e718
upper_tier,balcony_circle,DD,19,Balcony Circle 1,5071,132.0,1416.99,869.28,1,0,dccbde4b-88a4-4a7c-8ca6-8d73a2e81929,181344,820911c0-7172-43e6-8e2e-8c7873260fdc
upper_tier,balcony_circle,DD,21,Balcony Circle 1,5071,132.0,1444.94,879.87,1,0,dccbde4b-88a4-4a7c-8ca6-8d73a2e81929,181345,3aa4abb0-28d9-450a-ad70-dee49893c901
upper_tier,balcony_circle,DD,23,Balcony Circle 1,5071,132.0,1472.9,889.85,1,0,dccbde4b-88a4-4a7c-8ca6-8d73a2e81929,181346,698c1a6a-14fe-484b-b699-8dea29ed6635
upper_tier,balcony_circle,EE,1,Balcony Circle 1,5071,132.0,1165.05,740.04,1,0,dccbde4b-88a4-4a7c-8ca6-8d73a2e81929,181255,551dacde-fbeb-42b1-99c6-ad79b1a2518a
upper_tier,balcony_circle,EE,3,Balcony Circle 1,5071,132.0,1193.41,747.19,1,0,dccbde4b-88a4-4a7c-8ca6-8d73a2e81929,181256,4502d5db-79eb-4081-88d7-84fed7369184
upper_tier,balcony_circle,EE,5,Balcony Circle 1,5071,132.0,1221.77,754.35,1,0,dccbde4b-88a4-4a7c-8ca6-8d73a2e81929,181257,293a99ef-b675-4593-9d42-36b0f0736fae
upper_tier,balcony_circle,EE,7,Balcony Circle 1,5071,132.0,1250.14,762.24,1,0,dccbde4b-88a4-4a7c-8ca6-8d73a2e81929,181258,42594e48-e51b-4ac6-8d58-a3b90d28def2
upper_tier,balcony_circle,EE,9,Balcony Circle 1,5071,132.0,1278.5,770.7,1,0,dccbde4b-88a4-4a7c-8ca6-8d73a2e81929,181259,fe9b2158-4ef1-4ecc-b42d-196c88b5806b
upper_tier,balcony_circle,EE,11,Balcony Circle 1,5071,132.0,1306.86,779.62,1,0,dccbde4b-88a4-4a7c-8ca6-8d73a2e81929,181260,2a80bec7-9015-4d2c-8ce3-4768badfc9ef
upper_tier,balcony_circle,EE,13,Balcony Circle 1,5071,132.0,1335.22,789.92,1,0,dccbde4b-88a4-4a7c-8ca6-8d73a2e81929,181261,90f243a5-8f91-4f74-ae74-347c5b1d6aa4
upper_tier,balcony_circle,EE,15,Balcony Circle 1,5071,132.0,1363.58,800.55,1,0,dccbde4b-88a4-4a7c-8ca6-8d73a2e81929,181262,5ce1c061-a3cf-4fea-a332-4bdc6e616743
upper_tier,balcony_circle,EE,17,Balcony Circle 1,5071,132.0,1391.94,812.47,1,0,dccbde4b-88a4-4a7c-8ca6-8d73a2e81929,181263,7d4106c6-24e0-4173-bbd5-87996f9ee545
upper_tier,balcony_circle,EE,19,Balcony Circle 1,5071,132.0,1420.3,823.65,1,0,dccbde4b-88a4-4a7c-8ca6-8d73a2e81929,181264,92f668b3-6576-4dc2-861a-078cf2a2dd7a
upper_tier,balcony_circle,EE,21,Balcony Circle 1,5071,132.0,1448.66,834.08,1,0,dccbde4b-88a4-4a7c-8ca6-8d73a2e81929,181265,253d9e07-3417-4840-8886-83a010501fbc
upper_tier,balcony_circle,EE,23,Balcony Circle 1,5071,132.0,1477.02,843.77,1,0,dccbde4b-88a4-4a7c-8ca6-8d73a2e81929,181266,c502b3b5-788f-4960-b5cb-4325c5d0a857
upper_tier,balcony_circle,AA,2,Balcony Circle 1,5071,132.0,715.23,925.64,1,0,a964decb-629a-4fb0-bb60-c63377fe97f0,181554,b53da219-6187-4d97-ae9b-9e90f3f6b138
upper_tier,balcony_circle,AA,4,Balcony Circle 1,5071,132.0,688.36,931.94,1,0,a964decb-629a-4fb0-bb60-c63377fe97f0,181553,6e0eccb1-9f09-46bf-8173-cb5d0a9a3f1f
upper_tier,balcony_circle,AA,6,Balcony Circle 1,5071,132.0,661.5,938.26,1,0,a964decb-629a-4fb0-bb60-c63377fe97f0,181552,8596e244-5223-4e96-aeea-cf015a716fd4
upper_tier,balcony_circle,AA,8,Balcony Circle 1,5071,132.0,634.63,945.31,1,0,a964decb-629a-4fb0-bb60-c63377fe97f0,181551,9c401697-357d-4a45-b160-1c83f55de444
upper_tier,balcony_circle,AA,10,Balcony Circle 1,5071,132.0,607.77,953.93,1,0,a964decb-629a-4fb0-bb60-c63377fe97f0,181550,cba4cc18-c578-4631-bfc0-6ddb3923b61c
upper_tier,balcony_circle,AA,12,Balcony Circle 1,5071,132.0,580.91,962.0,1,0,a964decb-629a-4fb0-bb60-c63377fe97f0,181549,4e01e95a-96c5-4150-b1b9-2a252b7953ad
upper_tier,balcony_circle,AA,14,Balcony Circle 1,5071,132.0,554.05,971.46,1,0,a964decb-629a-4fb0-bb60-c63377fe97f0,181548,31812760-355e-4ce9-a9d4-a67ac7321ac6
upper_tier,balcony_circle,AA,16,Balcony Circle 1,5071,132.0,527.18,982.24,1,0,a964decb-629a-4fb0-bb60-c63377fe97f0,181547,bb737b60-7526-45bd-8e30-886ca1b357c6
upper_tier,balcony_circle,AA,18,Balcony Circle 1,5071,132.0,500.33,992.32,1,0,a964decb-629a-4fb0-bb60-c63377fe97f0,181546,28796ebf-a14e-428a-87bd-182b45392313
upper_tier,balcony_circle,AA,20,Balcony Circle 1,5071,132.0,473.46,1003.65,1,0,a964decb-629a-4fb0-bb60-c63377fe97f0,181545,339d2072-08a9-4ede-aefe-c7b0fc74ff03
upper_tier,balcony_circle,AA,22,Balcony Circle 1,5071,132.0,446.6,1013.23,1,0,a964decb-629a-4fb0-bb60-c63377fe97f0,181544,b63b721e-9d55-42a1-a560-8b5b5a99675d
upper_tier,balcony_circle,AA,24,Balcony Circle 1,5071,132.0,419.74,1024.29,1,0,a964decb-629a-4fb0-bb60-c63377fe97f0,181543,b1455f70-3d29-4fbf-b59e-e76f6f72d5ad
upper_tier,balcony_circle,BB,2,Balcony Circle 1,5071,132.0,715.34,879.46,1,0,a964decb-629a-4fb0-bb60-c63377fe97f0,181474,c44a3e46-3281-4d35-878e-2b07615f6c25
upper_tier,balcony_circle,BB,4,Balcony Circle 1,5071,132.0,688.06,884.77,1,0,a964decb-629a-4fb0-bb60-c63377fe97f0,181473,f838478e-24b3-46d6-ac9d-c1063df23657
upper_tier,balcony_circle,BB,6,Balcony Circle 1,5071,132.0,660.78,892.08,1,0,a964decb-629a-4fb0-bb60-c63377fe97f0,181472,7b7072fc-8f07-470d-9202-dacd21e05e96
upper_tier,balcony_circle,BB,8,Balcony Circle 1,5071,132.0,633.5,900.13,1,0,a964decb-629a-4fb0-bb60-c63377fe97f0,181471,bf4e9f0f-036b-4fdb-824b-d6a10d8aeec7
upper_tier,balcony_circle,BB,10,Balcony Circle 1,5071,132.0,606.22,907.75,1,0,a964decb-629a-4fb0-bb60-c63377fe97f0,181470,31b1c6ef-f4a1-442e-b0d4-52534f51b58c
upper_tier,balcony_circle,BB,12,Balcony Circle 1,5071,132.0,578.94,916.83,1,0,a964decb-629a-4fb0-bb60-c63377fe97f0,181469,8e50533e-f580-4e61-aed7-b097a393c012
upper_tier,balcony_circle,BB,14,Balcony Circle 1,5071,132.0,551.66,927.28,1,0,a964decb-629a-4fb0-bb60-c63377fe97f0,181468,55cc35e4-29e5-4a81-9341-d84999201b28
upper_tier,balcony_circle,BB,16,Balcony Circle 1,5071,132.0,524.38,938.06,1,0,a964decb-629a-4fb0-bb60-c63377fe97f0,181467,3c911d9e-6737-43e7-83f2-3bf1fd1f18ca
upper_tier,balcony_circle,BB,18,Balcony Circle 1,5071,132.0,497.1,948.14,1,0,a964decb-629a-4fb0-bb60-c63377fe97f0,181466,6bbb098c-dace-4de1-9a74-b40021ac59be
upper_tier,balcony_circle,BB,20,Balcony Circle 1,5071,132.0,469.82,959.47,1,0,a964decb-629a-4fb0-bb60-c63377fe97f0,181465,0788496a-8a54-4cbd-a04c-f5412013c0e8
upper_tier,balcony_circle,BB,22,Balcony Circle 1,5071,132.0,442.55,970.06,1,0,a964decb-629a-4fb0-bb60-c63377fe97f0,181464,0d2aa766-828d-40a8-833c-62a94bb96ff1
upper_tier,balcony_circle,BB,24,Balcony Circle 1,5071,132.0,415.27,979.9,1,0,a964decb-629a-4fb0-bb60-c63377fe97f0,181463,14e8184f-6daa-4a9b-b5c8-2133dfe5f650
upper_tier,balcony_circle,CC,2,Balcony Circle 1,5071,132.0,715.34,833.42,1,0,a964decb-629a-4fb0-bb60-c63377fe97f0,181394,7cd49705-ef94-4242-803d-4b85f769d255
upper_tier,balcony_circle,CC,4,Balcony Circle 1,5071,132.0,687.71,839.73,1,0,a964decb-629a-4fb0-bb60-c63377fe97f0,181393,a73bf5d0-fffa-4e68-8bf9-e6b4b7fbf57c
upper_tier,balcony_circle,CC,6,Balcony Circle 1,5071,132.0,660.09,846.05,1,0,a964decb-629a-4fb0-bb60-c63377fe97f0,181392,4b71979d-8217-49f5-bff5-ea28c7ea147d
upper_tier,balcony_circle,CC,8,Balcony Circle 1,5071,132.0,632.46,854.1,1,0,a964decb-629a-4fb0-bb60-c63377fe97f0,181391,20792005-d382-4604-896e-31a149872321
upper_tier,balcony_circle,CC,10,Balcony Circle 1,5071,132.0,604.83,862.71,1,0,a964decb-629a-4fb0-bb60-c63377fe97f0,181390,0b38850e-7a45-4487-b49e-c119a1763b4e
upper_tier,balcony_circle,CC,12,Balcony Circle 1,5071,132.0,577.2,871.79,1,0,a964decb-629a-4fb0-bb60-c63377fe97f0,181389,8603179f-a608-4864-a499-142aa7ee603b
upper_tier,balcony_circle,CC,14,Balcony Circle 1,5071,132.0,549.58,881.24,1,0,a964decb-629a-4fb0-bb60-c63377fe97f0,181388,b4ea264d-7408-4e74-82d9-23b48971338a
upper_tier,balcony_circle,CC,16,Balcony Circle 1,5071,132.0,521.95,892.03,1,0,a964decb-629a-4fb0-bb60-c63377fe97f0,181387,145ee500-d935-47d0-b883-a8156dd36b23
upper_tier,balcony_circle,CC,18,Balcony Circle 1,5071,132.0,494.33,903.1,1,0,a964decb-629a-4fb0-bb60-c63377fe97f0,181386,a9f1a620-b3e6-43a9-bdec-effdbfbd436e
upper_tier,balcony_circle,CC,20,Balcony Circle 1,5071,132.0,466.7,914.44,1,0,a964decb-629a-4fb0-bb60-c63377fe97f0,181385,31eb73d6-1ab7-4e40-b148-b8426d693248
upper_tier,balcony_circle,CC,22,Balcony Circle 1,5071,132.0,439.07,925.02,1,0,a964decb-629a-4fb0-bb60-c63377fe97f0,181384,59188072-a702-4754-835a-d4818265a8cf
upper_tier,balcony_circle,CC,24,Balcony Circle 1,5071,132.0,411.45,934.86,1,0,a964decb-629a-4fb0-bb60-c63377fe97f0,181383,b17a071e-cb16-4938-99b2-1946288a3f9c
upper_tier,balcony_circle,DD,2,Balcony Circle 1,5071,132.0,714.99,787.27,1,0,a964decb-629a-4fb0-bb60-c63377fe97f0,181314,de8ba624-3271-49b0-91cd-e89f681969c5
upper_tier,balcony_circle,DD,4,Balcony Circle 1,5071,132.0,687.03,793.58,1,0,a964decb-629a-4fb0-bb60-c63377fe97f0,181313,1a141002-ecbe-4519-ac61-fd7856038839
upper_tier,balcony_circle,DD,6,Balcony Circle 1,5071,132.0,659.07,800.9,1,0,a964decb-629a-4fb0-bb60-c63377fe97f0,181312,0c863df9-4351-4995-9a6e-337785b6597c
upper_tier,balcony_circle,DD,8,Balcony Circle 1,5071,132.0,631.11,808.94,1,0,a964decb-629a-4fb0-bb60-c63377fe97f0,181311,8abe64f7-3574-49bf-ac0d-ceeee448c3d3
upper_tier,balcony_circle,DD,10,Balcony Circle 1,5071,132.0,603.15,817.56,1,0,a964decb-629a-4fb0-bb60-c63377fe97f0,181310,34c67697-f0b3-47f8-99c8-8b002f5c660c
upper_tier,balcony_circle,DD,12,Balcony Circle 1,5071,132.0,575.19,826.64,1,0,a964decb-629a-4fb0-bb60-c63377fe97f0,181309,6ee64ac5-c313-4151-9691-f982f6c7aa58
upper_tier,balcony_circle,DD,14,Balcony Circle 1,5071,132.0,547.23,836.09,1,0,a964decb-629a-4fb0-bb60-c63377fe97f0,181308,f822411d-3ffb-4aac-8bf6-35e06df39c7f
upper_tier,balcony_circle,DD,16,Balcony Circle 1,5071,132.0,519.27,846.88,1,0,a964decb-629a-4fb0-bb60-c63377fe97f0,181307,4a6aa18e-bea1-43dc-83b3-2cbd50a31727
upper_tier,balcony_circle,DD,18,Balcony Circle 1,5071,132.0,491.32,858.95,1,0,a964decb-629a-4fb0-bb60-c63377fe97f0,181306,29a3c00e-3384-4c0a-8e3d-fd876237f367
upper_tier,balcony_circle,DD,20,Balcony Circle 1,5071,132.0,463.36,870.28,1,0,a964decb-629a-4fb0-bb60-c63377fe97f0,181305,34df33c4-3f01-4b62-8563-9fbe0dc9260e
upper_tier,balcony_circle,DD,22,Balcony Circle 1,5071,132.0,435.4,880.87,1,0,a964decb-629a-4fb0-bb60-c63377fe97f0,181304,1f209438-c84c-48a7-ae28-95bd5d63918e
upper_tier,balcony_circle,DD,24,Balcony Circle 1,5071,132.0,407.45,890.85,1,0,a964decb-629a-4fb0-bb60-c63377fe97f0,181303,a3d15155-6658-4f12-87ff-7460f869455a
upper_tier,balcony_circle,EE,2,Balcony Circle 1,5071,132.0,715.29,741.04,1,0,a964decb-629a-4fb0-bb60-c63377fe97f0,181234,8498141d-cedb-4a1f-a160-91ca0bec2c5f
upper_tier,balcony_circle,EE,4,Balcony Circle 1,5071,132.0,686.93,748.19,1,0,a964decb-629a-4fb0-bb60-c63377fe97f0,181233,70f2c9f2-4dcd-4cde-a8f1-a48183481a0c
upper_tier,balcony_circle,EE,6,Balcony Circle 1,5071,132.0,658.57,755.35,1,0,a964decb-629a-4fb0-bb60-c63377fe97f0,181232,be1425e2-55ca-4f52-bdd8-8e18122929e6
upper_tier,balcony_circle,EE,8,Balcony Circle 1,5071,132.0,630.21,763.24,1,0,a964decb-629a-4fb0-bb60-c63377fe97f0,181231,16d6a3e2-0dab-4c96-8f66-22f5ecd6df91
upper_tier,balcony_circle,EE,10,Balcony Circle 1,5071,132.0,601.85,771.7,1,0,a964decb-629a-4fb0-bb60-c63377fe97f0,181230,c12a3200-6bbb-4f25-81c4-7603fe37d238
upper_tier,balcony_circle,EE,12,Balcony Circle 1,5071,132.0,573.49,780.62,1,0,a964decb-629a-4fb0-bb60-c63377fe97f0,181229,578009a7-6b7e-45e7-a1a4-ab2ac57bb7a2
upper_tier,balcony_circle,EE,14,Balcony Circle 1,5071,132.0,545.13,790.92,1,0,a964decb-629a-4fb0-bb60-c63377fe97f0,181228,a283504f-45cc-4413-865e-0548b4cc66d8
upper_tier,balcony_circle,EE,16,Balcony Circle 1,5071,132.0,516.77,801.55,1,0,a964decb-629a-4fb0-bb60-c63377fe97f0,181227,1d2c284b-c42b-45c0-832d-6808fe0c0fb1
upper_tier,balcony_circle,EE,18,Balcony Circle 1,5071,132.0,488.4,813.47,1,0,a964decb-629a-4fb0-bb60-c63377fe97f0,181226,4e638615-0c53-4313-b705-a7bb2d81773c
upper_tier,balcony_circle,EE,20,Balcony Circle 1,5071,132.0,460.05,824.65,1,0,a964decb-629a-4fb0-bb60-c63377fe97f0,181225,c7a95150-e9cd-4eed-9f75-403f3405e42d
upper_tier,balcony_circle,EE,22,Balcony Circle 1,5071,132.0,431.69,835.08,1,0,a964decb-629a-4fb0-bb60-c63377fe97f0,181224,5a79d221-0c0a-4b56-9106-78e315e890a9
upper_tier,balcony_circle,EE,24,Balcony Circle 1,5071,132.0,403.32,844.78,1,0,a964decb-629a-4fb0-bb60-c63377fe97f0,181223,454d4848-a6cb-4284-86bd-39650ad6b133
upper_tier,balcony_circle,AA,25,Balcony Circle 2,5072,88.0,1511.57,1039.82,1,0,79d36ac3-53cb-41f3-8c36-c9a8a11628b0,181590,e7ee49ec-0223-42bc-8d68-9ac175c06f23
upper_tier,balcony_circle,AA,27,Balcony Circle 2,5072,88.0,1537.21,1047.68,1,0,79d36ac3-53cb-41f3-8c36-c9a8a11628b0,181591,e8bf711a-6055-4e90-8e28-041d9a21fcaf
upper_tier,balcony_circle,AA,29,Balcony Circle 2,5072,88.0,1562.86,1054.75,1,0,79d36ac3-53cb-41f3-8c36-c9a8a11628b0,181592,08ae7843-69ab-43e6-8e9e-278f89b24dbf
upper_tier,balcony_circle,AA,31,Balcony Circle 2,5072,88.0,1588.52,1061.25,1,0,79d36ac3-53cb-41f3-8c36-c9a8a11628b0,181593,1e80d711-de10-44f0-9fcc-036312157b34
upper_tier,balcony_circle,AA,33,Balcony Circle 2,5072,88.0,1614.16,1066.44,1,0,79d36ac3-53cb-41f3-8c36-c9a8a11628b0,181594,1e0dadd0-b849-44ff-a613-96a30dd07382
upper_tier,balcony_circle,AA,35,Balcony Circle 2,5072,88.0,1639.82,1071.46,1,0,79d36ac3-53cb-41f3-8c36-c9a8a11628b0,181595,e05fb044-aa9b-40b9-83cc-aaa0b05095b5
upper_tier,balcony_circle,AA,37,Balcony Circle 2,5072,88.0,1665.47,1075.4,1,0,79d36ac3-53cb-41f3-8c36-c9a8a11628b0,181596,0690baa2-bc29-488e-a9f6-3a104c0fbb7b
upper_tier,balcony_circle,AA,39,Balcony Circle 2,5072,88.0,1691.12,1078.36,1,0,79d36ac3-53cb-41f3-8c36-c9a8a11628b0,181597,fac926f7-247f-471d-b3e2-861ec9c9b3cb
upper_tier,balcony_circle,AA,41,Balcony Circle 2,5072,88.0,1716.77,1080.31,1,0,79d36ac3-53cb-41f3-8c36-c9a8a11628b0,181598,aa4d4d6d-121b-49a2-80a6-459a6831f2d4
upper_tier,balcony_circle,BB,25,Balcony Circle 2,5072,88.0,1515.65,994.96,1,0,79d36ac3-53cb-41f3-8c36-c9a8a11628b0,181510,7b9247ae-d992-4d2c-a1f4-202bbcd0a8a5
upper_tier,balcony_circle,BB,27,Balcony Circle 2,5072,88.0,1541.17,1002.83,1,0,79d36ac3-53cb-41f3-8c36-c9a8a11628b0,181511,597e5e6b-2d32-441b-85e0-7af3c5ce5d3b
upper_tier,balcony_circle,BB,29,Balcony Circle 2,5072,88.0,1566.7,1009.9,1,0,79d36ac3-53cb-41f3-8c36-c9a8a11628b0,181512,3de87915-9c4c-4419-91ee-e1058ea060a9
upper_tier,balcony_circle,BB,31,Balcony Circle 2,5072,88.0,1592.22,1016.41,1,0,79d36ac3-53cb-41f3-8c36-c9a8a11628b0,181513,30f5cd46-bb1e-4ecd-8972-a540e86aa8b0
upper_tier,balcony_circle,BB,33,Balcony Circle 2,5072,88.0,1617.75,1021.59,1,0,79d36ac3-53cb-41f3-8c36-c9a8a11628b0,181514,124c49b1-f7d1-4899-9571-06f5f6cbc1b0
upper_tier,balcony_circle,BB,35,Balcony Circle 2,5072,88.0,1643.27,1025.61,1,0,79d36ac3-53cb-41f3-8c36-c9a8a11628b0,181515,af0cd9e7-5c64-49ba-84f9-42772e1859f4
upper_tier,balcony_circle,BB,37,Balcony Circle 2,5072,88.0,1668.8,1029.55,1,0,79d36ac3-53cb-41f3-8c36-c9a8a11628b0,181516,99547f28-c660-44c1-b017-0d9e502979b0
upper_tier,balcony_circle,BB,39,Balcony Circle 2,5072,88.0,1694.33,1032.51,1,0,79d36ac3-53cb-41f3-8c36-c9a8a11628b0,181517,0e0034b1-ceb1-46dd-83b0-b84346519f91
upper_tier,balcony_circle,BB,41,Balcony Circle 2,5072,88.0,1719.86,1033.46,1,0,79d36ac3-53cb-41f3-8c36-c9a8a11628b0,181518,09cf0eb1-451d-4df3-bf2f-6e16ce417013
upper_tier,balcony_circle,CC,25,Balcony Circle 2,5072,88.0,1519.72,949.58,1,0,79d36ac3-53cb-41f3-8c36-c9a8a11628b0,181430,867eed94-5a30-495c-b40a-e68699aa7142
upper_tier,balcony_circle,CC,27,Balcony Circle 2,5072,88.0,1545.37,957.45,1,0,79d36ac3-53cb-41f3-8c36-c9a8a11628b0,181431,d4e4433e-b80e-4278-8269-f14702b28626
upper_tier,balcony_circle,CC,29,Balcony Circle 2,5072,88.0,1571.02,963.51,1,0,79d36ac3-53cb-41f3-8c36-c9a8a11628b0,181432,7f808450-04d0-4d5d-8f30-2af452196b18
upper_tier,balcony_circle,CC,31,Balcony Circle 2,5072,88.0,1596.68,970.03,1,0,79d36ac3-53cb-41f3-8c36-c9a8a11628b0,181433,a6bb1d87-e7af-4f01-8577-06ea6ee2dbdd
upper_tier,balcony_circle,CC,33,Balcony Circle 2,5072,88.0,1622.32,976.21,1,0,79d36ac3-53cb-41f3-8c36-c9a8a11628b0,181434,1ba75c31-fb42-471f-8679-0a0c6936fe7a
upper_tier,balcony_circle,CC,35,Balcony Circle 2,5072,88.0,1647.97,981.23,1,0,79d36ac3-53cb-41f3-8c36-c9a8a11628b0,181435,cddf0d56-e1db-49af-95d9-ab1e56d4b210
upper_tier,balcony_circle,CC,37,Balcony Circle 2,5072,88.0,1673.63,984.17,1,0,79d36ac3-53cb-41f3-8c36-c9a8a11628b0,181436,e0541b69-efbd-487e-a8ed-2fbc25992fd1
upper_tier,balcony_circle,CC,39,Balcony Circle 2,5072,88.0,1699.28,987.13,1,0,79d36ac3-53cb-41f3-8c36-c9a8a11628b0,181437,d1886c46-f30f-4365-9039-32c437d73223
upper_tier,balcony_circle,CC,41,Balcony Circle 2,5072,88.0,1724.93,988.08,1,0,79d36ac3-53cb-41f3-8c36-c9a8a11628b0,181438,1aedffcb-c2f8-4290-8402-93bf26415fe2
upper_tier,balcony_circle,DD,25,Balcony Circle 2,5072,88.0,1523.83,905.62,1,0,79d36ac3-53cb-41f3-8c36-c9a8a11628b0,181350,ab3ea7e5-8b94-438a-b20f-7f2d82de4426
upper_tier,balcony_circle,DD,27,Balcony Circle 2,5072,88.0,1549.48,912.48,1,0,79d36ac3-53cb-41f3-8c36-c9a8a11628b0,181351,290de195-8f80-4320-9621-8e2ac7db41f1
upper_tier,balcony_circle,DD,29,Balcony Circle 2,5072,88.0,1575.13,919.56,1,0,79d36ac3-53cb-41f3-8c36-c9a8a11628b0,181352,bc0c58dd-75e1-440d-8e4e-bc588ba32a2e
upper_tier,balcony_circle,DD,31,Balcony Circle 2,5072,88.0,1600.78,926.06,1,0,79d36ac3-53cb-41f3-8c36-c9a8a11628b0,181353,69cebe90-d233-487f-9089-d7274f7cd8b1
upper_tier,balcony_circle,DD,33,Balcony Circle 2,5072,88.0,1626.42,931.24,1,0,79d36ac3-53cb-41f3-8c36-c9a8a11628b0,181354,83c69a4d-81ee-4949-a8c8-50d6d35cafc7
upper_tier,balcony_circle,DD,35,Balcony Circle 2,5072,88.0,1652.08,935.26,1,0,79d36ac3-53cb-41f3-8c36-c9a8a11628b0,181355,235238f0-acc4-4a05-aa10-ef67717d0c09
upper_tier,balcony_circle,DD,37,Balcony Circle 2,5072,88.0,1677.73,939.21,1,0,79d36ac3-53cb-41f3-8c36-c9a8a11628b0,181356,d064c4bf-b101-4c1d-9456-18fa8a28e894
upper_tier,balcony_circle,DD,39,Balcony Circle 2,5072,88.0,1703.38,942.16,1,0,79d36ac3-53cb-41f3-8c36-c9a8a11628b0,181357,ab25d2f1-710b-4d09-86d8-cabba75caa51
upper_tier,balcony_circle,DD,41,Balcony Circle 2,5072,88.0,1729.03,943.11,1,0,79d36ac3-53cb-41f3-8c36-c9a8a11628b0,181358,c174152b-ff8a-40b0-87a4-7a37d81bd259
upper_tier,balcony_circle,EE,25,Balcony Circle 2,5072,88.0,1527.21,860.31,1,0,79d36ac3-53cb-41f3-8c36-c9a8a11628b0,181270,5d1f13a7-4b0e-44b7-b416-599262e6e0d7
upper_tier,balcony_circle,EE,27,Balcony Circle 2,5072,88.0,1552.87,867.67,1,0,79d36ac3-53cb-41f3-8c36-c9a8a11628b0,181271,9f034ee2-938a-4abd-9f67-4a9ba91d8b5e
upper_tier,balcony_circle,EE,29,Balcony Circle 2,5072,88.0,1578.52,874.23,1,0,79d36ac3-53cb-41f3-8c36-c9a8a11628b0,181272,0bcd1ad3-fece-4abf-8fd2-8efe0f623244
upper_tier,balcony_circle,EE,31,Balcony Circle 2,5072,88.0,1604.19,880.22,1,0,79d36ac3-53cb-41f3-8c36-c9a8a11628b0,181273,c20b2b2c-cdff-4d7d-ac40-8ba0e807f5b6
upper_tier,balcony_circle,EE,33,Balcony Circle 2,5072,88.0,1629.85,885.89,1,0,79d36ac3-53cb-41f3-8c36-c9a8a11628b0,181274,dd050ab0-d772-4ea6-a4ae-17171f1d7d1e
upper_tier,balcony_circle,EE,35,Balcony Circle 2,5072,88.0,1655.52,890.39,1,0,79d36ac3-53cb-41f3-8c36-c9a8a11628b0,181275,34093963-e5fd-457f-afd8-43dda65e0717
upper_tier,balcony_circle,EE,37,Balcony Circle 2,5072,88.0,1681.19,893.83,1,0,79d36ac3-53cb-41f3-8c36-c9a8a11628b0,181276,5aa962e6-8294-4f70-ad9d-29d846ae6ab2
upper_tier,balcony_circle,EE,39,Balcony Circle 2,5072,88.0,1706.84,895.28,1,0,79d36ac3-53cb-41f3-8c36-c9a8a11628b0,181277,f366e08c-82cf-43c0-8c01-de5c50ec0192
upper_tier,balcony_circle,EE,41,Balcony Circle 2,5072,88.0,1732.51,896.71,1,0,79d36ac3-53cb-41f3-8c36-c9a8a11628b0,181278,561638ce-c08a-4b26-a730-d2712ff47ed7
upper_tier,balcony_circle,AA,26,Balcony Circle 2,5072,88.0,368.78,1040.82,1,0,d7e80788-babe-48b0-b0aa-342d20428089,181539,b325e6e1-00c2-4c03-a6b7-5eabdf98bb94
upper_tier,balcony_circle,AA,28,Balcony Circle 2,5072,88.0,343.13,1048.68,1,0,d7e80788-babe-48b0-b0aa-342d20428089,181538,edbcb565-984e-4a20-9ddc-a7986634d460
upper_tier,balcony_circle,AA,30,Balcony Circle 2,5072,88.0,317.48,1055.75,1,0,d7e80788-babe-48b0-b0aa-342d20428089,181537,10209a2e-17a8-4691-b937-ff2768d3d61c
upper_tier,balcony_circle,AA,32,Balcony Circle 2,5072,88.0,291.83,1062.26,1,0,d7e80788-babe-48b0-b0aa-342d20428089,181536,d9e8ff69-ad70-4866-8c6d-db5828a5bc59
upper_tier,balcony_circle,AA,34,Balcony Circle 2,5072,88.0,266.18,1067.44,1,0,d7e80788-babe-48b0-b0aa-342d20428089,181535,ff77aabb-c9bd-44be-857a-e249f0e4054a
upper_tier,balcony_circle,AA,36,Balcony Circle 2,5072,88.0,240.53,1072.46,1,0,d7e80788-babe-48b0-b0aa-342d20428089,181534,3fb650b5-d481-4996-ab93-6be1ac0ebbc3
upper_tier,balcony_circle,AA,38,Balcony Circle 2,5072,88.0,214.88,1076.4,1,0,d7e80788-babe-48b0-b0aa-342d20428089,181533,00de5526-f43f-4c95-8cfc-da6e5b96ee05
upper_tier,balcony_circle,AA,40,Balcony Circle 2,5072,88.0,189.22,1079.36,1,0,d7e80788-babe-48b0-b0aa-342d20428089,181532,eaaf28a6-fd94-4554-8b18-cbba607ff9b0
upper_tier,balcony_circle,AA,42,Balcony Circle 2,5072,88.0,163.57,1081.3,1,0,d7e80788-babe-48b0-b0aa-342d20428089,181531,b4e25f97-7e2f-46fe-8ba8-21ac10d139d4
upper_tier,balcony_circle,BB,26,Balcony Circle 2,5072,88.0,364.7,995.96,1,0,d7e80788-babe-48b0-b0aa-342d20428089,181459,40dcbc63-36f6-4406-8181-5bd39c15bedb
upper_tier,balcony_circle,BB,28,Balcony Circle 2,5072,88.0,339.17,1003.83,1,0,d7e80788-babe-48b0-b0aa-342d20428089,181458,e88caac3-431d-4d8c-89b8-0bd1b7030a5d
upper_tier,balcony_circle,BB,30,Balcony Circle 2,5072,88.0,313.65,1010.91,1,0,d7e80788-babe-48b0-b0aa-342d20428089,181457,c1078ebf-ccd2-4132-b7a2-f01ef3c851a8
upper_tier,balcony_circle,BB,32,Balcony Circle 2,5072,88.0,288.13,1017.41,1,0,d7e80788-babe-48b0-b0aa-342d20428089,181456,35227230-6963-4aed-94a5-63fbcfb969c9
upper_tier,balcony_circle,BB,34,Balcony Circle 2,5072,88.0,262.6,1022.6,1,0,d7e80788-babe-48b0-b0aa-342d20428089,181455,03a1afc6-b5fe-4238-b732-5ba6816122ce
upper_tier,balcony_circle,BB,36,Balcony Circle 2,5072,88.0,237.07,1026.61,1,0,d7e80788-babe-48b0-b0aa-342d20428089,181454,14ea76a5-fbdb-4c3d-a1eb-9e2d5ca0c02e
upper_tier,balcony_circle,BB,38,Balcony Circle 2,5072,88.0,211.54,1030.55,1,0,d7e80788-babe-48b0-b0aa-342d20428089,181453,3b2e190c-f561-4c82-9408-be831ee14551
upper_tier,balcony_circle,BB,40,Balcony Circle 2,5072,88.0,186.02,1033.51,1,0,d7e80788-babe-48b0-b0aa-342d20428089,181452,8f7417fd-78e2-4498-a0e2-63a22a11dfbe
upper_tier,balcony_circle,BB,42,Balcony Circle 2,5072,88.0,160.49,1034.46,1,0,d7e80788-babe-48b0-b0aa-342d20428089,181451,804a3a9b-7f66-41ad-b944-e4c840930e57
upper_tier,balcony_circle,CC,26,Balcony Circle 2,5072,88.0,360.62,950.59,1,0,d7e80788-babe-48b0-b0aa-342d20428089,181379,42b7e807-0c91-4124-a3c3-127150e05649
upper_tier,balcony_circle,CC,28,Balcony Circle 2,5072,88.0,334.97,958.44,1,0,d7e80788-babe-48b0-b0aa-342d20428089,181378,7c038f0e-499a-4fa2-92f4-bd0ab8926e0b
upper_tier,balcony_circle,CC,30,Balcony Circle 2,5072,88.0,309.33,964.52,1,0,d7e80788-babe-48b0-b0aa-342d20428089,181377,e8a306df-7cfc-4ebd-8ddf-67601db32d13
upper_tier,balcony_circle,CC,32,Balcony Circle 2,5072,88.0,283.68,971.03,1,0,d7e80788-babe-48b0-b0aa-342d20428089,181376,5550991a-d905-4eca-8c26-fbf9a83c61f0
upper_tier,balcony_circle,CC,34,Balcony Circle 2,5072,88.0,258.02,977.21,1,0,d7e80788-babe-48b0-b0aa-342d20428089,181375,47eaf53e-93e3-4880-9136-8f0c34926637
upper_tier,balcony_circle,CC,36,Balcony Circle 2,5072,88.0,232.37,982.23,1,0,d7e80788-babe-48b0-b0aa-342d20428089,181374,58e609a7-fd00-47ec-af20-7475602f2b6e
upper_tier,balcony_circle,CC,38,Balcony Circle 2,5072,88.0,206.72,985.17,1,0,d7e80788-babe-48b0-b0aa-342d20428089,181373,529a94ca-bc30-4b03-8f2e-a87ebeec5b2c
upper_tier,balcony_circle,CC,40,Balcony Circle 2,5072,88.0,181.06,988.13,1,0,d7e80788-babe-48b0-b0aa-342d20428089,181372,90bef55e-d765-4c8a-96dd-2aca7952a1de
upper_tier,balcony_circle,CC,42,Balcony Circle 2,5072,88.0,155.41,989.08,1,0,d7e80788-babe-48b0-b0aa-342d20428089,181371,d6f31c59-af10-4ec9-90fe-4cea708836c1
upper_tier,balcony_circle,DD,26,Balcony Circle 2,5072,88.0,356.52,906.62,1,0,d7e80788-babe-48b0-b0aa-342d20428089,181299,566ff0c4-e47f-4db6-b7b9-cf08707658b3
upper_tier,balcony_circle,DD,28,Balcony Circle 2,5072,88.0,330.87,913.48,1,0,d7e80788-babe-48b0-b0aa-342d20428089,181298,3172e5db-a6ee-46e2-bcb0-78dbd0e54dc2
upper_tier,balcony_circle,DD,30,Balcony Circle 2,5072,88.0,305.22,920.56,1,0,d7e80788-babe-48b0-b0aa-342d20428089,181297,1387df3e-42c0-415c-9124-ffceb15794c2
upper_tier,balcony_circle,DD,32,Balcony Circle 2,5072,88.0,279.57,927.06,1,0,d7e80788-babe-48b0-b0aa-342d20428089,181296,84a1c456-0790-436f-bc84-480251229253
upper_tier,balcony_circle,DD,34,Balcony Circle 2,5072,88.0,253.92,932.24,1,0,d7e80788-babe-48b0-b0aa-342d20428089,181295,51c50362-0129-469c-af79-46eecb0264a7
upper_tier,balcony_circle,DD,36,Balcony Circle 2,5072,88.0,228.26,936.26,1,0,d7e80788-babe-48b0-b0aa-342d20428089,181294,bd8da7d8-f5f7-4557-a581-563500e1595f
upper_tier,balcony_circle,DD,38,Balcony Circle 2,5072,88.0,202.62,940.21,1,0,d7e80788-babe-48b0-b0aa-342d20428089,181293,6e53dca6-73ed-4445-b40d-dcd950900d82
upper_tier,balcony_circle,DD,40,Balcony Circle 2,5072,88.0,176.96,943.17,1,0,d7e80788-babe-48b0-b0aa-342d20428089,181292,fe0064d4-c0b1-4230-b428-b47a38ac9ebe
upper_tier,balcony_circle,DD,42,Balcony Circle 2,5072,88.0,151.31,944.11,1,0,d7e80788-babe-48b0-b0aa-342d20428089,181291,a6734a42-05cd-4898-bd8d-11f9740a0947
upper_tier,balcony_circle,EE,26,Balcony Circle 2,5072,88.0,353.14,861.31,1,0,d7e80788-babe-48b0-b0aa-342d20428089,181219,d358bdf6-ca69-462e-a84c-4d333dd95ad9
upper_tier,balcony_circle,EE,28,Balcony Circle 2,5072,88.0,327.48,868.67,1,0,d7e80788-babe-48b0-b0aa-342d20428089,181218,e7eefaa4-742f-4175-87eb-909340ff2515
upper_tier,balcony_circle,EE,30,Balcony Circle 2,5072,88.0,301.82,875.23,1,0,d7e80788-babe-48b0-b0aa-342d20428089,181217,1bd42141-ed3f-4b59-9e79-f6cd4acf6f8d
upper_tier,balcony_circle,EE,32,Balcony Circle 2,5072,88.0,276.16,881.22,1,0,d7e80788-babe-48b0-b0aa-342d20428089,181216,8bb2746c-2bc0-4abb-b55c-e0cfa548c0d1
upper_tier,balcony_circle,EE,34,Balcony Circle 2,5072,88.0,250.49,886.89,1,0,d7e80788-babe-48b0-b0aa-342d20428089,181215,78deeb38-a63a-4da6-a02b-36a912a265ab
upper_tier,balcony_circle,EE,36,Balcony Circle 2,5072,88.0,224.83,891.39,1,0,d7e80788-babe-48b0-b0aa-342d20428089,181214,e62b95b8-662b-409f-b14d-c6b7bbd87562
upper_tier,balcony_circle,EE,38,Balcony Circle 2,5072,88.0,199.17,894.83,1,0,d7e80788-babe-48b0-b0aa-342d20428089,181213,57ea50df-e151-4978-8788-5d3081343a0d
upper_tier,balcony_circle,EE,40,Balcony Circle 2,5072,88.0,173.5,896.28,1,0,d7e80788-babe-48b0-b0aa-342d20428089,181212,24d4bbd2-fd78-4472-917e-cc1be3d53d4d
upper_tier,balcony_circle,EE,42,Balcony Circle 2,5072,88.0,147.83,897.71,1,0,d7e80788-babe-48b0-b0aa-342d20428089,181211,966579fd-6b45-4e60-9197-5e9d4316323f
upper_tier,balcony,A,101,Balcony 1,5074,86.0,965.38,589.13,1,0,d32bd1e7-6a36-4299-9d46-9efb6a6bbf6f,183646,e747e6ec-4810-44a8-a2bc-ba316b7fac92
upper_tier,balcony,A,103,Balcony 1,5074,86.0,993.19,589.39,1,0,d32bd1e7-6a36-4299-9d46-9efb6a6bbf6f,183647,4eeb5480-10a5-4463-92c5-033562ce0a26
upper_tier,balcony,A,105,Balcony 1,5074,86.0,1021.0,590.23,1,0,d32bd1e7-6a36-4299-9d46-9efb6a6bbf6f,183648,1ae68d8b-4f81-4cd7-b9ea-13e048f8ce4e
upper_tier,balcony,A,107,Balcony 1,5074,86.0,1048.8,593.15,1,0,d32bd1e7-6a36-4299-9d46-9efb6a6bbf6f,183649,ef8a3b58-0e6c-435e-9c1d-ff05fe55d1f3
upper_tier,balcony,A,109,Balcony 1,5074,86.0,1076.6,597.0,1,0,d32bd1e7-6a36-4299-9d46-9efb6a6bbf6f,183650,6cbe2315-c2fd-4e9d-80f6-03a6e5233e69
upper_tier,balcony,A,111,Balcony 1,5074,86.0,1104.41,600.83,1,0,d32bd1e7-6a36-4299-9d46-9efb6a6bbf6f,183651,8a61392a-abe6-4634-a3cf-5ff61c530f3f
upper_tier,balcony,A,113,Balcony 1,5074,86.0,1132.22,605.6,1,0,d32bd1e7-6a36-4299-9d46-9efb6a6bbf6f,183652,3f346a67-713c-4eeb-92ce-589db0834970
upper_tier,balcony,A,115,Balcony 1,5074,86.0,1160.02,611.22,1,0,d32bd1e7-6a36-4299-9d46-9efb6a6bbf6f,183653,27b7ef2f-636c-4497-9130-7876be266ec7
upper_tier,balcony,A,125,Balcony 1,5074,86.0,1297.39,649.05,1,0,d32bd1e7-6a36-4299-9d46-9efb6a6bbf6f,183658,b29b337c-92ae-43fe-9fbc-87420cf78e88
upper_tier,balcony,A,127,Balcony 1,5074,86.0,1323.25,658.14,1,0,d32bd1e7-6a36-4299-9d46-9efb6a6bbf6f,183659,88cb9b31-9774-4b23-be63-51eb998b8949
upper_tier,balcony,B,101,Balcony 1,5074,86.0,965.38,541.8,1,0,d32bd1e7-6a36-4299-9d46-9efb6a6bbf6f,183566,88b454ba-ae17-4172-bff4-e868f907ba4c
upper_tier,balcony,B,103,Balcony 1,5074,86.0,993.04,542.06,1,0,d32bd1e7-6a36-4299-9d46-9efb6a6bbf6f,183567,84b865fe-0696-4a4c-bd08-b17a6fef7401
upper_tier,balcony,B,105,Balcony 1,5074,86.0,1020.71,543.91,1,0,d32bd1e7-6a36-4299-9d46-9efb6a6bbf6f,183568,9a76c768-aa90-4ecd-84d7-f1fce75b00bd
upper_tier,balcony,B,107,Balcony 1,5074,86.0,1048.37,546.82,1,0,d32bd1e7-6a36-4299-9d46-9efb6a6bbf6f,183569,41d775eb-2f9d-4f77-af48-b6d1990593fc
upper_tier,balcony,B,109,Balcony 1,5074,86.0,1076.03,549.68,1,0,d32bd1e7-6a36-4299-9d46-9efb6a6bbf6f,183570,f6821685-8eeb-4a98-b4de-39112216d2de
upper_tier,balcony,B,111,Balcony 1,5074,86.0,1103.69,554.51,1,0,d32bd1e7-6a36-4299-9d46-9efb6a6bbf6f,183571,12cc4835-f5da-417c-ab7a-fe8d93918604
upper_tier,balcony,B,113,Balcony 1,5074,86.0,1131.36,559.27,1,0,d32bd1e7-6a36-4299-9d46-9efb6a6bbf6f,183572,75b76a35-d8e8-418c-8d99-9984dd61e68d
upper_tier,balcony,B,115,Balcony 1,5074,86.0,1159.02,564.9,1,0,d32bd1e7-6a36-4299-9d46-9efb6a6bbf6f,183573,4a598861-3d04-42bc-8369-40ca4faf241b
upper_tier,balcony,B,125,Balcony 1,5074,86.0,1297.21,601.73,1,0,d32bd1e7-6a36-4299-9d46-9efb6a6bbf6f,183578,dfaa0e37-9055-4191-8c06-3ae4918042d9
upper_tier,balcony,B,127,Balcony 1,5074,86.0,1323.52,612.04,1,0,d32bd1e7-6a36-4299-9d46-9efb6a6bbf6f,183579,9346cd87-f4e4-493c-871b-f1db86c8ef3f
upper_tier,balcony,C,101,Balcony 1,5074,86.0,965.38,495.11,1,0,d32bd1e7-6a36-4299-9d46-9efb6a6bbf6f,183486,bb5aba84-7d59-460e-8f7a-a18250b42779
upper_tier,balcony,C,103,Balcony 1,5074,86.0,993.02,495.37,1,0,d32bd1e7-6a36-4299-9d46-9efb6a6bbf6f,183487,9f3071f4-d03b-4e40-bde9-ca6285f336a8
upper_tier,balcony,C,105,Balcony 1,5074,86.0,1020.66,497.22,1,0,d32bd1e7-6a36-4299-9d46-9efb6a6bbf6f,183488,929d9110-a423-4d81-916d-5283fc961069
upper_tier,balcony,C,107,Balcony 1,5074,86.0,1048.3,500.13,1,0,d32bd1e7-6a36-4299-9d46-9efb6a6bbf6f,183489,b061d39f-0fde-46c0-b837-80c95f1545f5
upper_tier,balcony,C,109,Balcony 1,5074,86.0,1075.95,503.99,1,0,d32bd1e7-6a36-4299-9d46-9efb6a6bbf6f,183490,4493e4af-e366-4613-a816-e826edbee66e
upper_tier,balcony,C,111,Balcony 1,5074,86.0,1103.59,507.82,1,0,d32bd1e7-6a36-4299-9d46-9efb6a6bbf6f,183491,d9685975-1972-4e59-9b9e-de389dbcb70c
upper_tier,balcony,C,113,Balcony 1,5074,86.0,1131.23,512.58,1,0,d32bd1e7-6a36-4299-9d46-9efb6a6bbf6f,183492,3dbb1ebd-acbe-4798-9919-187edb1fe1b0
upper_tier,balcony,C,115,Balcony 1,5074,86.0,1158.87,517.21,1,0,d32bd1e7-6a36-4299-9d46-9efb6a6bbf6f,183493,9c6368f1-4d8d-4178-9613-65b45c5801a5
upper_tier,balcony,C,117,Balcony 1,5074,86.0,1186.51,523.7,1,0,d32bd1e7-6a36-4299-9d46-9efb6a6bbf6f,183494,91b51469-7de2-43b2-9162-cc59bad1da33
upper_tier,balcony,C,119,Balcony 1,5074,86.0,1214.15,531.02,1,0,d32bd1e7-6a36-4299-9d46-9efb6a6bbf6f,183495,da272990-279c-4445-9fdb-4429d103ad70
upper_tier,balcony,C,121,Balcony 1,5074,86.0,1241.79,539.19,1,0,d32bd1e7-6a36-4299-9d46-9efb6a6bbf6f,183496,cac9112e-6edb-40f0-b111-8edb19043cd1
upper_tier,balcony,C,123,Balcony 1,5074,86.0,1269.43,548.18,1,0,d32bd1e7-6a36-4299-9d46-9efb6a6bbf6f,183497,9c130b53-779d-4dce-b70d-f0b1300f98be
upper_tier,balcony,C,125,Balcony 1,5074,86.0,1297.07,556.04,1,0,d32bd1e7-6a36-4299-9d46-9efb6a6bbf6f,183498,fc90f45e-630d-4c1d-b1d3-796807ce0480
upper_tier,balcony,C,127,Balcony 1,5074,86.0,1324.71,565.78,1,0,d32bd1e7-6a36-4299-9d46-9efb6a6bbf6f,183499,341e1b6e-59a5-4a77-812b-fd57bf2bea7a
upper_tier,balcony,D,101,Balcony 1,5074,86.0,965.29,450.76,1,0,d32bd1e7-6a36-4299-9d46-9efb6a6bbf6f,183406,e64b47fc-266d-47ca-ac07-16d024295638
upper_tier,balcony,D,103,Balcony 1,5074,86.0,995.38,450.64,1,0,d32bd1e7-6a36-4299-9d46-9efb6a6bbf6f,183407,a7e2af16-8c54-4095-a4d3-1d95e8b7ca67
upper_tier,balcony,D,105,Balcony 1,5074,86.0,1025.46,452.6,1,0,d32bd1e7-6a36-4299-9d46-9efb6a6bbf6f,183408,6795eaad-96ea-4a75-8948-1f235c602b25
upper_tier,balcony,D,107,Balcony 1,5074,86.0,1055.55,455.5,1,0,d32bd1e7-6a36-4299-9d46-9efb6a6bbf6f,183409,b0e09aef-1057-4c8c-bca4-e8aed9df41d0
upper_tier,balcony,D,109,Balcony 1,5074,86.0,1085.64,459.37,1,0,d32bd1e7-6a36-4299-9d46-9efb6a6bbf6f,183410,503baa3a-e977-4661-a404-c215c847a011
upper_tier,balcony,D,111,Balcony 1,5074,86.0,1115.72,463.16,1,0,d32bd1e7-6a36-4299-9d46-9efb6a6bbf6f,183411,91ddcf7c-a2f5-4b77-bfe0-70e8e3c4c15a
upper_tier,balcony,D,113,Balcony 1,5074,86.0,1145.81,468.83,1,0,d32bd1e7-6a36-4299-9d46-9efb6a6bbf6f,183412,778cf300-da42-4a30-a190-b38c5a862633
upper_tier,balcony,D,115,Balcony 1,5074,86.0,1175.89,475.35,1,0,d32bd1e7-6a36-4299-9d46-9efb6a6bbf6f,183413,2fdee2a1-b4db-4f1b-bdac-933b567a35fe
upper_tier,balcony,D,117,Balcony 1,5074,86.0,1205.98,482.72,1,0,d32bd1e7-6a36-4299-9d46-9efb6a6bbf6f,183414,48c5544c-0702-48f7-b9b9-d6549fec626e
upper_tier,balcony,D,119,Balcony 1,5074,86.0,1236.07,490.92,1,0,d32bd1e7-6a36-4299-9d46-9efb6a6bbf6f,183415,2d876191-8d16-4b24-8dc8-50c8987c7cfa
upper_tier,balcony,D,121,Balcony 1,5074,86.0,1266.16,499.95,1,0,d32bd1e7-6a36-4299-9d46-9efb6a6bbf6f,183416,c6b23867-9ddb-4e36-8ef2-6eb539cb05ac
upper_tier,balcony,D,123,Balcony 1,5074,86.0,1296.24,509.57,1,0,d32bd1e7-6a36-4299-9d46-9efb6a6bbf6f,183417,a2fbf0cf-a6c5-4fe0-9273-0865d047ab9c
upper_tier,balcony,D,125,Balcony 1,5074,86.0,1326.33,519.65,1,0,d32bd1e7-6a36-4299-9d46-9efb6a6bbf6f,183418,a9fc138f-9ddb-4181-99b8-d634fcbb1198
upper_tier,balcony,E,101,Balcony 2,5076,71.0,965.38,403.48,1,0,d32bd1e7-6a36-4299-9d46-9efb6a6bbf6f,183326,090cefb6-ce2d-4222-a0f2-04e41c0a91c2
upper_tier,balcony,E,103,Balcony 2,5076,71.0,993.25,403.74,1,0,d32bd1e7-6a36-4299-9d46-9efb6a6bbf6f,183327,33282bd0-f992-42a0-8274-c8e57ae4ce0f
upper_tier,balcony,E,105,Balcony 2,5076,71.0,1021.12,405.58,1,0,d32bd1e7-6a36-4299-9d46-9efb6a6bbf6f,183328,df534df3-0055-4c7d-8e78-4f1ab7b1d6a8
upper_tier,balcony,E,107,Balcony 2,5076,71.0,1048.98,408.49,1,0,d32bd1e7-6a36-4299-9d46-9efb6a6bbf6f,183329,17cc02d5-c557-496d-8561-c430292b51fc
upper_tier,balcony,E,109,Balcony 2,5076,71.0,1076.85,412.36,1,0,d32bd1e7-6a36-4299-9d46-9efb6a6bbf6f,183330,ed3285c4-4080-4f3f-9d6b-cc7541a5d767
upper_tier,balcony,E,111,Balcony 2,5076,71.0,1104.71,416.18,1,0,d32bd1e7-6a36-4299-9d46-9efb6a6bbf6f,183331,8c893845-ecad-4350-91f2-4d27ed90705d
upper_tier,balcony,E,113,Balcony 2,5076,71.0,1132.58,420.95,1,0,d32bd1e7-6a36-4299-9d46-9efb6a6bbf6f,183332,236665d7-db84-4210-9854-71c1bfaa3b83
upper_tier,balcony,E,115,Balcony 2,5076,71.0,1160.45,425.57,1,0,d32bd1e7-6a36-4299-9d46-9efb6a6bbf6f,183333,4e751e86-6feb-4162-affd-dffba354fbae
upper_tier,balcony,E,117,Balcony 2,5076,71.0,1188.31,432.05,1,0,d32bd1e7-6a36-4299-9d46-9efb6a6bbf6f,183334,cfa8dea5-2c20-49dc-b91a-2048ca03dfbe
upper_tier,balcony,E,119,Balcony 2,5076,71.0,1216.18,439.39,1,0,d32bd1e7-6a36-4299-9d46-9efb6a6bbf6f,183335,9c7a3f40-2868-4aa7-a436-92e30c6ec9c5
upper_tier,balcony,E,121,Balcony 2,5076,71.0,1244.05,446.55,1,0,d32bd1e7-6a36-4299-9d46-9efb6a6bbf6f,183336,925ddd36-b42f-4045-8c75-f18de2265194
upper_tier,balcony,E,123,Balcony 2,5076,71.0,1271.91,455.54,1,0,d32bd1e7-6a36-4299-9d46-9efb6a6bbf6f,183337,b30d248a-7f64-449b-8947-1163cd2b87be
upper_tier,balcony,E,125,Balcony 2,5076,71.0,1299.78,464.4,1,0,d32bd1e7-6a36-4299-9d46-9efb6a6bbf6f,183338,e0ccc090-727b-4ede-906f-b9eab015a0ba
upper_tier,balcony,E,127,Balcony 2,5076,71.0,1327.64,474.2,1,0,d32bd1e7-6a36-4299-9d46-9efb6a6bbf6f,183339,141283b6-9c6d-4df6-96cc-f2cfe09421e5
upper_tier,balcony,F,101,Balcony 2,5076,71.0,965.38,357.5,1,0,508abfcd-4c8e-495f-8752-00b5fdd71cb3,183246,6507b0a8-d00c-49fb-8bfe-99d4ec86f355
upper_tier,balcony,F,103,Balcony 2,5076,71.0,995.7,359.34,1,0,508abfcd-4c8e-495f-8752-00b5fdd71cb3,183247,32e207e8-ee50-4d9f-98d7-47f1cb1d5b5d
upper_tier,balcony,F,105,Balcony 2,5076,71.0,1026.0,361.25,1,0,508abfcd-4c8e-495f-8752-00b5fdd71cb3,183248,93148afa-5751-46bf-a645-20c067278594
upper_tier,balcony,F,107,Balcony 2,5076,71.0,1056.32,364.11,1,0,508abfcd-4c8e-495f-8752-00b5fdd71cb3,183249,2383a65b-0db3-407f-a234-13876a837eea
upper_tier,balcony,F,109,Balcony 2,5076,71.0,1086.63,367.93,1,0,508abfcd-4c8e-495f-8752-00b5fdd71cb3,183250,deb4c2e2-4f8f-4e7a-9060-321878bfd6d4
upper_tier,balcony,F,111,Balcony 2,5076,71.0,1116.94,372.69,1,0,508abfcd-4c8e-495f-8752-00b5fdd71cb3,183251,4ddc26bf-2251-4044-a14b-6d5af5375c36
upper_tier,balcony,F,113,Balcony 2,5076,71.0,1147.26,378.31,1,0,508abfcd-4c8e-495f-8752-00b5fdd71cb3,183252,c3af5f36-88f6-4791-84f4-71dc708210cd
upper_tier,balcony,F,115,Balcony 2,5076,71.0,1177.57,383.79,1,0,508abfcd-4c8e-495f-8752-00b5fdd71cb3,183253,548690f8-fbf9-4cf0-af24-0c4e78d8f44e
upper_tier,balcony,F,117,Balcony 2,5076,71.0,1207.88,391.13,1,0,508abfcd-4c8e-495f-8752-00b5fdd71cb3,183254,48f15881-7423-49f6-962f-791277d18638
upper_tier,balcony,F,119,Balcony 2,5076,71.0,1238.19,399.3,1,0,508abfcd-4c8e-495f-8752-00b5fdd71cb3,183255,07d23f8d-d779-494d-96cc-e2db2e249039
upper_tier,balcony,F,121,Balcony 2,5076,71.0,1268.51,408.29,1,0,508abfcd-4c8e-495f-8752-00b5fdd71cb3,183256,869b59e9-2b11-4c4d-b00d-d77da8b99a2a
upper_tier,balcony,F,123,Balcony 2,5076,71.0,1298.82,418.14,1,0,508abfcd-4c8e-495f-8752-00b5fdd71cb3,183257,af5c9827-8113-4033-9590-9d550206c4c1
upper_tier,balcony,F,125,Balcony 2,5076,71.0,1329.14,428.59,1,0,508abfcd-4c8e-495f-8752-00b5fdd71cb3,183258,3e4acc36-ff3e-44f1-a6ce-6ad641023ce4
upper_tier,balcony,G,101,Balcony 2,5076,71.0,965.26,311.15,1,0,508abfcd-4c8e-495f-8752-00b5fdd71cb3,183166,5498f39f-5304-4a28-b820-78caefb84bf2
upper_tier,balcony,G,103,Balcony 2,5076,71.0,993.36,312.2,1,0,508abfcd-4c8e-495f-8752-00b5fdd71cb3,183167,b8ceaedf-e339-4988-8887-6756e413eb18
upper_tier,balcony,G,105,Balcony 3,5078,37.0,1021.46,313.85,1,0,508abfcd-4c8e-495f-8752-00b5fdd71cb3,183168,c172efd9-6358-4295-a545-5a897ac76be2
upper_tier,balcony,G,107,Balcony 3,5078,37.0,1049.55,316.58,1,0,508abfcd-4c8e-495f-8752-00b5fdd71cb3,183169,2cd40e67-7bf8-452a-8c08-00fcc77777ec
upper_tier,balcony,G,109,Balcony 3,5078,37.0,1077.64,320.25,1,0,508abfcd-4c8e-495f-8752-00b5fdd71cb3,183170,820a4007-99d7-4a34-99e9-6bb18dc173f7
upper_tier,balcony,G,111,Balcony 3,5078,37.0,1105.74,324.91,1,0,508abfcd-4c8e-495f-8752-00b5fdd71cb3,183171,660a423f-c296-4b2c-9b92-59b6ef333185
upper_tier,balcony,G,113,Balcony 3,5078,37.0,1133.83,329.49,1,0,508abfcd-4c8e-495f-8752-00b5fdd71cb3,183172,03c61a31-27ef-4967-83a4-3b839d667e52
upper_tier,balcony,G,115,Balcony 3,5078,37.0,1161.93,334.93,1,0,508abfcd-4c8e-495f-8752-00b5fdd71cb3,183173,83936154-7e5c-42b2-85ce-7ffc8ba5be16
upper_tier,balcony,G,117,Balcony 3,5078,37.0,1190.02,340.23,1,0,508abfcd-4c8e-495f-8752-00b5fdd71cb3,183174,f460aec0-899a-4a8b-9bc9-bf1378caf044
upper_tier,balcony,G,119,Balcony 3,5078,37.0,1218.12,347.38,1,0,508abfcd-4c8e-495f-8752-00b5fdd71cb3,183175,57be260c-890e-447f-99d4-bcac48afecab
upper_tier,balcony,G,121,Balcony 3,5078,37.0,1246.21,355.37,1,0,508abfcd-4c8e-495f-8752-00b5fdd71cb3,183176,8afba977-654b-45e5-a17e-c259f8dbe2ee
upper_tier,balcony,G,123,Balcony 3,5078,37.0,1274.3,363.18,1,0,508abfcd-4c8e-495f-8752-00b5fdd71cb3,183177,84f5af59-aef2-4fd5-b7ad-18007e4702d6
upper_tier,balcony,G,125,Balcony 3,5078,37.0,1302.4,372.86,1,0,508abfcd-4c8e-495f-8752-00b5fdd71cb3,183178,1ccfe425-8a6c-4329-8545-39aba0678cd4
upper_tier,balcony,G,127,Balcony 3,5078,37.0,1330.49,382.52,1,0,508abfcd-4c8e-495f-8752-00b5fdd71cb3,183179,4d8c22bb-8e21-4083-a7d9-15901f91d23c
upper_tier,balcony,H,101,Balcony 2,5076,71.0,965.3,265.32,1,0,508abfcd-4c8e-495f-8752-00b5fdd71cb3,183086,fb3097c0-bb3a-45fa-9b2e-efcc513c7989
upper_tier,balcony,H,103,Balcony 2,5076,71.0,995.86,266.54,1,0,508abfcd-4c8e-495f-8752-00b5fdd71cb3,183087,749d6b35-ca30-4699-8a2e-defa07a88ab3
upper_tier,balcony,H,105,Balcony 3,5078,37.0,1026.43,267.84,1,0,508abfcd-4c8e-495f-8752-00b5fdd71cb3,183088,d1676cad-0345-46d8-bb89-4eac0bab1398
upper_tier,balcony,H,107,Balcony 3,5078,37.0,1056.99,271.08,1,0,508abfcd-4c8e-495f-8752-00b5fdd71cb3,183089,63943ff1-f5ba-4779-95f7-5da534f48777
upper_tier,balcony,H,109,Balcony 3,5078,37.0,1087.55,275.3,1,0,508abfcd-4c8e-495f-8752-00b5fdd71cb3,183090,9a9bc743-27f1-4a5f-84ff-adcefbde4d07
upper_tier,balcony,H,111,Balcony 3,5078,37.0,1118.12,280.45,1,0,508abfcd-4c8e-495f-8752-00b5fdd71cb3,183091,c8266ce0-ce69-4a64-9faa-e36655786210
upper_tier,balcony,H,113,Balcony 3,5078,37.0,1148.68,285.46,1,0,508abfcd-4c8e-495f-8752-00b5fdd71cb3,183092,8f3c8a6d-d197-400c-b4c6-5a07825fbae2
upper_tier,balcony,H,115,Balcony 3,5078,37.0,1179.24,292.34,1,0,508abfcd-4c8e-495f-8752-00b5fdd71cb3,183093,adec6d64-42cc-4743-8a96-7b6aa0567fbd
upper_tier,balcony,H,117,Balcony 3,5078,37.0,1209.8,300.05,1,0,508abfcd-4c8e-495f-8752-00b5fdd71cb3,183094,50c7e10c-717b-408f-829c-b654cb5bb416
upper_tier,balcony,H,119,Balcony 3,5078,37.0,1240.37,307.61,1,0,508abfcd-4c8e-495f-8752-00b5fdd71cb3,183095,869c9d1d-1e10-463d-bc85-fa6c1d5b3ea4
upper_tier,balcony,H,121,Balcony 3,5078,37.0,1270.93,316.99,1,0,508abfcd-4c8e-495f-8752-00b5fdd71cb3,183096,4312ab29-aee3-4037-9873-e7b33347a71e
upper_tier,balcony,H,123,Balcony 3,5078,37.0,1301.5,326.23,1,0,508abfcd-4c8e-495f-8752-00b5fdd71cb3,183097,dbe67cdb-badf-4e8b-83fe-bdb51cccd797
upper_tier,balcony,H,125,Balcony 3,5078,37.0,1332.06,337.46,1,0,508abfcd-4c8e-495f-8752-00b5fdd71cb3,183098,716a9c5a-97fa-486e-8109-8ac2f583961b
upper_tier,balcony,J,101,Balcony 2,5076,71.0,965.26,219.1,1,0,508abfcd-4c8e-495f-8752-00b5fdd71cb3,183006,653c8172-d5aa-47ed-9c17-d9eead1fa21b
upper_tier,balcony,J,103,Balcony 2,5076,71.0,993.59,220.16,1,0,508abfcd-4c8e-495f-8752-00b5fdd71cb3,183007,fc1ab4b6-8a63-47a6-89dc-e4bbf64fc1d2
upper_tier,balcony,J,105,Balcony 3,5078,37.0,1021.91,221.8,1,0,508abfcd-4c8e-495f-8752-00b5fdd71cb3,183008,82c50141-b00c-43c1-ab9a-5dd32c0d0cfb
upper_tier,balcony,J,107,Balcony 3,5078,37.0,1050.23,224.53,1,0,508abfcd-4c8e-495f-8752-00b5fdd71cb3,183009,8040983e-d692-49f4-93a6-1c53b8ce2381
upper_tier,balcony,J,109,Balcony 3,5078,37.0,1078.55,228.21,1,0,508abfcd-4c8e-495f-8752-00b5fdd71cb3,183010,f0df7227-5ed5-45ed-b943-875fa2feb749
upper_tier,balcony,J,111,Balcony 3,5078,37.0,1106.87,232.86,1,0,508abfcd-4c8e-495f-8752-00b5fdd71cb3,183011,cab2a2f7-291a-496a-9509-34c255b9cd68
upper_tier,balcony,J,113,Balcony 3,5078,37.0,1135.19,237.45,1,0,508abfcd-4c8e-495f-8752-00b5fdd71cb3,183012,f2168dc7-d43e-4f78-b950-4cc3e4d79d01
upper_tier,balcony,J,115,Balcony 3,5078,37.0,1163.51,242.89,1,0,508abfcd-4c8e-495f-8752-00b5fdd71cb3,183013,0cc88316-a71b-44ab-a8aa-578ab67d5926
upper_tier,balcony,J,117,Balcony 3,5078,37.0,1191.83,249.19,1,0,508abfcd-4c8e-495f-8752-00b5fdd71cb3,183014,69d5d6b0-751c-4ea8-a4b6-bc4adf68b119
upper_tier,balcony,J,119,Balcony 3,5078,37.0,1220.15,256.33,1,0,508abfcd-4c8e-495f-8752-00b5fdd71cb3,183015,3e0ee1dc-9362-4187-bba9-313bc56cbf8b
upper_tier,balcony,J,121,Balcony 3,5078,37.0,1248.48,264.32,1,0,508abfcd-4c8e-495f-8752-00b5fdd71cb3,183016,3cf4a967-64fa-419d-8a7c-6532b60c070d
upper_tier,balcony,J,123,Balcony 3,5078,37.0,1276.79,273.14,1,0,508abfcd-4c8e-495f-8752-00b5fdd71cb3,183017,f815081e-7eae-4cc7-a726-8bc3ddeefa0b
upper_tier,balcony,J,125,Balcony 3,5078,37.0,1305.12,281.82,1,0,508abfcd-4c8e-495f-8752-00b5fdd71cb3,183018,b15ac390-f3b4-43ad-b277-3ec7c096fcb3
upper_tier,balcony,J,127,Balcony 3,5078,37.0,1333.43,291.52,1,0,508abfcd-4c8e-495f-8752-00b5fdd71cb3,183019,84fa6369-3936-441a-91d3-ff21c81f2738
upper_tier,balcony,K,101,Balcony 2,5076,71.0,965.3,172.92,1,0,508abfcd-4c8e-495f-8752-00b5fdd71cb3,182926,f10c84f2-09cc-4b17-abeb-0cdc066b5ed1
upper_tier,balcony,K,103,Balcony 2,5076,71.0,996.11,174.14,1,0,508abfcd-4c8e-495f-8752-00b5fdd71cb3,182927,7f57a5ba-3d3f-4d5d-a638-6d839f7fe85a
upper_tier,balcony,K,105,Balcony 3,5078,37.0,1026.91,176.44,1,0,508abfcd-4c8e-495f-8752-00b5fdd71cb3,182928,93938315-a114-4a0a-a68d-f0a4fc247c1a
upper_tier,balcony,K,107,Balcony 3,5078,37.0,1057.72,179.69,1,0,508abfcd-4c8e-495f-8752-00b5fdd71cb3,182929,61bd1aa7-67aa-4688-8af6-fb033c728535
upper_tier,balcony,K,109,Balcony 3,5078,37.0,1088.53,182.9,1,0,508abfcd-4c8e-495f-8752-00b5fdd71cb3,182930,67426499-c26e-4a60-9c6d-7efa31379635
upper_tier,balcony,K,111,Balcony 3,5078,37.0,1119.34,188.05,1,0,508abfcd-4c8e-495f-8752-00b5fdd71cb3,182931,4044d57b-5f3d-4121-9f43-d1cd78ecaaae
upper_tier,balcony,K,113,Balcony 3,5078,37.0,1150.14,193.06,1,0,508abfcd-4c8e-495f-8752-00b5fdd71cb3,182932,f388adf8-72e5-433b-a181-1b68af0fb10e
upper_tier,balcony,K,115,Balcony 3,5078,37.0,1180.95,199.94,1,0,508abfcd-4c8e-495f-8752-00b5fdd71cb3,182933,438346e6-582f-4662-a5ba-f4531149179f
upper_tier,balcony,K,117,Balcony 3,5078,37.0,1211.75,207.65,1,0,508abfcd-4c8e-495f-8752-00b5fdd71cb3,182934,666b5b6a-2d20-4c61-a52e-a31c4032ff3a
upper_tier,balcony,K,119,Balcony 3,5078,37.0,1242.56,216.21,1,0,508abfcd-4c8e-495f-8752-00b5fdd71cb3,182935,148b6ff8-1a20-4221-8617-59baff2236a1
upper_tier,balcony,K,121,Balcony 3,5078,37.0,1273.37,226.59,1,0,508abfcd-4c8e-495f-8752-00b5fdd71cb3,182936,abc2bce8-84ef-4fd2-aab3-758ed908ead0
upper_tier,balcony,K,123,Balcony 3,5078,37.0,1304.18,236.84,1,0,508abfcd-4c8e-495f-8752-00b5fdd71cb3,182937,7ae673e0-6765-4f78-852e-4478faef784d
upper_tier,balcony,K,125,Balcony 3,5078,37.0,1334.98,247.08,1,0,508abfcd-4c8e-495f-8752-00b5fdd71cb3,182938,ed786146-4686-4d4b-9824-d65d7d7bcbd4
upper_tier,balcony,L,101,Balcony 2,5076,71.0,965.3,126.66,1,0,508abfcd-4c8e-495f-8752-00b5fdd71cb3,182846,a995927f-8b06-424c-be06-8f8f60286e38
upper_tier,balcony,L,103,Balcony 2,5076,71.0,996.23,127.88,1,0,508abfcd-4c8e-495f-8752-00b5fdd71cb3,182847,33d25ebc-05fb-493f-8959-1e6ba08c7207
upper_tier,balcony,L,105,Balcony 3,5078,37.0,1027.16,130.18,1,0,508abfcd-4c8e-495f-8752-00b5fdd71cb3,182848,9a9c9987-7baf-4839-8796-810acc658f17
upper_tier,balcony,L,107,Balcony 3,5078,37.0,1058.09,133.43,1,0,508abfcd-4c8e-495f-8752-00b5fdd71cb3,182849,4732786b-924e-4f83-9ef2-14f4ecebb375
upper_tier,balcony,L,109,Balcony 3,5078,37.0,1089.02,137.64,1,0,508abfcd-4c8e-495f-8752-00b5fdd71cb3,182850,bf61dfe1-5b5e-47cb-b44e-9773ebd0d267
upper_tier,balcony,L,111,Balcony 3,5078,37.0,1119.95,141.79,1,0,508abfcd-4c8e-495f-8752-00b5fdd71cb3,182851,83c28032-35b3-48e3-bf80-08702a403f8a
upper_tier,balcony,L,113,Balcony 3,5078,37.0,1150.88,147.8,1,0,508abfcd-4c8e-495f-8752-00b5fdd71cb3,182852,af2b0da8-5b52-4298-9377-e0177fc4b12b
upper_tier,balcony,L,115,Balcony 3,5078,37.0,1181.81,154.68,1,0,508abfcd-4c8e-495f-8752-00b5fdd71cb3,182853,e3f93701-bfd0-4ee5-973d-4e8f13c16c3e
upper_tier,balcony,L,117,Balcony 3,5078,37.0,1212.73,162.39,1,0,508abfcd-4c8e-495f-8752-00b5fdd71cb3,182854,f572473d-c345-4868-b29b-b1a2ef55e4bd
upper_tier,balcony,L,119,Balcony 3,5078,37.0,1243.67,170.95,1,0,508abfcd-4c8e-495f-8752-00b5fdd71cb3,182855,07618f68-ce0f-44d3-b474-8773ad70ff8c
upper_tier,balcony,L,121,Balcony 3,5078,37.0,1274.6,180.33,1,0,508abfcd-4c8e-495f-8752-00b5fdd71cb3,182856,9c05f97d-1e05-4fee-818d-abebf31b606a
upper_tier,balcony,L,123,Balcony 3,5078,37.0,1305.53,189.57,1,0,508abfcd-4c8e-495f-8752-00b5fdd71cb3,182857,aaf5b590-99b1-4136-9aef-1505a05efffa
upper_tier,balcony,L,125,Balcony 3,5078,37.0,1336.46,200.89,1,0,508abfcd-4c8e-495f-8752-00b5fdd71cb3,182858,a8369aa9-b643-4752-81b7-958538f29634
upper_tier,balcony,A,102,Balcony 1,5074,86.0,915.32,588.13,1,0,765278ec-6864-4974-8578-6af8b3802090,183642,46ef63da-08bc-4f95-8512-e25f36658057
upper_tier,balcony,A,104,Balcony 1,5074,86.0,887.51,588.39,1,0,765278ec-6864-4974-8578-6af8b3802090,183641,5ce2f5ea-66fd-4759-acd1-76829afb0365
upper_tier,balcony,A,106,Balcony 1,5074,86.0,859.71,590.24,1,0,765278ec-6864-4974-8578-6af8b3802090,183640,6a7b208e-3b8b-401b-9b3c-7deda809d1fe
upper_tier,balcony,A,108,Balcony 1,5074,86.0,831.9,593.15,1,0,765278ec-6864-4974-8578-6af8b3802090,183639,23a22930-5c15-4bac-b577-ba808611b067
upper_tier,balcony,A,110,Balcony 1,5074,86.0,804.1,597.01,1,0,765278ec-6864-4974-8578-6af8b3802090,183638,db8a506f-2a76-438d-b6b2-ca695dd40e79
upper_tier,balcony,A,112,Balcony 1,5074,86.0,776.3,600.84,1,0,765278ec-6864-4974-8578-6af8b3802090,183637,2b1541be-3f97-4b0c-a355-fcf9e58c8575
upper_tier,balcony,A,114,Balcony 1,5074,86.0,748.49,606.61,1,0,765278ec-6864-4974-8578-6af8b3802090,183636,ddb1b0ab-d095-428a-8116-259ee13b8294
upper_tier,balcony,A,116,Balcony 1,5074,86.0,720.69,612.23,1,0,765278ec-6864-4974-8578-6af8b3802090,183635,6d5c21c5-17ef-4c90-9d0a-58d336315c86
upper_tier,balcony,A,126,Balcony 1,5074,86.0,583.31,649.06,1,0,765278ec-6864-4974-8578-6af8b3802090,183630,0d7f164f-908e-4569-8f51-4a0054f4b139
upper_tier,balcony,A,128,Balcony 1,5074,86.0,557.46,658.15,1,0,765278ec-6864-4974-8578-6af8b3802090,183629,4f246b5d-a626-4342-84f6-f66e1b6e52a0
upper_tier,balcony,B,102,Balcony 1,5074,86.0,915.32,540.81,1,0,765278ec-6864-4974-8578-6af8b3802090,183562,52d07d0f-d362-4d3a-9843-73ab6ab91265
upper_tier,balcony,B,104,Balcony 1,5074,86.0,887.66,542.07,1,0,765278ec-6864-4974-8578-6af8b3802090,183561,4ec9ec7e-41b2-4f77-b9ea-9fca51d7c5ff
upper_tier,balcony,B,106,Balcony 1,5074,86.0,860.0,543.91,1,0,765278ec-6864-4974-8578-6af8b3802090,183560,0b662d09-b11a-40e2-921f-054644731d26
upper_tier,balcony,B,108,Balcony 1,5074,86.0,832.33,546.82,1,0,765278ec-6864-4974-8578-6af8b3802090,183559,97321e90-8667-4013-a85a-7284198b14ce
upper_tier,balcony,B,110,Balcony 1,5074,86.0,804.67,550.69,1,0,765278ec-6864-4974-8578-6af8b3802090,183558,017aa8fb-2356-4e9f-8cc0-5910417389d0
upper_tier,balcony,B,112,Balcony 1,5074,86.0,777.01,555.52,1,0,765278ec-6864-4974-8578-6af8b3802090,183557,f0c8ea47-7cb1-4fff-a6ea-65bbe6e9567f
upper_tier,balcony,B,114,Balcony 1,5074,86.0,749.35,560.28,1,0,765278ec-6864-4974-8578-6af8b3802090,183556,d2ffc1a1-5089-4531-a288-62476eebe062
upper_tier,balcony,B,116,Balcony 1,5074,86.0,721.69,565.91,1,0,765278ec-6864-4974-8578-6af8b3802090,183555,edeab4b9-7e3d-46d0-9a6e-9171589a27d7
upper_tier,balcony,B,126,Balcony 1,5074,86.0,583.49,601.74,1,0,765278ec-6864-4974-8578-6af8b3802090,183550,eebdd4fa-563a-4225-af31-66eb449b6d51
upper_tier,balcony,B,128,Balcony 1,5074,86.0,557.18,612.04,1,0,765278ec-6864-4974-8578-6af8b3802090,183549,26a50883-6467-4eb0-bfa6-8126f44d9252
upper_tier,balcony,C,102,Balcony 1,5074,86.0,915.32,495.12,1,0,765278ec-6864-4974-8578-6af8b3802090,183482,34a65b64-89e0-45f8-816f-cf0c281a0327
upper_tier,balcony,C,104,Balcony 1,5074,86.0,887.68,495.38,1,0,765278ec-6864-4974-8578-6af8b3802090,183481,f8b28401-894b-4c91-9fcb-266326cf19b9
upper_tier,balcony,C,106,Balcony 1,5074,86.0,860.04,497.22,1,0,765278ec-6864-4974-8578-6af8b3802090,183480,cc1bc8b4-dc3d-4928-ac8d-734b3852eab0
upper_tier,balcony,C,108,Balcony 1,5074,86.0,832.4,500.13,1,0,765278ec-6864-4974-8578-6af8b3802090,183479,729628a0-3557-473d-8498-bd4df15385c6
upper_tier,balcony,C,110,Balcony 1,5074,86.0,804.76,504.0,1,0,765278ec-6864-4974-8578-6af8b3802090,183478,d6ba522f-191a-4afb-9be3-5e0d20f56674
upper_tier,balcony,C,112,Balcony 1,5074,86.0,777.12,507.83,1,0,765278ec-6864-4974-8578-6af8b3802090,183477,8c33ed96-3523-4dc4-a680-379ad0b1f927
upper_tier,balcony,C,114,Balcony 1,5074,86.0,749.48,512.59,1,0,765278ec-6864-4974-8578-6af8b3802090,183476,04244967-5dd1-4a5f-9497-e85e21874622
upper_tier,balcony,C,116,Balcony 1,5074,86.0,721.84,517.22,1,0,765278ec-6864-4974-8578-6af8b3802090,183475,b4ae7085-c7ee-4194-9239-d6dfb6ce9399
upper_tier,balcony,C,118,Balcony 1,5074,86.0,694.19,523.7,1,0,765278ec-6864-4974-8578-6af8b3802090,183474,13be0a58-70c0-49ff-8e24-74872ee89b13
upper_tier,balcony,C,120,Balcony 1,5074,86.0,666.55,531.03,1,0,765278ec-6864-4974-8578-6af8b3802090,183473,8277c57e-07a3-491f-91be-c1f16e5bfba0
upper_tier,balcony,C,122,Balcony 1,5074,86.0,638.91,539.2,1,0,765278ec-6864-4974-8578-6af8b3802090,183472,709ce85a-aeaf-46c3-b3c9-fbdd48268dac
upper_tier,balcony,C,124,Balcony 1,5074,86.0,611.27,547.19,1,0,765278ec-6864-4974-8578-6af8b3802090,183471,3c6ebe3c-5799-451e-9b14-bf59f50f9f85
upper_tier,balcony,C,126,Balcony 1,5074,86.0,583.63,556.05,1,0,765278ec-6864-4974-8578-6af8b3802090,183470,4bba5959-0fa7-4e0a-9dbb-4735bd4551a6
upper_tier,balcony,C,128,Balcony 1,5074,86.0,555.99,565.79,1,0,765278ec-6864-4974-8578-6af8b3802090,183469,b5f48ed1-8851-4af7-b83a-7ac91b00ade4
upper_tier,balcony,D,102,Balcony 1,5074,86.0,915.41,450.77,1,0,765278ec-6864-4974-8578-6af8b3802090,183402,5885afba-8637-4d56-9d0e-b660cad0ddb1
upper_tier,balcony,D,104,Balcony 1,5074,86.0,885.33,450.65,1,0,765278ec-6864-4974-8578-6af8b3802090,183401,8ae1c3f0-ddd0-402d-8299-675f34d9b198
upper_tier,balcony,D,106,Balcony 1,5074,86.0,855.24,452.6,1,0,765278ec-6864-4974-8578-6af8b3802090,183400,67f6cf3e-bed8-4e85-ac9b-97260b41bf5e
upper_tier,balcony,D,108,Balcony 1,5074,86.0,825.15,455.5,1,0,765278ec-6864-4974-8578-6af8b3802090,183399,ebbe4ae8-a5e1-49be-b772-b3c17fa8e9bb
upper_tier,balcony,D,110,Balcony 1,5074,86.0,795.07,459.37,1,0,765278ec-6864-4974-8578-6af8b3802090,183398,a483dcbc-2f52-4943-81aa-6e26749fa107
upper_tier,balcony,D,112,Balcony 1,5074,86.0,764.98,463.17,1,0,765278ec-6864-4974-8578-6af8b3802090,183397,47813f94-6a8f-4886-9ffa-b97cf2fe838e
upper_tier,balcony,D,114,Balcony 1,5074,86.0,734.89,468.84,1,0,765278ec-6864-4974-8578-6af8b3802090,183396,51e69875-6621-4e92-92ee-33c400cc40e0
upper_tier,balcony,D,116,Balcony 1,5074,86.0,704.81,475.36,1,0,765278ec-6864-4974-8578-6af8b3802090,183395,61aa9e35-d6fc-4dbe-b671-c58bb2a48eb7
upper_tier,balcony,D,118,Balcony 1,5074,86.0,674.72,482.73,1,0,765278ec-6864-4974-8578-6af8b3802090,183394,b4514de3-62dd-4df4-9cb6-f27df3f623c7
upper_tier,balcony,D,120,Balcony 1,5074,86.0,644.63,490.93,1,0,765278ec-6864-4974-8578-6af8b3802090,183393,b83742ce-0851-40ae-9d46-39c4fd969b42
upper_tier,balcony,D,122,Balcony 1,5074,86.0,614.55,499.96,1,0,765278ec-6864-4974-8578-6af8b3802090,183392,288193c3-89f6-4946-a95e-7ee36dad3a6e
upper_tier,balcony,D,124,Balcony 1,5074,86.0,584.46,509.58,1,0,765278ec-6864-4974-8578-6af8b3802090,183391,31239e4e-9ac3-4c49-a6e8-5a847c0972c8
upper_tier,balcony,D,126,Balcony 1,5074,86.0,554.37,520.66,1,0,765278ec-6864-4974-8578-6af8b3802090,183390,94c717d0-f8a0-49fd-badd-68fe8ac44c34
upper_tier,balcony,E,102,Balcony 2,5076,71.0,915.32,403.48,1,0,765278ec-6864-4974-8578-6af8b3802090,183322,b3c7b353-3c67-401f-ac1c-b34bd29db255
upper_tier,balcony,E,104,Balcony 2,5076,71.0,887.45,403.74,1,0,765278ec-6864-4974-8578-6af8b3802090,183321,7600588e-65c0-452a-8260-c777ef2ba90b
upper_tier,balcony,E,106,Balcony 2,5076,71.0,859.59,405.59,1,0,765278ec-6864-4974-8578-6af8b3802090,183320,92616179-5cc7-419b-8ba5-7aae0541b733
upper_tier,balcony,E,108,Balcony 2,5076,71.0,831.73,408.5,1,0,765278ec-6864-4974-8578-6af8b3802090,183319,4c827556-bf5f-4e6f-9188-6b98926699fe
upper_tier,balcony,E,110,Balcony 2,5076,71.0,803.86,412.36,1,0,765278ec-6864-4974-8578-6af8b3802090,183318,403c6711-8f77-42b1-bea5-bcf1c66e48c9
upper_tier,balcony,E,112,Balcony 2,5076,71.0,775.99,416.19,1,0,765278ec-6864-4974-8578-6af8b3802090,183317,7e581fcf-b66b-4545-b4cd-1f41b8359180
upper_tier,balcony,E,114,Balcony 2,5076,71.0,748.12,420.95,1,0,765278ec-6864-4974-8578-6af8b3802090,183316,5baf848a-ef4c-4545-a311-fcfb59ad79cb
upper_tier,balcony,E,116,Balcony 2,5076,71.0,720.26,425.58,1,0,765278ec-6864-4974-8578-6af8b3802090,183315,e7e5ad2d-9d55-4caf-82ed-57a1c8c01fc9
upper_tier,balcony,E,118,Balcony 2,5076,71.0,692.39,432.06,1,0,765278ec-6864-4974-8578-6af8b3802090,183314,113bca7b-86c9-42fd-bcfe-29072b3e46ed
upper_tier,balcony,E,120,Balcony 2,5076,71.0,664.52,439.39,1,0,765278ec-6864-4974-8578-6af8b3802090,183313,76dc7e46-c941-4985-959d-11b16a02e7d1
upper_tier,balcony,E,122,Balcony 2,5076,71.0,636.66,446.56,1,0,765278ec-6864-4974-8578-6af8b3802090,183312,b7baf00f-25ba-4093-8921-7dfaf1806f18
upper_tier,balcony,E,124,Balcony 2,5076,71.0,608.79,455.56,1,0,765278ec-6864-4974-8578-6af8b3802090,183311,debd28a4-1311-4a08-97b4-a373f0a9117a
upper_tier,balcony,E,126,Balcony 2,5076,71.0,580.92,464.41,1,0,765278ec-6864-4974-8578-6af8b3802090,183310,07d69ee5-914a-4b69-982f-c2107798e980
upper_tier,balcony,E,128,Balcony 2,5076,71.0,553.06,474.2,1,0,765278ec-6864-4974-8578-6af8b3802090,183309,75dd5139-1557-4109-8111-bf70a44abaec
upper_tier,balcony,F,102,Balcony 2,5076,71.0,915.32,357.51,1,0,d674174e-c37d-4d1f-a2fd-888a4d9ed971,183242,fc705146-164b-4b29-a18c-76f2a7cdc7d1
upper_tier,balcony,F,104,Balcony 2,5076,71.0,885.01,359.34,1,0,d674174e-c37d-4d1f-a2fd-888a4d9ed971,183241,41e2f3db-c54a-480d-88f0-4f020b1fc4ba
upper_tier,balcony,F,106,Balcony 2,5076,71.0,854.7,361.25,1,0,d674174e-c37d-4d1f-a2fd-888a4d9ed971,183240,21776a4d-f997-4c17-a972-fd5d16bb5a13
upper_tier,balcony,F,108,Balcony 2,5076,71.0,824.38,364.11,1,0,d674174e-c37d-4d1f-a2fd-888a4d9ed971,183239,ed6a3f42-4dd9-4ddb-bd7e-34e00c939281
upper_tier,balcony,F,110,Balcony 2,5076,71.0,794.07,367.94,1,0,d674174e-c37d-4d1f-a2fd-888a4d9ed971,183238,bf85b397-ccf8-405c-9819-104d615dc652
upper_tier,balcony,F,112,Balcony 2,5076,71.0,763.76,372.7,1,0,d674174e-c37d-4d1f-a2fd-888a4d9ed971,183237,b915c63f-7952-4312-84da-1f8f96fab0a0
upper_tier,balcony,F,114,Balcony 2,5076,71.0,733.45,378.32,1,0,d674174e-c37d-4d1f-a2fd-888a4d9ed971,183236,1cde895d-c7c9-49c2-9d3b-ea2b64f95930
upper_tier,balcony,F,116,Balcony 2,5076,71.0,703.13,383.81,1,0,d674174e-c37d-4d1f-a2fd-888a4d9ed971,183235,2ba7e1aa-c327-44f4-9dd4-f89a52863873
upper_tier,balcony,F,118,Balcony 2,5076,71.0,672.82,391.14,1,0,d674174e-c37d-4d1f-a2fd-888a4d9ed971,183234,961b9a34-ce88-4adb-8071-8a465f388d4f
upper_tier,balcony,F,120,Balcony 2,5076,71.0,642.51,399.31,1,0,d674174e-c37d-4d1f-a2fd-888a4d9ed971,183233,ff8df0cc-24be-4bfc-b70d-ee759cb47e8a
upper_tier,balcony,F,122,Balcony 2,5076,71.0,612.19,408.29,1,0,d674174e-c37d-4d1f-a2fd-888a4d9ed971,183232,df77ffe8-20e3-432f-9305-cb9e21dd7714
upper_tier,balcony,F,124,Balcony 2,5076,71.0,581.88,418.15,1,0,d674174e-c37d-4d1f-a2fd-888a4d9ed971,183231,a7f4faa7-86b4-4b25-927c-8bd9c5dbd480
upper_tier,balcony,F,126,Balcony 2,5076,71.0,551.57,428.61,1,0,d674174e-c37d-4d1f-a2fd-888a4d9ed971,183230,bfb9270a-459d-495b-84ac-b95b0762154a
upper_tier,balcony,G,102,Balcony 2,5076,71.0,915.44,311.15,1,0,d674174e-c37d-4d1f-a2fd-888a4d9ed971,183162,2b2773e2-3e2d-4f69-8b04-75d036a61292
upper_tier,balcony,G,104,Balcony 2,5076,71.0,887.34,312.2,1,0,d674174e-c37d-4d1f-a2fd-888a4d9ed971,183161,282886ed-c160-4a15-a56b-9777e162221a
upper_tier,balcony,G,106,Balcony 3,5078,37.0,859.24,313.85,1,0,d674174e-c37d-4d1f-a2fd-888a4d9ed971,183160,3915bbae-e010-4987-abce-cd49a85c93cc
upper_tier,balcony,G,108,Balcony 3,5078,37.0,831.15,316.58,1,0,d674174e-c37d-4d1f-a2fd-888a4d9ed971,183159,8648026f-b430-44d8-a9f4-14a478118559
upper_tier,balcony,G,110,Balcony 3,5078,37.0,803.06,320.27,1,0,d674174e-c37d-4d1f-a2fd-888a4d9ed971,183158,2fe1b7be-50f9-471f-99f1-da90954a87d1
upper_tier,balcony,G,112,Balcony 3,5078,37.0,774.97,324.91,1,0,d674174e-c37d-4d1f-a2fd-888a4d9ed971,183157,66d0dccc-8067-4ac3-9ede-59b148c34be6
upper_tier,balcony,G,114,Balcony 3,5078,37.0,746.87,329.49,1,0,d674174e-c37d-4d1f-a2fd-888a4d9ed971,183156,a3236a36-832b-4123-876c-86e7484fd572
upper_tier,balcony,G,116,Balcony 3,5078,37.0,718.77,334.94,1,0,d674174e-c37d-4d1f-a2fd-888a4d9ed971,183155,ae1ec81a-4e46-4c1c-99f6-1b2991e606c8
upper_tier,balcony,G,118,Balcony 3,5078,37.0,690.68,340.24,1,0,d674174e-c37d-4d1f-a2fd-888a4d9ed971,183154,58f57556-aa05-483f-ab8a-f3804aa58a30
upper_tier,balcony,G,120,Balcony 3,5078,37.0,662.59,347.38,1,0,d674174e-c37d-4d1f-a2fd-888a4d9ed971,183153,04a90cbf-e225-4f7a-9072-21b0925d2354
upper_tier,balcony,G,122,Balcony 3,5078,37.0,634.49,355.37,1,0,d674174e-c37d-4d1f-a2fd-888a4d9ed971,183152,d5403421-4158-4f37-8ec2-85672ec5a540
upper_tier,balcony,G,124,Balcony 3,5078,37.0,606.4,363.19,1,0,d674174e-c37d-4d1f-a2fd-888a4d9ed971,183151,22ae11da-9fd4-4ce4-aa77-363ee203be18
upper_tier,balcony,G,126,Balcony 3,5078,37.0,578.31,372.87,1,0,d674174e-c37d-4d1f-a2fd-888a4d9ed971,183150,ba9fc04a-c25a-473f-8a08-28e25e1f1a26
upper_tier,balcony,G,128,Balcony 3,5078,37.0,550.21,382.53,1,0,d674174e-c37d-4d1f-a2fd-888a4d9ed971,183149,5b765a25-3fff-40df-8795-4dc8693308f6
upper_tier,balcony,H,102,Balcony 2,5076,71.0,915.4,265.33,1,0,d674174e-c37d-4d1f-a2fd-888a4d9ed971,183082,72f6f953-2fd0-4b97-bf91-0060ded5fb89
upper_tier,balcony,H,104,Balcony 2,5076,71.0,884.84,266.55,1,0,d674174e-c37d-4d1f-a2fd-888a4d9ed971,183081,7c485c71-ad27-4402-9dd9-a141415a9976
upper_tier,balcony,H,106,Balcony 3,5078,37.0,854.28,267.85,1,0,d674174e-c37d-4d1f-a2fd-888a4d9ed971,183080,dab1636f-820b-46c3-814d-61491aeea9c8
upper_tier,balcony,H,108,Balcony 3,5078,37.0,823.71,271.09,1,0,d674174e-c37d-4d1f-a2fd-888a4d9ed971,183079,f9e5236c-418d-4ebd-9d0f-cae7b340f147
upper_tier,balcony,H,110,Balcony 3,5078,37.0,793.15,275.31,1,0,d674174e-c37d-4d1f-a2fd-888a4d9ed971,183078,381d734b-8f1a-42a9-89bc-b66f5a505aa5
upper_tier,balcony,H,112,Balcony 3,5078,37.0,762.59,280.46,1,0,d674174e-c37d-4d1f-a2fd-888a4d9ed971,183077,d367acfa-543c-4724-b557-ad34245dce0a
upper_tier,balcony,H,114,Balcony 3,5078,37.0,732.02,285.47,1,0,d674174e-c37d-4d1f-a2fd-888a4d9ed971,183076,0c1decea-5d5d-413d-ab2e-3c5a3f372dec
upper_tier,balcony,H,116,Balcony 3,5078,37.0,701.46,292.34,1,0,d674174e-c37d-4d1f-a2fd-888a4d9ed971,183075,b2c6c8c8-b135-42fd-a656-c501908befd8
upper_tier,balcony,H,118,Balcony 3,5078,37.0,670.9,300.06,1,0,d674174e-c37d-4d1f-a2fd-888a4d9ed971,183074,3839e930-0e47-4f35-9bd5-db9a8a5b0999
upper_tier,balcony,H,120,Balcony 3,5078,37.0,640.33,307.61,1,0,d674174e-c37d-4d1f-a2fd-888a4d9ed971,183073,25ca1360-083e-42e3-a98a-d18e606b17d3
upper_tier,balcony,H,122,Balcony 3,5078,37.0,609.77,316.99,1,0,d674174e-c37d-4d1f-a2fd-888a4d9ed971,183072,16d1a3f5-2562-44ff-a08f-4c431de61efc
upper_tier,balcony,H,124,Balcony 3,5078,37.0,579.21,327.24,1,0,d674174e-c37d-4d1f-a2fd-888a4d9ed971,183071,44ede0eb-c1e2-4495-a400-39767f18dff7
upper_tier,balcony,H,126,Balcony 3,5078,37.0,548.64,337.47,1,0,d674174e-c37d-4d1f-a2fd-888a4d9ed971,183070,a3c55917-ee81-43d2-8127-5e55ae993324
upper_tier,balcony,J,102,Balcony 2,5076,71.0,915.44,219.11,1,0,d674174e-c37d-4d1f-a2fd-888a4d9ed971,183002,ea20bacb-7db0-40d1-af67-d74e5b739db4
upper_tier,balcony,J,104,Balcony 2,5076,71.0,887.11,220.16,1,0,d674174e-c37d-4d1f-a2fd-888a4d9ed971,183001,7b39a00e-3d64-4046-bc38-d5acc7195b14
upper_tier,balcony,J,106,Balcony 3,5078,37.0,858.8,221.81,1,0,d674174e-c37d-4d1f-a2fd-888a4d9ed971,183000,6f8c8373-64cd-413f-9d85-7887631803da
upper_tier,balcony,J,108,Balcony 3,5078,37.0,830.47,224.54,1,0,d674174e-c37d-4d1f-a2fd-888a4d9ed971,182999,dd26bdeb-7885-4d4c-b8f7-d337dc75ccb1
upper_tier,balcony,J,110,Balcony 3,5078,37.0,802.15,228.22,1,0,d674174e-c37d-4d1f-a2fd-888a4d9ed971,182998,54b4f472-622b-4b62-97b4-f1c7382ff4eb
upper_tier,balcony,J,112,Balcony 3,5078,37.0,773.83,232.87,1,0,d674174e-c37d-4d1f-a2fd-888a4d9ed971,182997,e9e6a488-bc9e-4b65-89fa-a08d78480c9d
upper_tier,balcony,J,114,Balcony 3,5078,37.0,745.51,237.45,1,0,d674174e-c37d-4d1f-a2fd-888a4d9ed971,182996,f4109b2e-735c-4902-817b-061ee016f1a6
upper_tier,balcony,J,116,Balcony 3,5078,37.0,717.19,242.89,1,0,d674174e-c37d-4d1f-a2fd-888a4d9ed971,182995,7f7e3c83-40be-4d8d-aa44-3abe1bf51734
upper_tier,balcony,J,118,Balcony 3,5078,37.0,688.87,249.19,1,0,d674174e-c37d-4d1f-a2fd-888a4d9ed971,182994,cdb34ef9-e0ad-4699-b1d8-c6596bc3d097
upper_tier,balcony,J,120,Balcony 3,5078,37.0,660.55,256.34,1,0,d674174e-c37d-4d1f-a2fd-888a4d9ed971,182993,01b03c1d-04c1-4399-b6ed-e49f34cbbec3
upper_tier,balcony,J,122,Balcony 3,5078,37.0,632.23,264.33,1,0,d674174e-c37d-4d1f-a2fd-888a4d9ed971,182992,c8807749-be2f-44e9-b27c-3c9506307a7b
upper_tier,balcony,J,124,Balcony 3,5078,37.0,603.91,272.14,1,0,d674174e-c37d-4d1f-a2fd-888a4d9ed971,182991,2aed655e-d2fb-417a-a61c-bbae8bdbcf02
upper_tier,balcony,J,126,Balcony 3,5078,37.0,575.59,281.82,1,0,d674174e-c37d-4d1f-a2fd-888a4d9ed971,182990,4b751df5-3637-4222-bce1-9da8ef78c9e9
upper_tier,balcony,J,128,Balcony 3,5078,37.0,546.26,291.53,1,0,d674174e-c37d-4d1f-a2fd-888a4d9ed971,182989,e43d758c-be0d-459f-8a95-ce5795634f48
upper_tier,balcony,K,102,Balcony 2,5076,71.0,915.4,172.93,1,0,d674174e-c37d-4d1f-a2fd-888a4d9ed971,182922,3adb4c1a-182d-4b9e-951b-6dab87d5a6b2
upper_tier,balcony,K,104,Balcony 2,5076,71.0,884.59,174.15,1,0,d674174e-c37d-4d1f-a2fd-888a4d9ed971,182921,29db8a4a-408b-42a8-a4a5-58759ed7ee33
upper_tier,balcony,K,106,Balcony 3,5078,37.0,853.79,176.45,1,0,d674174e-c37d-4d1f-a2fd-888a4d9ed971,182920,472cc5cc-8a2b-4efc-8366-34b61c8a20bf
upper_tier,balcony,K,108,Balcony 3,5078,37.0,822.98,179.69,1,0,d674174e-c37d-4d1f-a2fd-888a4d9ed971,182919,ba136470-3a58-4044-aa63-ef075533eb97
upper_tier,balcony,K,110,Balcony 3,5078,37.0,792.18,182.91,1,0,d674174e-c37d-4d1f-a2fd-888a4d9ed971,182918,c6d4bf8b-66a5-466e-b2a7-0a937555380b
upper_tier,balcony,K,112,Balcony 3,5078,37.0,761.37,188.06,1,0,d674174e-c37d-4d1f-a2fd-888a4d9ed971,182917,2d23a37b-4f37-4821-b562-46214acc0886
upper_tier,balcony,K,114,Balcony 3,5078,37.0,730.56,193.07,1,0,d674174e-c37d-4d1f-a2fd-888a4d9ed971,182916,6a30ae70-da9a-4d5e-a805-9e9ffa52916f
upper_tier,balcony,K,116,Balcony 3,5078,37.0,699.76,199.94,1,0,d674174e-c37d-4d1f-a2fd-888a4d9ed971,182915,e5c997b0-209e-4804-9eb6-a552a00e63cb
upper_tier,balcony,K,118,Balcony 3,5078,37.0,668.95,207.66,1,0,d674174e-c37d-4d1f-a2fd-888a4d9ed971,182914,87f3544d-5f13-4041-937f-2e2fd8ea070c
upper_tier,balcony,K,120,Balcony 3,5078,37.0,638.14,216.22,1,0,d674174e-c37d-4d1f-a2fd-888a4d9ed971,182913,47b41258-60eb-4f7d-9cd3-7ff748ebe35d
upper_tier,balcony,K,122,Balcony 3,5078,37.0,607.34,225.6,1,0,d674174e-c37d-4d1f-a2fd-888a4d9ed971,182912,28168d2c-0157-4d0b-a316-3f728f9155a5
upper_tier,balcony,K,124,Balcony 3,5078,37.0,576.53,234.84,1,0,d674174e-c37d-4d1f-a2fd-888a4d9ed971,182911,be3cf68e-737a-4443-b24d-6e75f94e893c
upper_tier,balcony,K,126,Balcony 3,5078,37.0,545.72,246.08,1,0,d674174e-c37d-4d1f-a2fd-888a4d9ed971,182910,af79d42e-ccf3-4242-a67b-e87829a1c28e
upper_tier,balcony,L,102,Balcony 2,5076,71.0,915.4,126.67,1,0,d674174e-c37d-4d1f-a2fd-888a4d9ed971,182842,91ae13ab-c168-4a58-8bb1-056e97a2542b
upper_tier,balcony,L,104,Balcony 2,5076,71.0,884.47,127.89,1,0,d674174e-c37d-4d1f-a2fd-888a4d9ed971,182841,3d7adebb-8a66-4692-a932-95d04ea0a50b
upper_tier,balcony,L,106,Balcony 3,5078,37.0,853.54,130.19,1,0,d674174e-c37d-4d1f-a2fd-888a4d9ed971,182840,39d20f9b-eb23-45db-84f0-fb6a065bb91a
upper_tier,balcony,L,108,Balcony 3,5078,37.0,822.61,133.43,1,0,d674174e-c37d-4d1f-a2fd-888a4d9ed971,182839,f6d68917-9830-4314-aeef-7a65eb728d9b
upper_tier,balcony,L,110,Balcony 3,5078,37.0,791.68,137.65,1,0,d674174e-c37d-4d1f-a2fd-888a4d9ed971,182838,e1ea90be-317b-4885-aa15-f6a6e3203d97
upper_tier,balcony,L,112,Balcony 3,5078,37.0,760.75,141.8,1,0,d674174e-c37d-4d1f-a2fd-888a4d9ed971,182837,944748a3-0be9-4821-a4b7-64a9d40719a2
upper_tier,balcony,L,114,Balcony 3,5078,37.0,729.82,147.81,1,0,d674174e-c37d-4d1f-a2fd-888a4d9ed971,182836,a55d4f28-6280-4d53-bd39-810d9244da6c
upper_tier,balcony,L,116,Balcony 3,5078,37.0,698.9,154.68,1,0,d674174e-c37d-4d1f-a2fd-888a4d9ed971,182835,3e666fc5-402b-4a72-9353-307afe75250b
upper_tier,balcony,L,118,Balcony 3,5078,37.0,667.96,162.4,1,0,d674174e-c37d-4d1f-a2fd-888a4d9ed971,182834,da394326-41b8-4871-b6d7-64a2cf34dc86
upper_tier,balcony,L,120,Balcony 3,5078,37.0,637.03,170.95,1,0,d674174e-c37d-4d1f-a2fd-888a4d9ed971,182833,ecb78d87-43ce-4474-bca4-a3eda9f76e56
upper_tier,balcony,L,122,Balcony 3,5078,37.0,606.1,180.33,1,0,d674174e-c37d-4d1f-a2fd-888a4d9ed971,182832,b0e4c624-21d6-4470-ba6d-e69e5a2df833
upper_tier,balcony,L,124,Balcony 3,5078,37.0,575.18,189.58,1,0,d674174e-c37d-4d1f-a2fd-888a4d9ed971,182831,96010401-112e-4130-b9c4-24ec7bf9a27d
upper_tier,balcony,L,126,Balcony 3,5078,37.0,544.25,200.9,1,0,d674174e-c37d-4d1f-a2fd-888a4d9ed971,182830,4bf31d2c-858c-44f5-bc91-fc582c7e3ca7
upper_tier,balcony,A,1,Balcony 1,5074,86.0,1370.99,676.67,1,0,532ecdaa-67f3-4463-901d-a9802207bea8,183663,8a06bc3c-43db-4819-aa6b-7a6084231f41
upper_tier,balcony,A,3,Balcony 1,5074,86.0,1397.35,687.49,1,0,532ecdaa-67f3-4463-901d-a9802207bea8,183664,4e4d0831-c526-4704-85d6-0b78968a1302
upper_tier,balcony,A,5,Balcony 1,5074,86.0,1423.72,698.2,1,0,532ecdaa-67f3-4463-901d-a9802207bea8,183665,e5bb0f7a-6a9c-4cf0-bb32-506ec98d6a88
upper_tier,balcony,A,7,Balcony 1,5074,86.0,1450.09,708.39,1,0,532ecdaa-67f3-4463-901d-a9802207bea8,183666,5ff2df75-103f-4be1-bf65-50dd4bc7a177
upper_tier,balcony,A,9,Balcony 1,5074,86.0,1476.45,718.09,1,0,532ecdaa-67f3-4463-901d-a9802207bea8,183667,0fe03347-19a4-4977-8d66-c434da04309b
upper_tier,balcony,A,11,Balcony 1,5074,86.0,1502.84,727.02,1,0,532ecdaa-67f3-4463-901d-a9802207bea8,183668,4facd09e-1984-40dc-a24d-52a5bce62379
upper_tier,balcony,A,13,Balcony 1,5074,86.0,1529.2,735.01,1,0,532ecdaa-67f3-4463-901d-a9802207bea8,183669,83829f8d-4578-49ad-816a-c2c2a6783ba4
upper_tier,balcony,A,15,Balcony 1,5074,86.0,1555.57,741.85,1,0,532ecdaa-67f3-4463-901d-a9802207bea8,183670,b350876f-9c7f-44b9-8925-3e0b84bf0274
upper_tier,balcony,A,17,Balcony 1,5074,86.0,1581.93,748.5,1,0,532ecdaa-67f3-4463-901d-a9802207bea8,183671,fff0d947-4811-4b72-8399-9976b1de1dba
upper_tier,balcony,A,19,Balcony 1,5074,86.0,1608.29,754.1,1,0,532ecdaa-67f3-4463-901d-a9802207bea8,183672,e5fcd3a2-b435-4352-bfab-295fa9e3f9c3
upper_tier,balcony,B,1,Balcony 1,5074,86.0,1372.41,629.33,1,0,532ecdaa-67f3-4463-901d-a9802207bea8,183583,bdcc0783-b0e9-4a8c-a051-15a252f5c1dd
upper_tier,balcony,B,3,Balcony 1,5074,86.0,1399.06,639.97,1,0,532ecdaa-67f3-4463-901d-a9802207bea8,183584,124dc51d-6578-4024-aa6b-620bac082c3b
upper_tier,balcony,B,5,Balcony 2,5076,71.0,1425.72,650.55,1,0,532ecdaa-67f3-4463-901d-a9802207bea8,183585,12f58a2d-30ea-46da-bc8f-de54a48fc6c3
upper_tier,balcony,B,7,Balcony 2,5076,71.0,1452.37,660.6,1,0,532ecdaa-67f3-4463-901d-a9802207bea8,183586,3e1a2a7f-82c2-458b-8ca1-5bc1602b8bb6
upper_tier,balcony,B,9,Balcony 2,5076,71.0,1479.02,670.15,1,0,532ecdaa-67f3-4463-901d-a9802207bea8,183587,5dd75648-6c59-43b4-8962-f844039725a3
upper_tier,balcony,B,11,Balcony 2,5076,71.0,1505.7,678.94,1,0,532ecdaa-67f3-4463-901d-a9802207bea8,183588,2dc13e6f-ce22-4fcf-b066-43c1dbe94a3f
upper_tier,balcony,B,13,Balcony 2,5076,71.0,1532.35,686.8,1,0,532ecdaa-67f3-4463-901d-a9802207bea8,183589,fdced011-48fa-4cec-b85f-f05c311f0a1d
upper_tier,balcony,B,15,Balcony 2,5076,71.0,1559.0,694.5,1,0,532ecdaa-67f3-4463-901d-a9802207bea8,183590,5e507e0a-9d50-45d2-b52a-dc23d1b890d5
upper_tier,balcony,B,17,Balcony 2,5076,71.0,1585.66,701.01,1,0,532ecdaa-67f3-4463-901d-a9802207bea8,183591,afbc208f-9db2-4173-adc3-9f77f09d8e67
upper_tier,balcony,B,19,Balcony 2,5076,71.0,1612.31,706.64,1,0,532ecdaa-67f3-4463-901d-a9802207bea8,183592,e353ab2f-272c-422e-b855-cf8794c85398
upper_tier,balcony,C,1,Balcony 1,5074,86.0,1373.8,583.0,1,0,532ecdaa-67f3-4463-901d-a9802207bea8,183503,2dfae0f7-831c-4dbe-8a79-678baceb4495
upper_tier,balcony,C,3,Balcony 1,5074,86.0,1400.7,594.6,1,0,532ecdaa-67f3-4463-901d-a9802207bea8,183504,5d27583b-4f19-434a-bc53-bbb3726328cc
upper_tier,balcony,C,5,Balcony 2,5076,71.0,1427.62,605.18,1,0,532ecdaa-67f3-4463-901d-a9802207bea8,183505,c346e550-0f73-4628-8beb-f11465beb4e2
upper_tier,balcony,C,7,Balcony 2,5076,71.0,1454.53,615.23,1,0,532ecdaa-67f3-4463-901d-a9802207bea8,183506,c927b304-09e4-4835-ac46-ccbdd7487829
upper_tier,balcony,C,9,Balcony 2,5076,71.0,1481.43,624.79,1,0,532ecdaa-67f3-4463-901d-a9802207bea8,183507,0dedd155-3e2a-4d59-98d1-2ad3e340d7a9
upper_tier,balcony,C,11,Balcony 2,5076,71.0,1508.37,633.58,1,0,532ecdaa-67f3-4463-901d-a9802207bea8,183508,c15d8282-794c-4b47-b5b1-9c06d332efc6
upper_tier,balcony,C,13,Balcony 2,5076,71.0,1535.28,641.44,1,0,532ecdaa-67f3-4463-901d-a9802207bea8,183509,2c07cf9e-7964-423c-8007-44f9e194ff1d
upper_tier,balcony,C,15,Balcony 2,5076,71.0,1562.19,649.13,1,0,532ecdaa-67f3-4463-901d-a9802207bea8,183510,90f141f0-7508-4f1b-9e2a-d1726f7408c9
upper_tier,balcony,C,17,Balcony 2,5076,71.0,1589.11,655.64,1,0,532ecdaa-67f3-4463-901d-a9802207bea8,183511,219ba2cb-d177-485e-a644-5fe7837499ce
upper_tier,balcony,C,19,Balcony 2,5076,71.0,1616.02,661.43,1,0,532ecdaa-67f3-4463-901d-a9802207bea8,183512,ce1c2d4c-2b42-4c32-9810-2d129863b2eb
upper_tier,balcony,D,1,Balcony 1,5074,86.0,1375.03,537.75,1,0,532ecdaa-67f3-4463-901d-a9802207bea8,183423,ebb0d41a-6ea8-4ca6-a4fa-b7eaa2bd80e9
upper_tier,balcony,D,3,Balcony 1,5074,86.0,1402.27,548.73,1,0,532ecdaa-67f3-4463-901d-a9802207bea8,183424,b754044b-cfd5-4365-a270-8ee547c51563
upper_tier,balcony,D,5,Balcony 2,5076,71.0,1429.51,559.72,1,0,532ecdaa-67f3-4463-901d-a9802207bea8,183425,b11d914a-c8ec-4e0f-8496-d070fc2e0550
upper_tier,balcony,D,7,Balcony 2,5076,71.0,1456.75,571.18,1,0,532ecdaa-67f3-4463-901d-a9802207bea8,183426,57a7be53-3933-413e-9a1e-21d1b37bfd22
upper_tier,balcony,D,9,Balcony 2,5076,71.0,1483.99,580.16,1,0,532ecdaa-67f3-4463-901d-a9802207bea8,183427,0a306c8c-7637-4372-ae94-a5b28d93c060
upper_tier,balcony,D,11,Balcony 2,5076,71.0,1511.25,589.36,1,0,532ecdaa-67f3-4463-901d-a9802207bea8,183428,59ca6c04-7739-4140-972b-2ebd68730ddc
upper_tier,balcony,D,13,Balcony 2,5076,71.0,1538.49,597.63,1,0,532ecdaa-67f3-4463-901d-a9802207bea8,183429,44a90da6-44a6-4f03-b634-30f5a85fb200
upper_tier,balcony,D,15,Balcony 2,5076,71.0,1565.73,604.74,1,0,532ecdaa-67f3-4463-901d-a9802207bea8,183430,a2dc2b05-68ff-4e61-b5a2-2e739f2aade8
upper_tier,balcony,D,17,Balcony 2,5076,71.0,1592.97,610.66,1,0,532ecdaa-67f3-4463-901d-a9802207bea8,183431,960bd056-6666-42ff-af8f-9b4dd788e983
upper_tier,balcony,D,19,Balcony 2,5076,71.0,1620.21,616.05,1,0,532ecdaa-67f3-4463-901d-a9802207bea8,183432,9b16f118-25c7-45ce-b7fe-f3a7b7aafdc2
upper_tier,balcony,E,1,Balcony 2,5076,71.0,1376.49,493.06,1,0,532ecdaa-67f3-4463-901d-a9802207bea8,183343,c6d10eda-fd9f-4a6e-88be-a676337f093b
upper_tier,balcony,E,3,Balcony 2,5076,71.0,1404.0,503.99,1,0,532ecdaa-67f3-4463-901d-a9802207bea8,183344,fdee4eb6-70d7-402a-b2db-59d072243ac8
upper_tier,balcony,E,5,Balcony 3,5078,37.0,1431.52,514.98,1,0,532ecdaa-67f3-4463-901d-a9802207bea8,183345,b65b9f1a-7d55-4af6-97f1-87b42911001a
upper_tier,balcony,E,7,Balcony 3,5078,37.0,1459.03,525.45,1,0,532ecdaa-67f3-4463-901d-a9802207bea8,183346,03cb0484-9e05-4315-ab14-01a6a890353c
upper_tier,balcony,E,9,Balcony 3,5078,37.0,1486.54,534.42,1,0,532ecdaa-67f3-4463-901d-a9802207bea8,183347,fd57d2d5-fbf5-41d0-881c-cf0bc0944308
upper_tier,balcony,E,11,Balcony 3,5078,37.0,1514.07,543.62,1,0,532ecdaa-67f3-4463-901d-a9802207bea8,183348,2b6e1591-9ba8-4409-98e2-63109de4081c
upper_tier,balcony,E,13,Balcony 3,5078,37.0,1541.58,551.9,1,0,532ecdaa-67f3-4463-901d-a9802207bea8,183349,1f488a7e-1f34-4c22-be99-65bc4391222d
upper_tier,balcony,E,15,Balcony 3,5078,37.0,1569.09,559.01,1,0,532ecdaa-67f3-4463-901d-a9802207bea8,183350,f1ef4a6a-f830-4e7f-aec2-a60564e93d66
upper_tier,balcony,E,17,Balcony 3,5078,37.0,1596.61,564.93,1,0,532ecdaa-67f3-4463-901d-a9802207bea8,183351,cf8a624b-d70b-46ff-96ac-9e6497bc7556
upper_tier,balcony,E,19,Balcony 3,5078,37.0,1624.12,570.47,1,0,532ecdaa-67f3-4463-901d-a9802207bea8,183352,6a8535c8-85cb-4e92-a1d2-c7bbd865056b
upper_tier,balcony,F,1,Balcony 2,5076,71.0,1377.77,447.17,1,0,94ecfdc2-b698-41c3-aa7d-972cbd4da5fc,183263,4559b0fd-6e4e-40f7-b769-fd4630f8e6a3
upper_tier,balcony,F,3,Balcony 2,5076,71.0,1405.46,458.62,1,0,94ecfdc2-b698-41c3-aa7d-972cbd4da5fc,183264,d653adfa-50f1-46ff-a4bf-80c99e263d81
upper_tier,balcony,F,5,Balcony 3,5078,37.0,1433.42,469.18,1,0,94ecfdc2-b698-41c3-aa7d-972cbd4da5fc,183265,befd34d7-d7e0-4873-9e51-995ba088d06a
upper_tier,balcony,F,7,Balcony 3,5078,37.0,1461.39,479.2,1,0,94ecfdc2-b698-41c3-aa7d-972cbd4da5fc,183266,adf72b0e-86d5-4fe1-96da-3a2c46bdff33
upper_tier,balcony,F,9,Balcony 3,5078,37.0,1489.36,488.74,1,0,94ecfdc2-b698-41c3-aa7d-972cbd4da5fc,183267,142229d2-a02a-4903-a1ec-79445a0e4585
upper_tier,balcony,F,11,Balcony 3,5078,37.0,1517.19,498.5,1,0,94ecfdc2-b698-41c3-aa7d-972cbd4da5fc,183268,7498a6fe-2b6d-4513-a7d6-7938e0d33fb9
upper_tier,balcony,F,13,Balcony 3,5078,37.0,1544.86,506.33,1,0,94ecfdc2-b698-41c3-aa7d-972cbd4da5fc,183269,3c512169-0b32-48d1-bf4f-0b17bffa5545
upper_tier,balcony,F,15,Balcony 3,5078,37.0,1572.52,514.0,1,0,94ecfdc2-b698-41c3-aa7d-972cbd4da5fc,183270,9e9cdce5-b4f5-467c-bca6-ba57fe0f63ce
upper_tier,balcony,F,17,Balcony 3,5078,37.0,1600.15,520.47,1,0,94ecfdc2-b698-41c3-aa7d-972cbd4da5fc,183271,b8f423d1-a467-4994-8b19-6a5cc8152899
upper_tier,balcony,F,19,Balcony 3,5078,37.0,1628.22,525.75,1,0,94ecfdc2-b698-41c3-aa7d-972cbd4da5fc,183272,8affabbc-5d64-4581-8da5-fdf170b26417
upper_tier,balcony,G,1,Balcony 3,5078,37.0,1379.36,402.35,1,0,94ecfdc2-b698-41c3-aa7d-972cbd4da5fc,183183,25f9bb73-96fb-48d8-8017-bdac063f502b
upper_tier,balcony,G,3,Balcony 3,5078,37.0,1407.44,412.77,1,0,94ecfdc2-b698-41c3-aa7d-972cbd4da5fc,183184,f6fd44af-5056-48d2-88e7-82db298703ae
upper_tier,balcony,G,5,Balcony 3,5078,37.0,1435.53,423.32,1,0,94ecfdc2-b698-41c3-aa7d-972cbd4da5fc,183185,a9f0dde9-6a2d-455b-8916-1613b9cb6cc7
upper_tier,balcony,G,7,Balcony 3,5078,37.0,1463.62,434.34,1,0,94ecfdc2-b698-41c3-aa7d-972cbd4da5fc,183186,38563846-02a5-421d-9fe8-5966a88a65bd
upper_tier,balcony,G,9,Balcony 3,5078,37.0,1491.69,443.88,1,0,94ecfdc2-b698-41c3-aa7d-972cbd4da5fc,183187,70d55ae3-b133-4b72-a7c5-a41f32616af9
upper_tier,balcony,G,11,Balcony 3,5078,37.0,1519.8,452.64,1,0,94ecfdc2-b698-41c3-aa7d-972cbd4da5fc,183188,72e9b057-a61f-4f41-850c-4d03f337e194
upper_tier,balcony,G,13,Balcony 3,5078,37.0,1547.89,461.48,1,0,94ecfdc2-b698-41c3-aa7d-972cbd4da5fc,183189,d622ae38-07d1-4e86-bae6-e7cda5be90c0
upper_tier,balcony,G,15,Balcony 3,5078,37.0,1575.97,468.14,1,0,94ecfdc2-b698-41c3-aa7d-972cbd4da5fc,183190,d1c3d068-fc9b-4e98-a0fa-5fd6466b816b
upper_tier,balcony,G,17,Balcony 3,5078,37.0,1604.05,474.61,1,0,94ecfdc2-b698-41c3-aa7d-972cbd4da5fc,183191,fdfaaca5-3471-4470-8487-3c1165db16d4
upper_tier,balcony,G,19,Balcony 3,5078,37.0,1632.13,480.04,1,0,94ecfdc2-b698-41c3-aa7d-972cbd4da5fc,183192,d75b74c1-8ba9-4b0a-bc0e-3bba54dc7a66
upper_tier,balcony,H,1,Balcony 3,5078,37.0,1381.6,356.5,1,0,94ecfdc2-b698-41c3-aa7d-972cbd4da5fc,183103,9996d9b1-c00e-4876-ab01-8ad5fb2c40a5
upper_tier,balcony,H,3,Balcony 3,5078,37.0,1409.91,368.24,1,0,94ecfdc2-b698-41c3-aa7d-972cbd4da5fc,183104,c1900aa1-46fb-4182-b569-d88abdb2984b
upper_tier,balcony,H,5,Balcony 3,5078,37.0,1438.21,380.01,1,0,94ecfdc2-b698-41c3-aa7d-972cbd4da5fc,183105,4f79f975-40f9-4c82-9dce-fd02a0c239b9
upper_tier,balcony,H,7,Balcony 3,5078,37.0,1466.52,389.99,1,0,94ecfdc2-b698-41c3-aa7d-972cbd4da5fc,183106,be202791-cf0a-43af-964d-efd9a764f778
upper_tier,balcony,H,9,Balcony 3,5078,37.0,1494.82,399.19,1,0,94ecfdc2-b698-41c3-aa7d-972cbd4da5fc,183107,643b8d6d-2b2d-41b0-a893-2c55cb98a4c4
upper_tier,balcony,H,11,Balcony 3,5078,37.0,1523.12,407.52,1,0,94ecfdc2-b698-41c3-aa7d-972cbd4da5fc,183108,fcb856d0-aaec-4d30-aaf6-bef50ac123ef
upper_tier,balcony,H,13,Balcony 3,5078,37.0,1551.43,416.85,1,0,94ecfdc2-b698-41c3-aa7d-972cbd4da5fc,183109,be3bd1f1-f52a-4528-9124-5171043a0932
upper_tier,balcony,H,15,Balcony 3,5078,37.0,1579.74,424.05,1,0,94ecfdc2-b698-41c3-aa7d-972cbd4da5fc,183110,6925071e-489d-48f3-ad26-4813db22c819
upper_tier,balcony,H,17,Balcony 3,5078,37.0,1608.03,429.98,1,0,94ecfdc2-b698-41c3-aa7d-972cbd4da5fc,183111,bd8a6d57-711f-4c96-89c7-4cd0978284a8
upper_tier,balcony,H,19,Balcony 3,5078,37.0,1636.34,435.62,1,0,94ecfdc2-b698-41c3-aa7d-972cbd4da5fc,183112,5865c41d-42a0-401b-9ffb-0632d95d9066
upper_tier,balcony,J,1,Balcony 3,5078,37.0,1383.11,311.24,1,0,94ecfdc2-b698-41c3-aa7d-972cbd4da5fc,183023,cc54e3f7-bb35-4488-b85d-a4ef578cb655
upper_tier,balcony,J,3,Balcony 3,5078,37.0,1411.69,322.94,1,0,94ecfdc2-b698-41c3-aa7d-972cbd4da5fc,183024,c035ecb2-8f30-438d-ae4a-40639df6594e
upper_tier,balcony,J,5,Balcony 3,5078,37.0,1440.27,333.71,1,0,94ecfdc2-b698-41c3-aa7d-972cbd4da5fc,183025,075c94d2-e7d3-4974-bdc8-42a886e87c91
upper_tier,balcony,J,7,Balcony 3,5078,37.0,1468.84,343.69,1,0,94ecfdc2-b698-41c3-aa7d-972cbd4da5fc,183026,24cea5b3-7d30-461d-b204-ef45671052e7
upper_tier,balcony,J,9,Balcony 3,5078,37.0,1497.41,353.89,1,0,94ecfdc2-b698-41c3-aa7d-972cbd4da5fc,183027,a7829576-208a-400a-b2b7-8aee05186bc2
upper_tier,balcony,J,11,Balcony 3,5078,37.0,1525.99,363.22,1,0,94ecfdc2-b698-41c3-aa7d-972cbd4da5fc,183028,83d763f6-4440-497e-a573-c22cc4d2c8e7
upper_tier,balcony,J,13,Balcony 3,5078,37.0,1554.56,371.55,1,0,94ecfdc2-b698-41c3-aa7d-972cbd4da5fc,183029,912d785f-bac8-4d4d-bc4e-1b5fbb54a5a4
upper_tier,balcony,J,15,Balcony 3,5078,37.0,1583.14,378.75,1,0,94ecfdc2-b698-41c3-aa7d-972cbd4da5fc,183030,7ca0201d-5784-44a7-86c4-a86162a7f371
upper_tier,balcony,J,17,Balcony 3,5078,37.0,1611.71,384.68,1,0,94ecfdc2-b698-41c3-aa7d-972cbd4da5fc,183031,cb4c0331-a56f-4481-8863-f98a6d5cf911
upper_tier,balcony,J,19,Balcony 3,5078,37.0,1640.29,389.51,1,0,94ecfdc2-b698-41c3-aa7d-972cbd4da5fc,183032,9b0ef835-bedb-494b-825f-b93d57d4dba3
upper_tier,balcony,K,1,Balcony 3,5078,37.0,1384.5,265.57,1,0,94ecfdc2-b698-41c3-aa7d-972cbd4da5fc,182943,117c50fb-e79d-4fe5-b834-064bc3453fbd
upper_tier,balcony,K,3,Balcony 3,5078,37.0,1413.34,277.23,1,0,94ecfdc2-b698-41c3-aa7d-972cbd4da5fc,182944,b38cf790-5add-4541-9903-099a43260eef
upper_tier,balcony,K,5,Balcony 3,5078,37.0,1442.18,287.99,1,0,94ecfdc2-b698-41c3-aa7d-972cbd4da5fc,182945,98d2bcf5-3ead-4fc9-837e-9251d4779d29
upper_tier,balcony,K,7,Balcony 3,5078,37.0,1471.02,297.98,1,0,94ecfdc2-b698-41c3-aa7d-972cbd4da5fc,182946,f6c438ab-90aa-4167-9878-53ebe1907217
upper_tier,balcony,K,9,Balcony 3,5078,37.0,1499.85,308.18,1,0,94ecfdc2-b698-41c3-aa7d-972cbd4da5fc,182947,892a6bf6-bb4e-4408-8ce3-ff8f1354812c
upper_tier,balcony,K,11,Balcony 3,5078,37.0,1528.68,317.51,1,0,94ecfdc2-b698-41c3-aa7d-972cbd4da5fc,182948,7ceac69d-83ef-45ba-86a2-4741c0972fbd
upper_tier,balcony,K,13,Balcony 3,5078,37.0,1557.52,325.84,1,0,94ecfdc2-b698-41c3-aa7d-972cbd4da5fc,182949,9be2237f-69be-4fb3-959b-40e4a54d5c49
upper_tier,balcony,K,15,Balcony 3,5078,37.0,1586.36,333.04,1,0,94ecfdc2-b698-41c3-aa7d-972cbd4da5fc,182950,d4cdfcfb-c219-4b25-9f46-d275c03efd2f
upper_tier,balcony,K,17,Balcony 3,5078,37.0,1615.2,338.97,1,0,94ecfdc2-b698-41c3-aa7d-972cbd4da5fc,182951,2116e4a6-17d6-4e77-9a9a-85c49f436785
upper_tier,balcony,K,19,Balcony 3,5078,37.0,1644.03,343.95,1,0,94ecfdc2-b698-41c3-aa7d-972cbd4da5fc,182952,44e5cf9d-aab4-4108-a715-a7f64773b11d
upper_tier,balcony,L,1,Balcony 3,5078,37.0,1385.89,220.09,1,0,94ecfdc2-b698-41c3-aa7d-972cbd4da5fc,182863,6ce644eb-a98c-4ee2-96a0-f02476186d44
upper_tier,balcony,L,3,Balcony 3,5078,37.0,1414.99,231.71,1,0,94ecfdc2-b698-41c3-aa7d-972cbd4da5fc,182864,2ce856b5-857d-4f1e-acc2-3df69359ad20
upper_tier,balcony,L,5,Balcony 3,5078,37.0,1444.08,242.48,1,0,94ecfdc2-b698-41c3-aa7d-972cbd4da5fc,182865,b6579e1f-32b6-459b-91fa-2d4180801674
upper_tier,balcony,L,7,Balcony 3,5078,37.0,1473.18,253.46,1,0,94ecfdc2-b698-41c3-aa7d-972cbd4da5fc,182866,0e7dce7d-e381-496f-8eef-66da55c0aba1
upper_tier,balcony,L,9,Balcony 3,5078,37.0,1502.27,262.66,1,0,94ecfdc2-b698-41c3-aa7d-972cbd4da5fc,182867,1d4388b3-20d1-442d-95b8-311db9003ef7
upper_tier,balcony,L,11,Balcony 3,5078,37.0,1531.37,271.99,1,0,94ecfdc2-b698-41c3-aa7d-972cbd4da5fc,182868,3b66822f-ab09-4509-9e7a-bd054b35fa27
upper_tier,balcony,L,13,Balcony 3,5078,37.0,1560.46,280.32,1,0,94ecfdc2-b698-41c3-aa7d-972cbd4da5fc,182869,dbdee425-4e38-47ba-ae5c-3c164f210a2b
upper_tier,balcony,L,15,Balcony 3,5078,37.0,1589.56,287.52,1,0,94ecfdc2-b698-41c3-aa7d-972cbd4da5fc,182870,d36f6abe-a3ff-4dac-add0-418c41f54a9f
upper_tier,balcony,L,17,Balcony 3,5078,37.0,1618.65,293.46,1,0,94ecfdc2-b698-41c3-aa7d-972cbd4da5fc,182871,4533d8f0-b7e4-47fc-9ed1-dfea4cf9663a
upper_tier,balcony,L,19,Balcony 3,5078,37.0,1647.75,298.58,1,0,94ecfdc2-b698-41c3-aa7d-972cbd4da5fc,182872,d26971a1-f3dd-4c69-99dc-299026f2b654
upper_tier,balcony,A,2,Balcony 1,5074,86.0,509.72,676.68,1,0,e9470926-6c54-4d55-b345-014c96726690,183625,b130b371-73c5-440f-af64-657672d94028
upper_tier,balcony,A,4,Balcony 1,5074,86.0,483.35,687.5,1,0,e9470926-6c54-4d55-b345-014c96726690,183624,8b620311-83ab-4170-a73d-26e90b887089
upper_tier,balcony,A,6,Balcony 1,5074,86.0,456.98,698.21,1,0,e9470926-6c54-4d55-b345-014c96726690,183623,309483ea-c6c8-4ee9-a91e-b3e62b07363a
upper_tier,balcony,A,8,Balcony 1,5074,86.0,430.62,708.4,1,0,e9470926-6c54-4d55-b345-014c96726690,183622,e796d59c-a04e-4737-a0c4-d522dd8ec6bb
upper_tier,balcony,A,10,Balcony 1,5074,86.0,404.25,718.1,1,0,e9470926-6c54-4d55-b345-014c96726690,183621,a37a65ce-e41b-463e-9f45-1e586eac70c6
upper_tier,balcony,A,12,Balcony 1,5074,86.0,377.87,727.03,1,0,e9470926-6c54-4d55-b345-014c96726690,183620,219b63bc-5c0d-4ea6-9236-ef47824baf52
upper_tier,balcony,A,14,Balcony 1,5074,86.0,351.5,735.03,1,0,e9470926-6c54-4d55-b345-014c96726690,183619,a457bf04-7dd9-45a7-97c6-d541883cdfe6
upper_tier,balcony,A,16,Balcony 1,5074,86.0,325.14,741.86,1,0,e9470926-6c54-4d55-b345-014c96726690,183618,9f01ebbc-5559-4a6d-b049-a8fbc4b0e760
upper_tier,balcony,A,18,Balcony 1,5074,86.0,298.77,748.51,1,0,e9470926-6c54-4d55-b345-014c96726690,183617,33de7920-a18d-48ea-a9d9-a9b4fc5c323e
upper_tier,balcony,A,20,Balcony 1,5074,86.0,272.41,754.11,1,0,e9470926-6c54-4d55-b345-014c96726690,183616,cfa358b7-280c-4191-b58d-b4ebf32d1f84
upper_tier,balcony,B,2,Balcony 1,5074,86.0,508.3,629.33,1,0,e9470926-6c54-4d55-b345-014c96726690,183545,af0bbe15-009a-4470-af7f-c52b4608eeb9
upper_tier,balcony,B,4,Balcony 1,5074,86.0,481.64,640.98,1,0,e9470926-6c54-4d55-b345-014c96726690,183544,eade5e7d-a89b-43cc-8f6d-9dce55fb562b
upper_tier,balcony,B,6,Balcony 2,5076,71.0,454.99,651.55,1,0,e9470926-6c54-4d55-b345-014c96726690,183543,5f6a73a6-c72c-4076-a347-4d9b44fcbcab
upper_tier,balcony,B,8,Balcony 2,5076,71.0,428.33,661.6,1,0,e9470926-6c54-4d55-b345-014c96726690,183542,a10bebc7-6b48-46b0-ba16-f361a78f4aff
upper_tier,balcony,B,10,Balcony 2,5076,71.0,401.68,671.16,1,0,e9470926-6c54-4d55-b345-014c96726690,183541,11d4f868-0f7e-41fd-a375-97dfadf40e7f
upper_tier,balcony,B,12,Balcony 2,5076,71.0,375.01,679.95,1,0,e9470926-6c54-4d55-b345-014c96726690,183540,df1c9158-3a7f-4896-977e-c79f9399a49d
upper_tier,balcony,B,14,Balcony 2,5076,71.0,348.36,687.81,1,0,e9470926-6c54-4d55-b345-014c96726690,183539,bd768b6d-8850-434c-924a-a53966801b28
upper_tier,balcony,B,16,Balcony 2,5076,71.0,321.7,695.5,1,0,e9470926-6c54-4d55-b345-014c96726690,183538,2e50dcde-834a-4e5d-a566-a8559452d1c7
upper_tier,balcony,B,18,Balcony 2,5076,71.0,295.05,702.01,1,0,e9470926-6c54-4d55-b345-014c96726690,183537,5ae18a28-1313-4007-b01d-db7994d1dc80
upper_tier,balcony,B,20,Balcony 2,5076,71.0,268.39,707.65,1,0,e9470926-6c54-4d55-b345-014c96726690,183536,5a7b8167-cf32-4e8d-b16c-13ee55d95a5f
upper_tier,balcony,C,2,Balcony 1,5074,86.0,506.91,583.01,1,0,e9470926-6c54-4d55-b345-014c96726690,183465,dfec26b4-d956-4522-84ec-2683c2af4534
upper_tier,balcony,C,4,Balcony 1,5074,86.0,480.0,594.61,1,0,e9470926-6c54-4d55-b345-014c96726690,183464,f9f28a54-130b-4907-9ffa-fa93389aa31d
upper_tier,balcony,C,6,Balcony 2,5076,71.0,453.09,605.19,1,0,e9470926-6c54-4d55-b345-014c96726690,183463,4a27ad1d-8244-4f0b-903a-b6ee220b4ba2
upper_tier,balcony,C,8,Balcony 2,5076,71.0,426.18,615.24,1,0,e9470926-6c54-4d55-b345-014c96726690,183462,84311809-0800-48e4-b0e1-7d1998b6b571
upper_tier,balcony,C,10,Balcony 2,5076,71.0,399.26,624.79,1,0,e9470926-6c54-4d55-b345-014c96726690,183461,b2c4d940-bb7c-4797-bf5f-2382a19a5a53
upper_tier,balcony,C,12,Balcony 2,5076,71.0,372.33,633.59,1,0,e9470926-6c54-4d55-b345-014c96726690,183460,75cec5cd-0928-4698-a2e3-1b122216fd42
upper_tier,balcony,C,14,Balcony 2,5076,71.0,345.42,641.44,1,0,e9470926-6c54-4d55-b345-014c96726690,183459,6765e979-4ea7-4e6c-8738-6600e7734e69
upper_tier,balcony,C,16,Balcony 2,5076,71.0,318.51,649.14,1,0,e9470926-6c54-4d55-b345-014c96726690,183458,352b7c09-0c0b-4e5c-80ab-dbee085a1799
upper_tier,balcony,C,18,Balcony 2,5076,71.0,291.6,655.65,1,0,e9470926-6c54-4d55-b345-014c96726690,183457,1746c353-7de9-4d6d-9cbc-cb586cf20fec
upper_tier,balcony,C,20,Balcony 2,5076,71.0,264.68,661.44,1,0,e9470926-6c54-4d55-b345-014c96726690,183456,2d7e2669-763a-49ca-b1e3-508c59a6bdb3
upper_tier,balcony,D,2,Balcony 1,5074,86.0,505.67,537.75,1,0,e9470926-6c54-4d55-b345-014c96726690,183385,1d054d4c-6453-4cda-9aab-4d4cfbdc6e7f
upper_tier,balcony,D,4,Balcony 1,5074,86.0,478.43,548.73,1,0,e9470926-6c54-4d55-b345-014c96726690,183384,2b396b0a-1728-438c-8b11-5440b55236cc
upper_tier,balcony,D,6,Balcony 2,5076,71.0,451.19,559.72,1,0,e9470926-6c54-4d55-b345-014c96726690,183383,ed87e56e-a285-4f0a-ba22-c3899396ea55
upper_tier,balcony,D,8,Balcony 2,5076,71.0,423.95,571.19,1,0,e9470926-6c54-4d55-b345-014c96726690,183382,c726190c-c6e0-48cd-8085-d92ee525cb85
upper_tier,balcony,D,10,Balcony 2,5076,71.0,396.71,580.17,1,0,e9470926-6c54-4d55-b345-014c96726690,183381,66dc6247-aaa5-4b20-9b21-429758329ea1
upper_tier,balcony,D,12,Balcony 2,5076,71.0,369.45,589.36,1,0,e9470926-6c54-4d55-b345-014c96726690,183380,f738059a-1999-4018-b2e6-6bd6f209bb79
upper_tier,balcony,D,14,Balcony 2,5076,71.0,342.21,597.63,1,0,e9470926-6c54-4d55-b345-014c96726690,183379,4e83597b-46d2-4e3f-a81b-3c4de6046ca9
upper_tier,balcony,D,16,Balcony 2,5076,71.0,314.97,604.75,1,0,e9470926-6c54-4d55-b345-014c96726690,183378,0af678ea-cba0-4e69-ad6e-04609963dbb7
upper_tier,balcony,D,18,Balcony 2,5076,71.0,287.73,611.67,1,0,e9470926-6c54-4d55-b345-014c96726690,183377,7c19a5a0-b41f-4eb4-b813-811f9223d396
upper_tier,balcony,D,20,Balcony 2,5076,71.0,260.49,617.05,1,0,e9470926-6c54-4d55-b345-014c96726690,183376,760eb594-d7b1-4536-8f40-5485e2e9e36e
upper_tier,balcony,E,2,Balcony 2,5076,71.0,504.22,493.06,1,0,e9470926-6c54-4d55-b345-014c96726690,183305,445055c7-4546-4500-8ad0-cf14ddda2020
upper_tier,balcony,E,4,Balcony 2,5076,71.0,476.7,504.0,1,0,e9470926-6c54-4d55-b345-014c96726690,183304,1a49b4a2-69bc-49bb-86a9-4787ccf02795
upper_tier,balcony,E,6,Balcony 3,5078,37.0,449.19,515.0,1,0,e9470926-6c54-4d55-b345-014c96726690,183303,12722325-8144-49b8-925d-b165a7df7c60
upper_tier,balcony,E,8,Balcony 3,5078,37.0,421.68,525.46,1,0,e9470926-6c54-4d55-b345-014c96726690,183302,439e47b0-c27d-4349-bb27-6954318a407a
upper_tier,balcony,E,10,Balcony 3,5078,37.0,394.16,534.44,1,0,e9470926-6c54-4d55-b345-014c96726690,183301,a669ab5c-e993-401d-83cc-4512bb46cc4a
upper_tier,balcony,E,12,Balcony 3,5078,37.0,366.63,543.63,1,0,e9470926-6c54-4d55-b345-014c96726690,183300,99ef6d57-8e7e-4010-a082-47922eb0c7f3
upper_tier,balcony,E,14,Balcony 3,5078,37.0,339.12,551.91,1,0,e9470926-6c54-4d55-b345-014c96726690,183299,534d502b-538a-450f-adf7-b9199d8fbac2
upper_tier,balcony,E,16,Balcony 3,5078,37.0,311.61,559.01,1,0,e9470926-6c54-4d55-b345-014c96726690,183298,9e20a978-97b8-4c9a-9d35-2a7f6df3b2e7
upper_tier,balcony,E,18,Balcony 3,5078,37.0,284.1,565.94,1,0,e9470926-6c54-4d55-b345-014c96726690,183297,320b11b0-efd2-4ee7-9439-486f68e2b610
upper_tier,balcony,E,20,Balcony 3,5078,37.0,256.59,571.48,1,0,e9470926-6c54-4d55-b345-014c96726690,183296,ec3d39c9-1d79-4eb3-b5fc-957dd98154cf
upper_tier,balcony,F,2,Balcony 2,5076,71.0,502.93,447.18,1,0,9648c9a7-6a9b-4f15-9a83-90b58da12d30,183225,69b39e30-78ab-4e29-9228-48a533466f22
upper_tier,balcony,F,4,Balcony 2,5076,71.0,475.25,458.63,1,0,9648c9a7-6a9b-4f15-9a83-90b58da12d30,183224,91de98a8-4333-4b19-b193-f01a06730fd5
upper_tier,balcony,F,6,Balcony 3,5078,37.0,447.28,469.19,1,0,9648c9a7-6a9b-4f15-9a83-90b58da12d30,183223,25d2ecd5-e145-4a17-a3e0-153f89c918e7
upper_tier,balcony,F,8,Balcony 3,5078,37.0,419.31,479.21,1,0,9648c9a7-6a9b-4f15-9a83-90b58da12d30,183222,2a0eed41-c1a5-4bd1-b4cf-47c27b759ef7
upper_tier,balcony,F,10,Balcony 3,5078,37.0,391.34,488.75,1,0,9648c9a7-6a9b-4f15-9a83-90b58da12d30,183221,c3214ea8-b9d0-4129-8576-d6cd29e00c74
upper_tier,balcony,F,12,Balcony 3,5078,37.0,363.51,498.51,1,0,9648c9a7-6a9b-4f15-9a83-90b58da12d30,183220,57661603-cb72-478e-b097-4d080a4ab4ff
upper_tier,balcony,F,14,Balcony 3,5078,37.0,335.84,506.34,1,0,9648c9a7-6a9b-4f15-9a83-90b58da12d30,183219,8d4f6ba0-f884-40de-b71b-d585633799d5
upper_tier,balcony,F,16,Balcony 3,5078,37.0,308.18,514.0,1,0,9648c9a7-6a9b-4f15-9a83-90b58da12d30,183218,736c34e8-3045-406c-b338-4bb574a1160c
upper_tier,balcony,F,18,Balcony 3,5078,37.0,280.55,520.48,1,0,9648c9a7-6a9b-4f15-9a83-90b58da12d30,183217,88c2a3e6-569d-4824-8464-449c8c255542
upper_tier,balcony,F,20,Balcony 3,5078,37.0,252.49,525.75,1,0,9648c9a7-6a9b-4f15-9a83-90b58da12d30,183216,3ce52d21-5183-432f-aead-518b54377afe
upper_tier,balcony,G,2,Balcony 3,5078,37.0,501.35,402.36,1,0,9648c9a7-6a9b-4f15-9a83-90b58da12d30,183145,ac48af57-c85f-42a1-b925-327553eef4fb
upper_tier,balcony,G,4,Balcony 3,5078,37.0,473.26,412.78,1,0,9648c9a7-6a9b-4f15-9a83-90b58da12d30,183144,717acd92-dcec-45a8-97e5-fe2b868ee37a
upper_tier,balcony,G,6,Balcony 3,5078,37.0,445.17,423.33,1,0,9648c9a7-6a9b-4f15-9a83-90b58da12d30,183143,a625c66b-90a8-437e-9fe0-86b350699c78
upper_tier,balcony,G,8,Balcony 3,5078,37.0,417.09,434.36,1,0,9648c9a7-6a9b-4f15-9a83-90b58da12d30,183142,191d9cd5-f677-4049-b41b-1ceab29d4d58
upper_tier,balcony,G,10,Balcony 3,5078,37.0,389.0,443.89,1,0,9648c9a7-6a9b-4f15-9a83-90b58da12d30,183141,6fe58bf2-27ef-4893-90ba-ca686e195578
upper_tier,balcony,G,12,Balcony 3,5078,37.0,360.9,452.65,1,0,9648c9a7-6a9b-4f15-9a83-90b58da12d30,183140,bcb41a68-a744-4c10-9732-6569df224698
upper_tier,balcony,G,14,Balcony 3,5078,37.0,332.82,461.48,1,0,9648c9a7-6a9b-4f15-9a83-90b58da12d30,183139,72a786b5-bb56-4e10-9fa4-ab98f6602350
upper_tier,balcony,G,16,Balcony 3,5078,37.0,304.74,468.15,1,0,9648c9a7-6a9b-4f15-9a83-90b58da12d30,183138,2d5feb99-d51b-40e5-9040-bb1a61960553
upper_tier,balcony,G,18,Balcony 3,5078,37.0,276.65,475.62,1,0,9648c9a7-6a9b-4f15-9a83-90b58da12d30,183137,9dc114b8-623c-4a41-bd3c-fde9cf219766
upper_tier,balcony,G,20,Balcony 3,5078,37.0,248.57,481.05,1,0,9648c9a7-6a9b-4f15-9a83-90b58da12d30,183136,5743c306-ab6b-4b36-b4b5-d80990effc33
upper_tier,balcony,H,2,Balcony 3,5078,37.0,499.1,356.51,1,0,9648c9a7-6a9b-4f15-9a83-90b58da12d30,183065,2c68e132-3125-44ce-b5a3-70c5daaa5dd8
upper_tier,balcony,H,4,Balcony 3,5078,37.0,470.79,368.25,1,0,9648c9a7-6a9b-4f15-9a83-90b58da12d30,183064,d0873e83-273a-4762-bea5-df92c8a03b05
upper_tier,balcony,H,6,Balcony 3,5078,37.0,442.49,380.01,1,0,9648c9a7-6a9b-4f15-9a83-90b58da12d30,183063,e863db6c-55d1-4f8a-bb5b-702806644a95
upper_tier,balcony,H,8,Balcony 3,5078,37.0,414.19,390.0,1,0,9648c9a7-6a9b-4f15-9a83-90b58da12d30,183062,87f822d0-b356-4bbe-9bc6-36031f9153f9
upper_tier,balcony,H,10,Balcony 3,5078,37.0,385.88,399.2,1,0,9648c9a7-6a9b-4f15-9a83-90b58da12d30,183061,019d9789-a3a8-4a19-b0ba-a36640e2df25
upper_tier,balcony,H,12,Balcony 3,5078,37.0,357.58,407.53,1,0,9648c9a7-6a9b-4f15-9a83-90b58da12d30,183060,2d364ad9-e24b-415a-984b-fa48fadf62c9
upper_tier,balcony,H,14,Balcony 3,5078,37.0,329.28,416.86,1,0,9648c9a7-6a9b-4f15-9a83-90b58da12d30,183059,975b376b-4b1b-4611-a652-bd6eaaf970a2
upper_tier,balcony,H,16,Balcony 3,5078,37.0,300.97,424.06,1,0,9648c9a7-6a9b-4f15-9a83-90b58da12d30,183058,470b70e7-f6c4-4f4a-a623-3a443011db76
upper_tier,balcony,H,18,Balcony 3,5078,37.0,272.67,430.98,1,0,9648c9a7-6a9b-4f15-9a83-90b58da12d30,183057,ecfe991d-7039-46f0-a9a5-085cc56d2c8d
upper_tier,balcony,H,20,Balcony 3,5078,37.0,244.36,435.62,1,0,9648c9a7-6a9b-4f15-9a83-90b58da12d30,183056,5d2ad839-64e1-47da-b6e0-8edc359e53a0
upper_tier,balcony,J,2,Balcony 3,5078,37.0,497.6,311.25,1,0,9648c9a7-6a9b-4f15-9a83-90b58da12d30,182985,6a16a3cc-0d3c-44a7-bbc6-8c2981f1fd30
upper_tier,balcony,J,4,Balcony 3,5078,37.0,469.02,322.95,1,0,9648c9a7-6a9b-4f15-9a83-90b58da12d30,182984,9293c5e4-e0d4-4eac-b145-0359a57b34d2
upper_tier,balcony,J,6,Balcony 3,5078,37.0,440.44,333.71,1,0,9648c9a7-6a9b-4f15-9a83-90b58da12d30,182983,fd8b4d17-61d8-4d2a-9e11-2f3d2e3370d5
upper_tier,balcony,J,8,Balcony 3,5078,37.0,411.87,343.7,1,0,9648c9a7-6a9b-4f15-9a83-90b58da12d30,182982,293fc967-e546-4176-abd8-c0b80cf4cf59
upper_tier,balcony,J,10,Balcony 3,5078,37.0,383.29,353.9,1,0,9648c9a7-6a9b-4f15-9a83-90b58da12d30,182981,18ddab4a-46ed-433f-8544-60a0abeb9727
upper_tier,balcony,J,12,Balcony 3,5078,37.0,354.71,363.23,1,0,9648c9a7-6a9b-4f15-9a83-90b58da12d30,182980,0cb595b8-10f0-4bde-9cfb-2d9dc1d9e69f
upper_tier,balcony,J,14,Balcony 3,5078,37.0,326.14,371.56,1,0,9648c9a7-6a9b-4f15-9a83-90b58da12d30,182979,3ac69b48-0e6f-4edd-93cc-3a577153b3cc
upper_tier,balcony,J,16,Balcony 3,5078,37.0,297.56,378.76,1,0,9648c9a7-6a9b-4f15-9a83-90b58da12d30,182978,5e5cb0ab-5dfd-465b-a85e-08a8306e71d0
upper_tier,balcony,J,18,Balcony 3,5078,37.0,268.99,385.68,1,0,9648c9a7-6a9b-4f15-9a83-90b58da12d30,182977,62813d0d-6de0-4450-bc7b-abd34598cbac
upper_tier,balcony,J,20,Balcony 3,5078,37.0,240.41,390.52,1,0,9648c9a7-6a9b-4f15-9a83-90b58da12d30,182976,6d02d724-b482-4838-bc2d-a24a203f3802
upper_tier,balcony,K,2,Balcony 3,5078,37.0,496.2,265.57,1,0,9648c9a7-6a9b-4f15-9a83-90b58da12d30,182905,faea7434-8f91-4ffd-a6f9-6f63b363653b
upper_tier,balcony,K,4,Balcony 3,5078,37.0,467.36,277.23,1,0,9648c9a7-6a9b-4f15-9a83-90b58da12d30,182904,32f8f694-ec86-41d1-85f1-3be1054944ff
upper_tier,balcony,K,6,Balcony 3,5078,37.0,438.53,288.0,1,0,9648c9a7-6a9b-4f15-9a83-90b58da12d30,182903,676a607d-ae3c-47c4-b206-b96cd64a3766
upper_tier,balcony,K,8,Balcony 3,5078,37.0,409.69,297.98,1,0,9648c9a7-6a9b-4f15-9a83-90b58da12d30,182902,5e6854fa-272e-4076-9703-b74d9d9d892c
upper_tier,balcony,K,10,Balcony 3,5078,37.0,380.86,308.18,1,0,9648c9a7-6a9b-4f15-9a83-90b58da12d30,182901,e59d171a-7ae9-411e-b7b4-cc0117347979
upper_tier,balcony,K,12,Balcony 3,5078,37.0,352.02,317.51,1,0,9648c9a7-6a9b-4f15-9a83-90b58da12d30,182900,378ee5e7-bbd1-4398-8fea-d41c23683519
upper_tier,balcony,K,14,Balcony 3,5078,37.0,323.18,325.84,1,0,9648c9a7-6a9b-4f15-9a83-90b58da12d30,182899,b5708523-89df-4eab-a486-6a67426e2b2a
upper_tier,balcony,K,16,Balcony 3,5078,37.0,294.35,333.04,1,0,9648c9a7-6a9b-4f15-9a83-90b58da12d30,182898,64f47c9b-2782-4c45-8531-e1b02697f90b
upper_tier,balcony,K,18,Balcony 3,5078,37.0,265.51,339.97,1,0,9648c9a7-6a9b-4f15-9a83-90b58da12d30,182897,60fe87ae-3fea-42fd-8c7f-8722b56ccd9e
upper_tier,balcony,K,20,Balcony 3,5078,37.0,236.67,344.96,1,0,9648c9a7-6a9b-4f15-9a83-90b58da12d30,182896,1fc511df-8ab6-46cc-a00f-561eb35de88d
upper_tier,balcony,L,2,Balcony 3,5078,37.0,494.82,220.09,1,0,9648c9a7-6a9b-4f15-9a83-90b58da12d30,182825,66077e25-c12b-4ba3-80ba-455f243e76c0
upper_tier,balcony,L,4,Balcony 3,5078,37.0,465.72,231.72,1,0,9648c9a7-6a9b-4f15-9a83-90b58da12d30,182824,52d148ff-ad8a-4062-83ad-f1acaca1629e
upper_tier,balcony,L,6,Balcony 3,5078,37.0,436.62,242.48,1,0,9648c9a7-6a9b-4f15-9a83-90b58da12d30,182823,fcc16be5-7f43-46b2-a93e-0fb3c7f2ebf7
upper_tier,balcony,L,8,Balcony 3,5078,37.0,407.53,253.47,1,0,9648c9a7-6a9b-4f15-9a83-90b58da12d30,182822,56bc76d4-a63a-4db8-b5b3-4da57614c06d
upper_tier,balcony,L,10,Balcony 3,5078,37.0,378.43,262.67,1,0,9648c9a7-6a9b-4f15-9a83-90b58da12d30,182821,3c17df3a-788e-4b31-92b9-771329b7a25f
upper_tier,balcony,L,12,Balcony 3,5078,37.0,349.34,271.99,1,0,9648c9a7-6a9b-4f15-9a83-90b58da12d30,182820,c77a63d4-7c8a-454f-b3cf-4ef63e27d9d9
upper_tier,balcony,L,14,Balcony 3,5078,37.0,320.24,280.33,1,0,9648c9a7-6a9b-4f15-9a83-90b58da12d30,182819,800c9da6-8774-42d4-b476-32a709a53c41
upper_tier,balcony,L,16,Balcony 3,5078,37.0,291.15,287.53,1,0,9648c9a7-6a9b-4f15-9a83-90b58da12d30,182818,f9f27967-df9d-47a7-9806-2e6adf9e9f9a
upper_tier,balcony,L,18,Balcony 3,5078,37.0,262.05,293.46,1,0,9648c9a7-6a9b-4f15-9a83-90b58da12d30,182817,253c5eea-22c6-4cba-98af-5ea911f4cee3
upper_tier,balcony,L,20,Balcony 3,5078,37.0,232.95,298.59,1,0,9648c9a7-6a9b-4f15-9a83-90b58da12d30,182816,244fdba3-3f91-4f0c-baee-3b0627d1fa36
upper_tier,balcony,A,21,Balcony 3,5078,37.0,1658.73,762.24,1,0,08371518-6e41-4467-be69-63b45416dffc,183676,e6df2dd4-57ee-4bf4-b7ce-ba3ebe647384
upper_tier,balcony,A,23,Balcony 3,5078,37.0,1685.5,766.09,1,0,08371518-6e41-4467-be69-63b45416dffc,183677,ea61a988-d5b0-4367-8fa7-91dcbc39604c
upper_tier,balcony,A,25,Balcony 3,5078,37.0,1711.99,767.8,1,0,08371518-6e41-4467-be69-63b45416dffc,183678,d4f2d45d-d6e1-46b7-801e-0ba8a141bcc5
upper_tier,balcony,A,27,Balcony 3,5078,37.0,1738.48,768.72,1,0,08371518-6e41-4467-be69-63b45416dffc,183679,1c497f4e-a303-4596-88e4-2e59da63e36c
upper_tier,balcony,A,29,Balcony 3,5078,37.0,1764.98,768.72,1,0,08371518-6e41-4467-be69-63b45416dffc,183680,bc3c6aa0-3884-4534-9323-1a96676202d7
upper_tier,balcony,B,21,Balcony 3,5078,37.0,1662.83,714.79,1,0,08371518-6e41-4467-be69-63b45416dffc,183596,f8e99246-32e6-4bd6-8911-17c49ecaadd1
upper_tier,balcony,B,23,Balcony 3,5078,37.0,1690.17,717.5,1,0,08371518-6e41-4467-be69-63b45416dffc,183597,35351033-c4bc-4d72-9d2c-d863dd93cef4
upper_tier,balcony,B,25,Balcony 3,5078,37.0,1717.51,719.72,1,0,08371518-6e41-4467-be69-63b45416dffc,183598,061cdf86-90a1-4c76-ac77-3077acfd5292
upper_tier,balcony,B,27,Balcony 3,5078,37.0,1744.85,720.86,1,0,08371518-6e41-4467-be69-63b45416dffc,183599,94a9ea00-8281-49d3-aa13-5f472c7595d1
upper_tier,balcony,B,29,Balcony 3,5078,37.0,1772.19,720.22,1,0,08371518-6e41-4467-be69-63b45416dffc,183600,e0045fd6-73fd-4647-b5ea-7bdb28e7e3e5
upper_tier,balcony,C,21,Balcony 3,5078,37.0,1666.53,669.44,1,0,08371518-6e41-4467-be69-63b45416dffc,183516,644e222d-d5a2-4dd3-8afc-e4fd1f763284
upper_tier,balcony,C,23,Balcony 3,5078,37.0,1695.57,672.97,1,0,08371518-6e41-4467-be69-63b45416dffc,183517,42a97a29-ca64-4bc0-a1dc-794760cd7044
upper_tier,balcony,C,25,Balcony 3,5078,37.0,1724.61,675.19,1,0,08371518-6e41-4467-be69-63b45416dffc,183518,9876c5d6-e986-4a2a-ba1c-4ec2c6cc951d
upper_tier,balcony,C,27,Balcony 3,5078,37.0,1753.65,675.33,1,0,08371518-6e41-4467-be69-63b45416dffc,183519,b3a08726-9ea3-46da-ae2a-3938b96b9c81
upper_tier,balcony,C,29,Balcony 3,5078,37.0,1782.69,673.7,1,0,08371518-6e41-4467-be69-63b45416dffc,183520,7f7b2f88-a82f-4cee-a184-293addef1709
upper_tier,balcony,D,21,Balcony 3,5078,37.0,1670.44,623.43,1,0,08371518-6e41-4467-be69-63b45416dffc,183436,b78437a1-3efa-4ffa-8943-aa7b5838b921
upper_tier,balcony,D,23,Balcony 3,5078,37.0,1699.6,626.81,1,0,08371518-6e41-4467-be69-63b45416dffc,183437,6f01daa4-a244-4451-b6b4-47426798622b
upper_tier,balcony,D,25,Balcony 3,5078,37.0,1728.76,628.02,1,0,08371518-6e41-4467-be69-63b45416dffc,183438,8b857e7e-9108-4ac0-84a3-e5bd354ec6b1
upper_tier,balcony,D,27,Balcony 3,5078,37.0,1757.93,628.16,1,0,08371518-6e41-4467-be69-63b45416dffc,183439,9b0fbc71-a143-4596-944a-6214438c4a23
upper_tier,balcony,D,29,Balcony 3,5078,37.0,1787.09,626.53,1,0,08371518-6e41-4467-be69-63b45416dffc,183440,4315eb96-c847-4349-9e97-47fbcb0735c8
upper_tier,balcony,E,21,Balcony 3,5078,37.0,1674.33,578.65,1,0,08371518-6e41-4467-be69-63b45416dffc,183356,996523be-a3d4-4bad-9daa-679be4b25301
upper_tier,balcony,E,23,Balcony 3,5078,37.0,1704.1,580.86,1,0,08371518-6e41-4467-be69-63b45416dffc,183357,eb71aa59-db70-4b36-8a1c-9022aa29ba0e
upper_tier,balcony,E,25,Balcony 3,5078,37.0,1733.88,582.08,1,0,08371518-6e41-4467-be69-63b45416dffc,183358,9463c58a-cfd6-40d2-abe7-afc905ba762d
upper_tier,balcony,E,27,Balcony 3,5078,37.0,1763.65,581.22,1,0,08371518-6e41-4467-be69-63b45416dffc,183359,37cf3b1d-3e20-45c1-b82d-03f9b58d09bf
upper_tier,balcony,E,29,Balcony 3,5078,37.0,1793.43,579.58,1,0,08371518-6e41-4467-be69-63b45416dffc,183360,1d8cb49a-6136-446e-a040-327a640ef48e
upper_tier,balcony,F,21,Balcony 3,5078,37.0,1678.22,532.87,1,0,08371518-6e41-4467-be69-63b45416dffc,183276,0bc7dbee-b592-466d-955a-5425fc75c62e
upper_tier,balcony,F,23,Balcony 3,5078,37.0,1707.02,535.92,1,0,08371518-6e41-4467-be69-63b45416dffc,183277,54713942-6601-44b4-bc29-ce8b7c3c4c2a
upper_tier,balcony,F,25,Balcony 3,5078,37.0,1735.82,537.14,1,0,08371518-6e41-4467-be69-63b45416dffc,183278,1a149641-084a-471b-8c63-8d0742fd8f31
upper_tier,balcony,F,27,Balcony 3,5078,37.0,1764.63,536.28,1,0,08371518-6e41-4467-be69-63b45416dffc,183279,a15d389f-3a4c-4f0c-8ff2-272f7becb253
upper_tier,balcony,F,29,Balcony 3,5078,37.0,1793.43,534.64,1,0,08371518-6e41-4467-be69-63b45416dffc,183280,89571c7c-b488-4fce-8231-215fe652ba04
upper_tier,balcony,G,21,Balcony 3,5078,37.0,1681.93,487.12,1,0,08371518-6e41-4467-be69-63b45416dffc,183196,4205eca4-f10a-416d-8702-0d3d16028392
upper_tier,balcony,G,23,Balcony 3,5078,37.0,1709.81,490.02,1,0,08371518-6e41-4467-be69-63b45416dffc,183197,775ffc4d-5450-43b4-bea1-b8f4e04853dc
upper_tier,balcony,G,25,Balcony 3,5078,37.0,1737.68,491.24,1,0,08371518-6e41-4467-be69-63b45416dffc,183198,d060e189-a5d3-4f80-bc02-9098829bda21
upper_tier,balcony,G,27,Balcony 3,5078,37.0,1765.56,490.38,1,0,08371518-6e41-4467-be69-63b45416dffc,183199,c526b84d-3bf4-4cda-951f-93dac1d7897a
upper_tier,balcony,G,29,Balcony 3,5078,37.0,1793.43,488.75,1,0,08371518-6e41-4467-be69-63b45416dffc,183200,9e97ce3c-977b-4397-9baf-e110beb754ff
upper_tier,balcony,H,21,Balcony 3,5078,37.0,1685.82,442.33,1,0,08371518-6e41-4467-be69-63b45416dffc,183116,b3d5cfd8-3d25-4c1c-94d9-215d8f3090bc
upper_tier,balcony,H,23,Balcony 3,5078,37.0,1712.72,445.08,1,0,08371518-6e41-4467-be69-63b45416dffc,183117,140a45c8-c0a5-494c-a0b9-3c25c5bbb932
upper_tier,balcony,H,25,Balcony 3,5078,37.0,1739.63,445.3,1,0,08371518-6e41-4467-be69-63b45416dffc,183118,df5d9271-0dc2-4a28-90be-d2c4a6ae8f71
upper_tier,balcony,H,27,Balcony 3,5078,37.0,1766.53,444.44,1,0,08371518-6e41-4467-be69-63b45416dffc,183119,d64c9bc1-291e-4206-959f-6b68250e7d50
upper_tier,balcony,H,29,Balcony 3,5078,37.0,1793.43,442.8,1,0,08371518-6e41-4467-be69-63b45416dffc,183120,66ae2f58-68cc-48ad-8154-6f70b25aed58
upper_tier,balcony,J,21,Balcony 3,5078,37.0,1689.71,396.55,1,0,08371518-6e41-4467-be69-63b45416dffc,183036,6e2c41fa-7939-47ba-a8fc-01312464d505
upper_tier,balcony,J,23,Balcony 3,5078,37.0,1715.64,399.14,1,0,08371518-6e41-4467-be69-63b45416dffc,183037,f2c0ec45-d76f-44ec-949f-a48ca0a827bb
upper_tier,balcony,J,25,Balcony 3,5078,37.0,1741.57,399.36,1,0,08371518-6e41-4467-be69-63b45416dffc,183038,a088e3a4-a03d-4f7f-b441-77d3537a1419
upper_tier,balcony,J,27,Balcony 3,5078,37.0,1767.5,398.5,1,0,08371518-6e41-4467-be69-63b45416dffc,183039,8f947242-6504-4f66-8073-434d4c86bf0c
upper_tier,balcony,J,29,Balcony 3,5078,37.0,1793.43,395.86,1,0,08371518-6e41-4467-be69-63b45416dffc,183040,bb36f8fa-d6bb-4b39-ad3f-9ea3f01999f1
upper_tier,balcony,K,21,Balcony 3,5078,37.0,1693.6,350.75,1,0,08371518-6e41-4467-be69-63b45416dffc,182956,48702459-a78d-4ca5-94c4-2166c4737541
upper_tier,balcony,K,23,Balcony 3,5078,37.0,1718.56,352.19,1,0,08371518-6e41-4467-be69-63b45416dffc,182957,48054fe0-1815-44b6-b003-523e2112ac8e
upper_tier,balcony,K,25,Balcony 3,5078,37.0,1743.52,353.41,1,0,08371518-6e41-4467-be69-63b45416dffc,182958,0a816a2f-1b1e-42fe-8fc6-ecabc632b8c4
upper_tier,balcony,K,27,Balcony 3,5078,37.0,1768.47,352.55,1,0,08371518-6e41-4467-be69-63b45416dffc,182959,d97fed7b-cade-475e-bedf-2b4c65f1b9db
upper_tier,balcony,K,29,Balcony 3,5078,37.0,1793.43,349.91,1,0,08371518-6e41-4467-be69-63b45416dffc,182960,014b641f-e7ba-4a2d-a389-5d3eb40070a9
upper_tier,balcony,L,21,Balcony 3,5078,37.0,1697.48,306.54,1,0,08371518-6e41-4467-be69-63b45416dffc,182876,5e3ff552-72c8-4f8c-baa0-c9c1865d29a0
upper_tier,balcony,L,23,Balcony 3,5078,37.0,1722.3,307.85,1,0,08371518-6e41-4467-be69-63b45416dffc,182877,1aa6495c-0e13-41e5-b7c3-c4bda9ccc6e4
upper_tier,balcony,L,25,Balcony 3,5078,37.0,1747.13,308.65,1,0,08371518-6e41-4467-be69-63b45416dffc,182878,3144e7a9-6062-4ae5-80f7-35e01bad7a93
upper_tier,balcony,L,27,Balcony 3,5078,37.0,1772.47,307.65,1,0,08371518-6e41-4467-be69-63b45416dffc,182879,890878c0-55e7-43b7-af0a-a92367c73571
upper_tier,balcony,A,22,Balcony 3,5078,37.0,221.97,762.25,1,0,90e82be7-b5e1-42e8-b6aa-cdfbe2998a6e,183612,d90e65a3-0ab2-440a-902f-81c85b8cd11b
upper_tier,balcony,A,24,Balcony 3,5078,37.0,195.2,766.1,1,0,90e82be7-b5e1-42e8-b6aa-cdfbe2998a6e,183611,c8e21f5d-c6cb-4d32-93c0-f7be8f97e14b
upper_tier,balcony,A,26,Balcony 3,5078,37.0,168.71,767.82,1,0,90e82be7-b5e1-42e8-b6aa-cdfbe2998a6e,183610,6fc2ba34-c7bd-4142-a798-61061e2e0fef
upper_tier,balcony,A,28,Balcony 3,5078,37.0,142.22,768.73,1,0,90e82be7-b5e1-42e8-b6aa-cdfbe2998a6e,183609,7650c683-5c67-4629-a9e6-ad1f9529f3bc
upper_tier,balcony,A,30,Balcony 3,5078,37.0,115.73,768.73,1,0,90e82be7-b5e1-42e8-b6aa-cdfbe2998a6e,183608,5c6028f1-29bc-4803-9d44-8693d90d0e20
upper_tier,balcony,B,22,Balcony 3,5078,37.0,217.87,714.79,1,0,90e82be7-b5e1-42e8-b6aa-cdfbe2998a6e,183532,2bb81013-7ab2-47d8-bd37-88ce9588323e
upper_tier,balcony,B,24,Balcony 3,5078,37.0,190.53,717.51,1,0,90e82be7-b5e1-42e8-b6aa-cdfbe2998a6e,183531,c4d18360-6749-4cf9-90d3-ad543ad695f3
upper_tier,balcony,B,26,Balcony 3,5078,37.0,163.19,719.73,1,0,90e82be7-b5e1-42e8-b6aa-cdfbe2998a6e,183530,d015f4ac-7680-4abf-b6a4-84f6b27f0b9c
upper_tier,balcony,B,28,Balcony 3,5078,37.0,135.85,720.87,1,0,90e82be7-b5e1-42e8-b6aa-cdfbe2998a6e,183529,602361f1-9d4b-49ea-9543-d7635fcd0bf1
upper_tier,balcony,B,30,Balcony 3,5078,37.0,108.51,720.22,1,0,90e82be7-b5e1-42e8-b6aa-cdfbe2998a6e,183528,26b4622b-c5e3-4f91-bc62-2cffce4ab788
upper_tier,balcony,C,22,Balcony 3,5078,37.0,214.17,669.45,1,0,90e82be7-b5e1-42e8-b6aa-cdfbe2998a6e,183452,04298572-1071-4058-8232-a056eb6f3ccd
upper_tier,balcony,C,24,Balcony 3,5078,37.0,185.13,672.99,1,0,90e82be7-b5e1-42e8-b6aa-cdfbe2998a6e,183451,c3da7e04-3fdb-4b4d-a7f2-df4e95435dbd
upper_tier,balcony,C,26,Balcony 3,5078,37.0,156.09,675.2,1,0,90e82be7-b5e1-42e8-b6aa-cdfbe2998a6e,183450,de13ee71-2c9a-4481-8b19-30860b788f32
upper_tier,balcony,C,28,Balcony 3,5078,37.0,127.05,675.34,1,0,90e82be7-b5e1-42e8-b6aa-cdfbe2998a6e,183449,f96cf733-1f97-4167-b504-476d6f08b8c1
upper_tier,balcony,C,30,Balcony 3,5078,37.0,98.01,673.7,1,0,90e82be7-b5e1-42e8-b6aa-cdfbe2998a6e,183448,da07323b-195a-4eba-bdc4-f6dda683e3c4
upper_tier,balcony,D,22,Balcony 3,5078,37.0,210.26,623.44,1,0,90e82be7-b5e1-42e8-b6aa-cdfbe2998a6e,183372,75bbffe4-a39b-4a9e-93d0-0f5b9cf93152
upper_tier,balcony,D,24,Balcony 3,5078,37.0,181.1,626.82,1,0,90e82be7-b5e1-42e8-b6aa-cdfbe2998a6e,183371,c9155294-9fd9-46c7-ac9b-601d0a540bff
upper_tier,balcony,D,26,Balcony 3,5078,37.0,151.94,628.04,1,0,90e82be7-b5e1-42e8-b6aa-cdfbe2998a6e,183370,1b23482d-e5c0-47c5-a54a-d6b9384a2d25
upper_tier,balcony,D,28,Balcony 3,5078,37.0,122.78,628.17,1,0,90e82be7-b5e1-42e8-b6aa-cdfbe2998a6e,183369,e2268801-3706-4027-9f66-5c0f70bdb16e
upper_tier,balcony,D,30,Balcony 3,5078,37.0,93.61,626.53,1,0,90e82be7-b5e1-42e8-b6aa-cdfbe2998a6e,183368,bc642fa4-1070-42df-8a13-61745bd5e17b
upper_tier,balcony,E,22,Balcony 3,5078,37.0,206.37,577.67,1,0,90e82be7-b5e1-42e8-b6aa-cdfbe2998a6e,183292,add350e4-18bc-4670-bc9d-e999fa6f5c20
upper_tier,balcony,E,24,Balcony 3,5078,37.0,176.6,580.87,1,0,90e82be7-b5e1-42e8-b6aa-cdfbe2998a6e,183291,020886e6-8003-4e13-ad7d-4a5de2d6ef23
upper_tier,balcony,E,26,Balcony 3,5078,37.0,146.83,582.1,1,0,90e82be7-b5e1-42e8-b6aa-cdfbe2998a6e,183290,5c292eb0-8c70-41ee-992d-2b9192003fcc
upper_tier,balcony,E,28,Balcony 3,5078,37.0,117.05,581.23,1,0,90e82be7-b5e1-42e8-b6aa-cdfbe2998a6e,183289,e1124f6b-6918-4bf2-a5f4-b507afdb5963
upper_tier,balcony,E,30,Balcony 3,5078,37.0,87.27,579.58,1,0,90e82be7-b5e1-42e8-b6aa-cdfbe2998a6e,183288,d8913d9d-76a6-4fee-825f-bf59c54a82e7
upper_tier,balcony,F,22,Balcony 3,5078,37.0,202.48,532.88,1,0,90e82be7-b5e1-42e8-b6aa-cdfbe2998a6e,183212,ac86f49d-f9ef-40a4-a21e-c478896001e8
upper_tier,balcony,F,24,Balcony 3,5078,37.0,173.68,535.93,1,0,90e82be7-b5e1-42e8-b6aa-cdfbe2998a6e,183211,3bc95316-767b-421b-ace8-4144676160b1
upper_tier,balcony,F,26,Balcony 3,5078,37.0,144.88,537.15,1,0,90e82be7-b5e1-42e8-b6aa-cdfbe2998a6e,183210,5888d1ef-59d5-4aaa-838c-c5ff09087637
upper_tier,balcony,F,28,Balcony 3,5078,37.0,116.08,536.28,1,0,90e82be7-b5e1-42e8-b6aa-cdfbe2998a6e,183209,351c8e04-9d4e-4db5-adcd-e3ae6eee5d30
upper_tier,balcony,F,30,Balcony 3,5078,37.0,87.27,534.64,1,0,90e82be7-b5e1-42e8-b6aa-cdfbe2998a6e,183208,3b2bb490-ba36-4829-a04e-bb739e4e9fe2
upper_tier,balcony,G,22,Balcony 3,5078,37.0,198.77,487.12,1,0,90e82be7-b5e1-42e8-b6aa-cdfbe2998a6e,183132,44800a44-adb5-4a83-b315-c09a916f96d8
upper_tier,balcony,G,24,Balcony 3,5078,37.0,170.89,490.03,1,0,90e82be7-b5e1-42e8-b6aa-cdfbe2998a6e,183131,f3cabe94-a157-4e47-8207-60927c063921
upper_tier,balcony,G,26,Balcony 3,5078,37.0,143.02,491.26,1,0,90e82be7-b5e1-42e8-b6aa-cdfbe2998a6e,183130,8b803fc6-b32d-4fd2-a52f-6163e849c630
upper_tier,balcony,G,28,Balcony 3,5078,37.0,115.15,490.39,1,0,90e82be7-b5e1-42e8-b6aa-cdfbe2998a6e,183129,e8d7d8f0-719b-423d-9547-02f0b7a3538a
upper_tier,balcony,G,30,Balcony 3,5078,37.0,87.27,488.75,1,0,90e82be7-b5e1-42e8-b6aa-cdfbe2998a6e,183128,05d1debc-2aa5-465d-a066-cf3da106279f
upper_tier,balcony,H,22,Balcony 3,5078,37.0,194.88,442.33,1,0,90e82be7-b5e1-42e8-b6aa-cdfbe2998a6e,183052,ea4f8922-3002-4281-8d20-aa38b3d5dca8
upper_tier,balcony,H,24,Balcony 3,5078,37.0,167.98,445.09,1,0,90e82be7-b5e1-42e8-b6aa-cdfbe2998a6e,183051,8290ec00-c1d3-469c-aa9b-7a4fb2d55734
upper_tier,balcony,H,26,Balcony 3,5078,37.0,141.08,445.31,1,0,90e82be7-b5e1-42e8-b6aa-cdfbe2998a6e,183050,b12a05d2-62a0-4ac0-9b4c-9958addc47ea
upper_tier,balcony,H,28,Balcony 3,5078,37.0,114.18,444.45,1,0,90e82be7-b5e1-42e8-b6aa-cdfbe2998a6e,183049,22c42027-5e75-42ee-9682-fde9627aa02a
upper_tier,balcony,H,30,Balcony 3,5078,37.0,87.27,442.8,1,0,90e82be7-b5e1-42e8-b6aa-cdfbe2998a6e,183048,a450d069-1ec7-40dc-9f57-8c0fa58efe0d
upper_tier,balcony,J,22,Balcony 3,5078,37.0,190.99,396.55,1,0,90e82be7-b5e1-42e8-b6aa-cdfbe2998a6e,182972,ee42d863-48ce-4974-9bb7-a51b0b32a1ec
upper_tier,balcony,J,24,Balcony 3,5078,37.0,165.06,399.15,1,0,90e82be7-b5e1-42e8-b6aa-cdfbe2998a6e,182971,91f792bf-2e1e-4e25-9704-292127f0b3f5
upper_tier,balcony,J,26,Balcony 3,5078,37.0,139.13,399.37,1,0,90e82be7-b5e1-42e8-b6aa-cdfbe2998a6e,182970,6dbf1839-f362-43f2-853b-9e1e9b236410
upper_tier,balcony,J,28,Balcony 3,5078,37.0,113.2,398.5,1,0,90e82be7-b5e1-42e8-b6aa-cdfbe2998a6e,182969,02f54cd3-7927-4750-87fe-421964b6d2f7
upper_tier,balcony,J,30,Balcony 3,5078,37.0,87.27,395.86,1,0,90e82be7-b5e1-42e8-b6aa-cdfbe2998a6e,182968,db520ae7-5547-4882-ac97-b5904b0f4692
upper_tier,balcony,K,22,Balcony 3,5078,37.0,187.11,350.75,1,0,90e82be7-b5e1-42e8-b6aa-cdfbe2998a6e,182892,94e52b16-4bcd-4c6f-90b8-48be1c0e846f
upper_tier,balcony,K,24,Balcony 3,5078,37.0,162.14,352.2,1,0,90e82be7-b5e1-42e8-b6aa-cdfbe2998a6e,182891,d1c8ac9c-d3a2-4fb1-88ff-4a57e9f39b81
upper_tier,balcony,K,26,Balcony 3,5078,37.0,137.19,353.42,1,0,90e82be7-b5e1-42e8-b6aa-cdfbe2998a6e,182890,5a33ecf6-0180-4c96-ac82-1de9ec11993b
upper_tier,balcony,K,28,Balcony 3,5078,37.0,112.23,352.56,1,0,90e82be7-b5e1-42e8-b6aa-cdfbe2998a6e,182889,cf8a9271-a21a-46e8-93bc-abb5a1a45da6
upper_tier,balcony,K,30,Balcony 3,5078,37.0,87.27,349.92,1,0,90e82be7-b5e1-42e8-b6aa-cdfbe2998a6e,182888,ce8bf0f2-b6da-42fe-beb6-f783561bff1f
upper_tier,balcony,L,22,Balcony 3,5078,37.0,183.22,305.55,1,0,90e82be7-b5e1-42e8-b6aa-cdfbe2998a6e,182812,fd39716a-5139-4df9-910b-fa7874990f54
upper_tier,balcony,L,24,Balcony 3,5078,37.0,158.56,307.86,1,0,90e82be7-b5e1-42e8-b6aa-cdfbe2998a6e,182811,6cb7db79-16f7-42e7-b338-e19676b3fa5c
upper_tier,balcony,L,26,Balcony 3,5078,37.0,133.9,307.65,1,0,90e82be7-b5e1-42e8-b6aa-cdfbe2998a6e,182810,4120375a-dfcc-41e9-83fa-8a4f51d1f9cd
upper_tier,balcony,L,28,Balcony 3,5078,37.0,109.23,306.66,1,0,90e82be7-b5e1-42e8-b6aa-cdfbe2998a6e,182809,2a8416e8-e3e7-4eee-9394-7b329419b54f
