id,level,section,row,seat,zone,price,x,y,z,dist_singer_ft,dist_pit_ft,horiz_angle_deg,elev_to_singer_deg,overhang,overhang_depth_ft,overhang_opening_ft,overhang_d_over_h,headroom_ft,opening_angle_deg,prosc_top_clipped,visible_prosc_height_ft,pit_visible,stage_width_visible,ceiling_reflection_singer,ceiling_reflection_pit,direct_level_db,score
orchestra:A:101,orchestra,center_odd,A,101,ORP,310,-2.87,3.9,25.44,33.9,12.6,4.9,8.3,none,0.0,,0.0,70.1,81.7,False,31.5,0.08,1.0,True,True,-0.0,100.0
orchestra:A:103,orchestra,center_odd,A,103,ORP,310,-4.62,3.9,25.35,34.0,13.0,7.9,8.3,none,0.0,,0.0,70.1,81.7,False,31.5,0.17,1.0,True,True,-0.0,100.0
orchestra:A:105,orchestra,center_odd,A,105,ORP,310,-6.37,3.9,25.21,34.2,13.6,10.9,8.2,none,0.0,,0.0,70.1,81.8,False,31.5,0.25,1.0,True,True,-0.1,100.0
orchestra:A:107,orchestra,center_odd,A,107,ORP,310,-8.11,3.9,25.03,34.4,14.4,13.8,8.2,none,0.0,,0.0,70.1,81.8,False,31.5,0.42,1.0,True,True,-0.1,100.0
orchestra:A:109,orchestra,center_odd,A,109,ORP,310,-9.84,3.9,24.81,34.6,15.3,16.7,8.1,none,0.0,,0.0,70.1,81.9,False,31.5,0.58,1.0,True,True,-0.2,100.0
orchestra:A:111,orchestra,center_odd,A,111,ORP,310,-11.57,3.9,24.54,34.9,16.3,19.6,8.1,none,0.0,,0.0,70.1,81.9,False,31.5,0.75,1.0,True,True,-0.3,100.0
orchestra:A:113,orchestra,center_odd,A,113,ORP,310,-13.29,3.9,24.24,35.2,17.3,22.4,8.0,none,0.0,,0.0,70.1,82.0,False,31.5,0.92,1.0,True,True,-0.3,99.9
orchestra:A:115,orchestra,center_odd,A,115,ORP,310,-15.01,3.9,23.88,35.6,18.5,25.2,7.9,none,0.0,,0.0,70.1,82.1,False,31.5,0.0,1.0,True,True,-0.4,89.5
orchestra:A:117,orchestra,center_odd,A,117,ORP,310,-16.71,3.9,23.49,36.0,19.7,28.0,7.8,none,0.0,,0.0,70.1,82.2,False,31.5,0.0,1.0,True,True,-0.5,86.5
orchestra:A:119,orchestra,center_odd,A,119,ORP,310,-18.41,3.9,23.05,36.4,21.0,30.7,7.7,none,0.0,,0.0,70.1,82.3,False,31.5,0.0,1.0,True,True,-0.6,83.6
orchestra:A:121,orchestra,center_odd,A,121,ORP,310,-20.09,3.9,22.58,36.9,22.3,33.3,7.6,none,0.0,,0.0,70.1,82.4,False,31.5,0.0,1.0,True,True,-0.7,80.8
orchestra:A:123,orchestra,center_odd,A,123,ORP,310,-21.76,3.9,22.06,37.4,23.6,35.9,7.5,none,0.0,,0.0,70.1,82.5,False,31.5,0.0,1.0,True,True,-0.9,77.9
orchestra:A:102,orchestra,center_even,A,102,ORP,310,2.87,3.9,25.44,33.9,12.6,4.9,8.3,none,0.0,,0.0,70.1,81.7,False,31.5,0.08,1.0,True,True,-0.0,100.0
orchestra:A:104,orchestra,center_even,A,104,ORP,310,4.62,3.9,25.35,34.0,13.0,7.9,8.3,none,0.0,,0.0,70.1,81.7,False,31.5,0.17,1.0,True,True,-0.0,100.0
orchestra:A:106,orchestra,center_even,A,106,ORP,310,6.37,3.9,25.21,34.2,13.6,10.9,8.2,none,0.0,,0.0,70.1,81.8,False,31.5,0.25,1.0,True,True,-0.1,100.0
orchestra:A:108,orchestra,center_even,A,108,ORP,310,8.11,3.9,25.03,34.4,14.4,13.8,8.2,none,0.0,,0.0,70.1,81.8,False,31.5,0.42,1.0,True,True,-0.1,100.0
orchestra:A:110,orchestra,center_even,A,110,ORP,310,9.84,3.9,24.81,34.6,15.3,16.7,8.1,none,0.0,,0.0,70.1,81.9,False,31.5,0.58,1.0,True,True,-0.2,100.0
orchestra:A:112,orchestra,center_even,A,112,ORP,310,11.57,3.9,24.54,34.9,16.3,19.6,8.1,none,0.0,,0.0,70.1,81.9,False,31.5,0.75,1.0,True,True,-0.3,100.0
orchestra:A:114,orchestra,center_even,A,114,ORP,310,13.29,3.9,24.24,35.2,17.3,22.4,8.0,none,0.0,,0.0,70.1,82.0,False,31.5,0.92,1.0,True,True,-0.3,99.9
orchestra:A:116,orchestra,center_even,A,116,ORP,310,15.01,3.9,23.88,35.6,18.5,25.2,7.9,none,0.0,,0.0,70.1,82.1,False,31.5,0.0,1.0,True,True,-0.4,89.5
orchestra:A:118,orchestra,center_even,A,118,ORP,310,16.71,3.9,23.49,36.0,19.7,28.0,7.8,none,0.0,,0.0,70.1,82.2,False,31.5,0.0,1.0,True,True,-0.5,86.5
orchestra:A:120,orchestra,center_even,A,120,ORP,310,18.41,3.9,23.05,36.4,21.0,30.7,7.7,none,0.0,,0.0,70.1,82.3,False,31.5,0.0,1.0,True,True,-0.6,83.6
orchestra:A:122,orchestra,center_even,A,122,ORP,310,20.09,3.9,22.58,36.9,22.3,33.3,7.6,none,0.0,,0.0,70.1,82.4,False,31.5,0.0,1.0,True,True,-0.7,80.8
orchestra:A:124,orchestra,center_even,A,124,ORP,310,21.76,3.9,22.06,37.4,23.6,35.9,7.5,none,0.0,,0.0,70.1,82.5,False,31.5,0.0,1.0,True,True,-0.9,77.9
orchestra:A:1,orchestra,side_odd,A,1,ORP,310,-26.69,3.9,20.25,39.2,27.8,43.4,7.2,none,0.0,,0.0,70.1,82.8,False,31.5,0.0,0.98,True,True,-1.3,68.4
orchestra:A:3,orchestra,side_odd,A,3,ORP,310,-28.3,3.9,19.57,39.8,29.2,45.8,7.1,none,0.0,,0.0,70.1,82.9,False,31.5,0.0,0.94,True,True,-1.4,63.3
orchestra:A:5,orchestra,side_odd,A,5,ORC3,180,-29.9,3.9,18.85,40.5,30.6,48.1,7.0,none,0.0,,0.0,70.1,83.0,False,31.5,0.0,0.9,True,True,-1.6,58.3
orchestra:A:7,orchestra,side_odd,A,7,ORC4,110,-31.47,3.9,18.08,41.2,32.0,50.3,6.8,none,0.0,,0.0,70.1,83.2,False,31.5,0.0,0.85,True,True,-1.7,52.7
orchestra:A:9,orchestra,side_odd,A,9,ORC4,110,-33.03,3.9,17.28,41.9,33.5,52.6,6.7,none,0.0,,0.0,70.1,83.3,False,31.5,0.0,0.8,True,True,-1.9,47.1
orchestra:A:11,orchestra,side_odd,A,11,ORC4,110,-34.56,3.9,16.45,42.6,34.9,54.7,6.6,none,0.0,,0.0,70.1,83.4,False,31.5,0.0,0.75,True,True,-2.0,41.7
orchestra:A:13,orchestra,side_odd,A,13,ORC4,110,-36.08,3.9,15.57,43.4,36.4,56.8,6.5,none,0.0,,0.0,70.1,83.5,False,31.5,0.0,0.69,True,True,-2.2,35.6
orchestra:A:15,orchestra,side_odd,A,15,ORC4,110,-37.57,3.9,14.65,44.1,37.8,58.9,6.4,none,0.0,,0.0,70.1,83.6,False,31.5,0.0,0.62,True,True,-2.3,28.9
orchestra:A:2,orchestra,side_even,A,2,ORP,310,26.69,3.9,20.25,39.2,27.8,43.4,7.2,none,0.0,,0.0,70.1,82.8,False,31.5,0.0,0.98,True,True,-1.3,68.4
orchestra:A:4,orchestra,side_even,A,4,ORP,310,28.3,3.9,19.57,39.8,29.2,45.8,7.1,none,0.0,,0.0,70.1,82.9,False,31.5,0.0,0.94,True,True,-1.4,63.3
orchestra:A:6,orchestra,side_even,A,6,ORC3,180,29.9,3.9,18.85,40.5,30.6,48.1,7.0,none,0.0,,0.0,70.1,83.0,False,31.5,0.0,0.9,True,True,-1.6,58.3
orchestra:A:8,orchestra,side_even,A,8,ORC4,110,31.47,3.9,18.08,41.2,32.0,50.3,6.8,none,0.0,,0.0,70.1,83.2,False,31.5,0.0,0.85,True,True,-1.7,52.7
orchestra:A:10,orchestra,side_even,A,10,ORC4,110,33.03,3.9,17.28,41.9,33.5,52.6,6.7,none,0.0,,0.0,70.1,83.3,False,31.5,0.0,0.8,True,True,-1.9,47.1
orchestra:A:12,orchestra,side_even,A,12,ORC4,110,34.56,3.9,16.45,42.6,34.9,54.7,6.6,none,0.0,,0.0,70.1,83.4,False,31.5,0.0,0.75,True,True,-2.0,41.7
orchestra:A:14,orchestra,side_even,A,14,ORC4,110,36.08,3.9,15.57,43.4,36.4,56.8,6.5,none,0.0,,0.0,70.1,83.5,False,31.5,0.0,0.69,True,True,-2.2,35.6
orchestra:A:16,orchestra,side_even,A,16,ORC4,110,37.57,3.9,14.65,44.1,37.8,58.9,6.4,none,0.0,,0.0,70.1,83.6,False,31.5,0.0,0.62,True,True,-2.3,28.9
orchestra:B:101,orchestra,center_odd,B,101,ORP,310,-2.87,3.96,28.34,36.8,15.3,4.5,7.6,none,0.0,,0.0,70.0,82.4,False,31.5,0.0,1.0,True,True,-0.7,99.1
orchestra:B:103,orchestra,center_odd,B,103,ORP,310,-4.62,3.96,28.25,36.9,15.6,7.3,7.5,none,0.0,,0.0,70.0,82.5,False,31.5,0.0,1.0,True,True,-0.7,99.1
orchestra:B:105,orchestra,center_odd,B,105,ORP,310,-6.37,3.96,28.12,37.0,16.1,10.0,7.5,none,0.0,,0.0,70.0,82.5,False,31.5,0.0,1.0,True,True,-0.8,99.0
orchestra:B:107,orchestra,center_odd,B,107,ORP,310,-8.11,3.96,27.95,37.2,16.7,12.7,7.5,none,0.0,,0.0,70.0,82.5,False,31.5,0.0,1.0,True,True,-0.8,98.9
orchestra:B:109,orchestra,center_odd,B,109,ORP,310,-9.85,3.96,27.74,37.4,17.5,15.4,7.4,none,0.0,,0.0,70.0,82.6,False,31.5,0.0,1.0,True,True,-0.9,98.4
orchestra:B:111,orchestra,center_odd,B,111,ORP,310,-11.58,3.96,27.48,37.6,18.3,18.1,7.4,none,0.0,,0.0,70.0,82.6,False,31.5,0.0,1.0,True,True,-0.9,95.7
orchestra:B:113,orchestra,center_odd,B,113,ORP,310,-13.3,3.96,27.18,37.9,19.3,20.7,7.3,none,0.0,,0.0,70.0,82.7,False,31.5,0.0,1.0,True,True,-1.0,92.9
orchestra:B:115,orchestra,center_odd,B,115,ORP,310,-15.02,3.96,26.85,38.3,20.3,23.3,7.3,none,0.0,,0.0,70.0,82.7,False,31.5,0.0,1.0,True,True,-1.1,90.1
orchestra:B:117,orchestra,center_odd,B,117,ORP,310,-16.73,3.96,26.47,38.6,21.3,25.9,7.2,none,0.0,,0.0,70.0,82.8,False,31.5,0.0,1.0,True,True,-1.1,87.4
orchestra:B:119,orchestra,center_odd,B,119,ORP,310,-18.43,3.96,26.05,39.0,22.5,28.4,7.1,none,0.0,,0.0,70.0,82.9,False,31.5,0.0,1.0,True,True,-1.2,84.7
orchestra:B:121,orchestra,center_odd,B,121,ORP,310,-20.11,3.96,25.59,39.5,23.6,30.9,7.1,none,0.0,,0.0,70.0,82.9,False,31.5,0.17,1.0,True,True,-1.3,83.3
orchestra:B:102,orchestra,center_even,B,102,ORP,310,2.87,3.96,28.34,36.8,15.3,4.5,7.6,none,0.0,,0.0,70.0,82.4,False,31.5,0.0,1.0,True,True,-0.7,99.1
orchestra:B:104,orchestra,center_even,B,104,ORP,310,4.62,3.96,28.25,36.9,15.6,7.3,7.5,none,0.0,,0.0,70.0,82.5,False,31.5,0.0,1.0,True,True,-0.7,99.1
orchestra:B:106,orchestra,center_even,B,106,ORP,310,6.37,3.96,28.12,37.0,16.1,10.0,7.5,none,0.0,,0.0,70.0,82.5,False,31.5,0.0,1.0,True,True,-0.8,99.0
orchestra:B:108,orchestra,center_even,B,108,ORP,310,8.11,3.96,27.95,37.2,16.7,12.7,7.5,none,0.0,,0.0,70.0,82.5,False,31.5,0.0,1.0,True,True,-0.8,98.9
orchestra:B:110,orchestra,center_even,B,110,ORP,310,9.85,3.96,27.74,37.4,17.5,15.4,7.4,none,0.0,,0.0,70.0,82.6,False,31.5,0.0,1.0,True,True,-0.9,98.4
orchestra:B:112,orchestra,center_even,B,112,ORP,310,11.58,3.96,27.48,37.6,18.3,18.1,7.4,none,0.0,,0.0,70.0,82.6,False,31.5,0.0,1.0,True,True,-0.9,95.7
orchestra:B:114,orchestra,center_even,B,114,ORP,310,13.3,3.96,27.18,37.9,19.3,20.7,7.3,none,0.0,,0.0,70.0,82.7,False,31.5,0.0,1.0,True,True,-1.0,92.9
orchestra:B:116,orchestra,center_even,B,116,ORP,310,15.02,3.96,26.85,38.3,20.3,23.3,7.3,none,0.0,,0.0,70.0,82.7,False,31.5,0.0,1.0,True,True,-1.1,90.1
orchestra:B:118,orchestra,center_even,B,118,ORP,310,16.73,3.96,26.47,38.6,21.3,25.9,7.2,none,0.0,,0.0,70.0,82.8,False,31.5,0.0,1.0,True,True,-1.1,87.4
orchestra:B:120,orchestra,center_even,B,120,ORP,310,18.43,3.96,26.05,39.0,22.5,28.4,7.1,none,0.0,,0.0,70.0,82.9,False,31.5,0.0,1.0,True,True,-1.2,84.7
orchestra:B:122,orchestra,center_even,B,122,ORP,310,20.11,3.96,25.59,39.5,23.6,30.9,7.1,none,0.0,,0.0,70.0,82.9,False,31.5,0.17,1.0,True,True,-1.3,83.3
orchestra:B:1,orchestra,side_odd,B,1,ORP,310,-26.74,3.96,23.35,41.5,28.7,40.5,6.7,none,0.0,,0.0,70.0,83.3,False,31.5,0.0,0.98,True,True,-1.8,70.2
orchestra:B:3,orchestra,side_odd,B,3,ORP,310,-28.37,3.96,22.7,42.1,30.0,42.7,6.6,none,0.0,,0.0,70.0,83.4,False,31.5,0.0,0.95,True,True,-1.9,65.9
orchestra:B:5,orchestra,side_odd,B,5,ORC3,180,-29.97,3.96,22.0,42.7,31.3,45.0,6.5,none,0.0,,0.0,70.0,83.5,False,31.5,0.0,0.91,True,True,-2.0,60.9
orchestra:B:7,orchestra,side_odd,B,7,ORC4,110,-31.56,3.96,21.27,43.3,32.7,47.2,6.4,none,0.0,,0.0,70.0,83.6,False,31.5,0.0,0.87,True,True,-2.1,56.0
orchestra:B:9,orchestra,side_odd,B,9,ORC4,110,-33.13,3.96,20.5,44.0,34.1,49.3,6.3,none,0.0,,0.0,70.0,83.7,False,31.5,0.0,0.83,True,True,-2.3,51.2
orchestra:B:11,orchestra,side_odd,B,11,ORC4,110,-34.68,3.96,19.69,44.6,35.4,51.4,6.2,none,0.0,,0.0,70.0,83.8,False,31.5,0.0,0.79,True,True,-2.4,46.4
orchestra:B:13,orchestra,side_odd,B,13,ORC4,110,-36.22,3.96,18.84,45.3,36.8,53.5,6.1,none,0.0,,0.0,70.0,83.9,False,31.5,0.0,0.74,True,True,-2.5,41.0
orchestra:B:15,orchestra,side_odd,B,15,ORC4,110,-37.73,3.96,17.96,46.1,38.2,55.5,6.0,none,0.0,,0.0,70.0,84.0,False,31.5,0.0,0.69,True,True,-2.7,35.6
orchestra:B:2,orchestra,side_even,B,2,ORP,310,26.74,3.96,23.35,41.5,28.7,40.5,6.7,none,0.0,,0.0,70.0,83.3,False,31.5,0.0,0.98,True,True,-1.8,70.2
orchestra:B:4,orchestra,side_even,B,4,ORP,310,28.37,3.96,22.7,42.1,30.0,42.7,6.6,none,0.0,,0.0,70.0,83.4,False,31.5,0.0,0.95,True,True,-1.9,65.9
orchestra:B:6,orchestra,side_even,B,6,ORC3,180,29.97,3.96,22.0,42.7,31.3,45.0,6.5,none,0.0,,0.0,70.0,83.5,False,31.5,0.0,0.91,True,True,-2.0,60.9
orchestra:B:8,orchestra,side_even,B,8,ORC4,110,31.56,3.96,21.27,43.3,32.7,47.2,6.4,none,0.0,,0.0,70.0,83.6,False,31.5,0.0,0.87,True,True,-2.1,56.0
orchestra:B:10,orchestra,side_even,B,10,ORC4,110,33.13,3.96,20.5,44.0,34.1,49.3,6.3,none,0.0,,0.0,70.0,83.7,False,31.5,0.0,0.83,True,True,-2.3,51.2
orchestra:B:12,orchestra,side_even,B,12,ORC4,110,34.68,3.96,19.69,44.6,35.4,51.4,6.2,none,0.0,,0.0,70.0,83.8,False,31.5,0.0,0.79,True,True,-2.4,46.4
orchestra:B:14,orchestra,side_even,B,14,ORC4,110,36.22,3.96,18.84,45.3,36.8,53.5,6.1,none,0.0,,0.0,70.0,83.9,False,31.5,0.0,0.74,True,True,-2.5,41.0
orchestra:B:16,orchestra,side_even,B,16,ORC4,110,37.73,3.96,17.96,46.1,38.2,55.5,6.0,none,0.0,,0.0,70.0,84.0,False,31.5,0.0,0.69,True,True,-2.7,35.6
orchestra:C:101,orchestra,center_odd,C,101,ORP,310,-2.87,4.04,31.25,39.6,18.1,4.2,6.9,none,0.0,,0.0,70.0,83.1,False,31.5,0.0,1.0,True,True,-1.4,97.8
orchestra:C:103,orchestra,center_odd,C,103,ORP,310,-4.62,4.04,31.16,39.7,18.3,6.7,6.9,none,0.0,,0.0,70.0,83.1,False,31.5,0.0,1.0,True,True,-1.4,97.7
orchestra:C:105,orchestra,center_odd,C,105,ORP,310,-6.37,4.04,31.03,39.8,18.7,9.3,6.9,none,0.0,,0.0,70.0,83.1,False,31.5,0.0,1.0,True,True,-1.4,97.7
orchestra:C:107,orchestra,center_odd,C,107,ORP,310,-8.11,4.04,30.87,40.0,19.3,11.8,6.8,none,0.0,,0.0,70.0,83.2,False,31.5,0.0,1.0,True,True,-1.4,97.6
orchestra:C:109,orchestra,center_odd,C,109,ORP,310,-9.85,4.04,30.66,40.2,19.9,14.3,6.8,none,0.0,,0.0,70.0,83.2,False,31.5,0.0,1.0,True,True,-1.5,97.5
orchestra:C:111,orchestra,center_odd,C,111,ORP,310,-11.58,4.04,30.42,40.4,20.6,16.8,6.8,none,0.0,,0.0,70.0,83.2,False,31.5,0.0,1.0,True,True,-1.5,95.6
orchestra:C:113,orchestra,center_odd,C,113,ORP,310,-13.31,4.04,30.13,40.7,21.4,19.2,6.7,none,0.0,,0.0,70.0,83.3,False,31.5,0.0,1.0,True,True,-1.6,93.1
orchestra:C:115,orchestra,center_odd,C,115,ORP,310,-15.03,4.04,29.81,41.0,22.3,21.7,6.7,none,0.0,,0.0,70.0,83.3,False,31.5,0.0,1.0,True,True,-1.7,90.4
orchestra:C:117,orchestra,center_odd,C,117,ORP,310,-16.74,4.04,29.44,41.3,23.2,24.1,6.6,none,0.0,,0.0,70.0,83.4,False,31.5,0.0,1.0,True,True,-1.7,87.9
orchestra:C:119,orchestra,center_odd,C,119,ORP,310,-18.44,4.04,29.04,41.6,24.2,26.5,6.6,none,0.0,,0.0,70.0,83.4,False,31.5,0.0,1.0,True,True,-1.8,85.3
orchestra:C:121,orchestra,center_odd,C,121,ORP,310,-20.13,4.04,28.6,42.0,25.3,28.8,6.5,none,0.0,,0.0,70.0,83.5,False,31.5,0.0,1.0,True,True,-1.9,82.8
orchestra:C:123,orchestra,center_odd,C,123,ORP,310,-21.82,4.04,28.11,42.5,26.4,31.1,6.4,none,0.0,,0.0,70.0,83.6,False,31.5,0.0,1.0,True,True,-2.0,80.3
orchestra:C:102,orchestra,center_even,C,102,ORP,310,2.87,4.04,31.25,39.6,18.1,4.2,6.9,none,0.0,,0.0,70.0,83.1,False,31.5,0.0,1.0,True,True,-1.4,97.8
orchestra:C:104,orchestra,center_even,C,104,ORP,310,4.62,4.04,31.16,39.7,18.3,6.7,6.9,none,0.0,,0.0,70.0,83.1,False,31.5,0.0,1.0,True,True,-1.4,97.7
orchestra:C:106,orchestra,center_even,C,106,ORP,310,6.37,4.04,31.03,39.8,18.7,9.3,6.9,none,0.0,,0.0,70.0,83.1,False,31.5,0.0,1.0,True,True,-1.4,97.7
orchestra:C:108,orchestra,center_even,C,108,ORP,310,8.11,4.04,30.87,40.0,19.3,11.8,6.8,none,0.0,,0.0,70.0,83.2,False,31.5,0.0,1.0,True,True,-1.4,97.6
orchestra:C:110,orchestra,center_even,C,110,ORP,310,9.85,4.04,30.66,40.2,19.9,14.3,6.8,none,0.0,,0.0,70.0,83.2,False,31.5,0.0,1.0,True,True,-1.5,97.5
orchestra:C:112,orchestra,center_even,C,112,ORP,310,11.58,4.04,30.42,40.4,20.6,16.8,6.8,none,0.0,,0.0,70.0,83.2,False,31.5,0.0,1.0,True,True,-1.5,95.6
orchestra:C:114,orchestra,center_even,C,114,ORP,310,13.31,4.04,30.13,40.7,21.4,19.2,6.7,none,0.0,,0.0,70.0,83.3,False,31.5,0.0,1.0,True,True,-1.6,93.1
orchestra:C:116,orchestra,center_even,C,116,ORP,310,15.03,4.04,29.81,41.0,22.3,21.7,6.7,none,0.0,,0.0,70.0,83.3,False,31.5,0.0,1.0,True,True,-1.7,90.4
orchestra:C:118,orchestra,center_even,C,118,ORP,310,16.74,4.04,29.44,41.3,23.2,24.1,6.6,none,0.0,,0.0,70.0,83.4,False,31.5,0.0,1.0,True,True,-1.7,87.9
orchestra:C:120,orchestra,center_even,C,120,ORP,310,18.44,4.04,29.04,41.6,24.2,26.5,6.6,none,0.0,,0.0,70.0,83.4,False,31.5,0.0,1.0,True,True,-1.8,85.3
orchestra:C:122,orchestra,center_even,C,122,ORP,310,20.13,4.04,28.6,42.0,25.3,28.8,6.5,none,0.0,,0.0,70.0,83.5,False,31.5,0.0,1.0,True,True,-1.9,82.8
orchestra:C:124,orchestra,center_even,C,124,ORP,310,21.82,4.04,28.11,42.5,26.4,31.1,6.4,none,0.0,,0.0,70.0,83.6,False,31.5,0.0,1.0,True,True,-2.0,80.3
orchestra:C:1,orchestra,side_odd,C,1,ORP,310,-26.79,4.04,26.44,43.9,29.9,37.9,6.2,none,0.0,,0.0,70.0,83.8,False,31.5,0.0,0.99,True,True,-2.3,72.2
orchestra:C:3,orchestra,side_odd,C,3,ORP,310,-28.42,4.04,25.81,44.4,31.1,40.1,6.2,none,0.0,,0.0,70.0,83.8,False,31.5,0.17,0.95,True,True,-2.4,68.7
orchestra:C:5,orchestra,side_odd,C,5,ORC3,180,-30.04,4.04,25.14,45.0,32.4,42.2,6.1,none,0.0,,0.0,70.0,83.9,False,31.5,0.5,0.92,True,True,-2.5,67.2
orchestra:C:7,orchestra,side_odd,C,7,ORC4,110,-31.64,4.04,24.43,45.6,33.6,44.3,6.0,none,0.0,,0.0,70.0,84.0,False,31.5,0.83,0.89,True,True,-2.6,65.7
orchestra:C:9,orchestra,side_odd,C,9,ORC4,110,-33.22,4.04,23.69,46.2,34.9,46.4,5.9,none,0.0,,0.0,70.0,84.1,False,31.5,0.0,0.85,True,True,-2.7,54.2
orchestra:C:11,orchestra,side_odd,C,11,ORC4,110,-34.79,4.04,22.91,46.8,36.2,48.4,5.8,none,0.0,,0.0,70.0,84.2,False,31.5,0.0,0.82,True,True,-2.8,50.1
orchestra:C:13,orchestra,side_odd,C,13,ORC4,110,-36.34,4.04,22.09,47.4,37.5,50.4,5.8,none,0.0,,0.0,70.0,84.2,False,31.5,0.0,0.77,True,True,-2.9,44.8
orchestra:C:15,orchestra,side_odd,C,15,ORC4,110,-37.87,4.04,21.24,48.1,38.8,52.3,5.7,none,0.0,,0.0,70.0,84.3,False,31.5,0.0,0.73,True,True,-3.1,40.2
orchestra:C:17,orchestra,side_odd,C,17,ORC4,110,-39.38,4.04,20.35,48.8,40.1,54.2,5.6,none,0.0,,0.0,70.0,84.4,False,31.5,0.0,0.68,True,True,-3.2,35.0
orchestra:C:2,orchestra,side_even,C,2,ORP,310,26.79,4.04,26.44,43.9,29.9,37.9,6.2,none,0.0,,0.0,70.0,83.8,False,31.5,0.0,0.99,True,True,-2.3,72.2
orchestra:C:4,orchestra,side_even,C,4,ORP,310,28.42,4.04,25.81,44.4,31.1,40.1,6.2,none,0.0,,0.0,70.0,83.8,False,31.5,0.17,0.95,True,True,-2.4,68.7
orchestra:C:6,orchestra,side_even,C,6,ORC3,180,30.04,4.04,25.14,45.0,32.4,42.2,6.1,none,0.0,,0.0,70.0,83.9,False,31.5,0.5,0.92,True,True,-2.5,67.2
orchestra:C:8,orchestra,side_even,C,8,ORC4,110,31.64,4.04,24.43,45.6,33.6,44.3,6.0,none,0.0,,0.0,70.0,84.0,False,31.5,0.83,0.89,True,True,-2.6,65.7
orchestra:C:10,orchestra,side_even,C,10,ORC4,110,33.22,4.04,23.69,46.2,34.9,46.4,5.9,none,0.0,,0.0,70.0,84.1,False,31.5,0.0,0.85,True,True,-2.7,54.2
orchestra:C:12,orchestra,side_even,C,12,ORC4,110,34.79,4.04,22.91,46.8,36.2,48.4,5.8,none,0.0,,0.0,70.0,84.2,False,31.5,0.0,0.82,True,True,-2.8,50.1
orchestra:C:14,orchestra,side_even,C,14,ORC4,110,36.34,4.04,22.09,47.4,37.5,50.4,5.8,none,0.0,,0.0,70.0,84.2,False,31.5,0.0,0.77,True,True,-2.9,44.8
orchestra:C:16,orchestra,side_even,C,16,ORC4,110,37.87,4.04,21.24,48.1,38.8,52.3,5.7,none,0.0,,0.0,70.0,84.3,False,31.5,0.0,0.73,True,True,-3.1,40.2
orchestra:C:18,orchestra,side_even,C,18,ORC4,110,39.38,4.04,20.35,48.8,40.1,54.2,5.6,none,0.0,,0.0,70.0,84.4,False,31.5,0.0,0.68,True,True,-3.2,35.0
orchestra:D:101,orchestra,center_odd,D,101,ORP,310,-2.87,4.13,34.15,42.5,20.9,3.9,6.3,none,0.0,,0.0,69.9,83.7,False,31.5,0.0,1.0,True,True,-2.0,96.4
orchestra:D:103,orchestra,center_odd,D,103,ORP,310,-4.62,4.13,34.06,42.6,21.1,6.3,6.3,none,0.0,,0.0,69.9,83.7,False,31.5,0.0,1.0,True,True,-2.0,96.4
orchestra:D:105,orchestra,center_odd,D,105,ORP,310,-6.37,4.13,33.94,42.7,21.4,8.6,6.3,none,0.0,,0.0,69.9,83.7,False,31.5,0.0,1.0,True,True,-2.0,96.3
orchestra:D:107,orchestra,center_odd,D,107,ORP,310,-8.11,4.13,33.78,42.8,21.9,11.0,6.3,none,0.0,,0.0,69.9,83.7,False,31.5,0.0,1.0,True,True,-2.0,96.3
orchestra:D:109,orchestra,center_odd,D,109,ORP,310,-9.85,4.13,33.59,43.0,22.4,13.3,6.2,none,0.0,,0.0,69.9,83.8,False,31.5,0.0,1.0,True,True,-2.1,96.2
orchestra:D:111,orchestra,center_odd,D,111,ORP,310,-11.58,4.13,33.35,43.2,23.0,15.6,6.2,none,0.0,,0.0,69.9,83.8,False,31.5,0.0,1.0,True,True,-2.1,95.5
orchestra:D:113,orchestra,center_odd,D,113,ORP,310,-13.31,4.13,33.07,43.4,23.7,18.0,6.2,none,0.0,,0.0,69.9,83.8,False,31.5,0.0,1.0,True,True,-2.2,93.0
orchestra:D:115,orchestra,center_odd,D,115,ORP,310,-15.03,4.13,32.76,43.7,24.5,20.2,6.1,none,0.0,,0.0,69.9,83.9,False,31.5,0.0,1.0,True,True,-2.2,90.6
orchestra:D:117,orchestra,center_odd,D,117,ORP,310,-16.75,4.13,32.41,44.0,25.3,22.5,6.1,none,0.0,,0.0,69.9,83.9,False,31.5,0.0,1.0,True,True,-2.3,88.2
orchestra:D:119,orchestra,center_odd,D,119,ORP,310,-18.45,4.13,32.02,44.3,26.2,24.8,6.0,none,0.0,,0.0,69.9,84.0,False,31.5,0.0,1.0,True,True,-2.3,85.7
orchestra:D:121,orchestra,center_odd,D,121,ORP,310,-20.15,4.13,31.59,44.7,27.1,27.0,6.0,none,0.0,,0.0,69.9,84.0,False,31.5,0.0,1.0,True,True,-2.4,83.3
orchestra:D:102,orchestra,center_even,D,102,ORP,310,2.87,4.13,34.15,42.5,20.9,3.9,6.3,none,0.0,,0.0,69.9,83.7,False,31.5,0.0,1.0,True,True,-2.0,96.4
orchestra:D:104,orchestra,center_even,D,104,ORP,310,4.62,4.13,34.06,42.6,21.1,6.3,6.3,none,0.0,,0.0,69.9,83.7,False,31.5,0.0,1.0,True,True,-2.0,96.4
orchestra:D:106,orchestra,center_even,D,106,ORP,310,6.37,4.13,33.94,42.7,21.4,8.6,6.3,none,0.0,,0.0,69.9,83.7,False,31.5,0.0,1.0,True,True,-2.0,96.3
orchestra:D:108,orchestra,center_even,D,108,ORP,310,8.11,4.13,33.78,42.8,21.9,11.0,6.3,none,0.0,,0.0,69.9,83.7,False,31.5,0.0,1.0,True,True,-2.0,96.3
orchestra:D:110,orchestra,center_even,D,110,ORP,310,9.85,4.13,33.59,43.0,22.4,13.3,6.2,none,0.0,,0.0,69.9,83.8,False,31.5,0.0,1.0,True,True,-2.1,96.2
orchestra:D:112,orchestra,center_even,D,112,ORP,310,11.58,4.13,33.35,43.2,23.0,15.6,6.2,none,0.0,,0.0,69.9,83.8,False,31.5,0.0,1.0,True,True,-2.1,95.5
orchestra:D:114,orchestra,center_even,D,114,ORP,310,13.31,4.13,33.07,43.4,23.7,18.0,6.2,none,0.0,,0.0,69.9,83.8,False,31.5,0.0,1.0,True,True,-2.2,93.0
orchestra:D:116,orchestra,center_even,D,116,ORP,310,15.03,4.13,32.76,43.7,24.5,20.2,6.1,none,0.0,,0.0,69.9,83.9,False,31.5,0.0,1.0,True,True,-2.2,90.6
orchestra:D:118,orchestra,center_even,D,118,ORP,310,16.75,4.13,32.41,44.0,25.3,22.5,6.1,none,0.0,,0.0,69.9,83.9,False,31.5,0.0,1.0,True,True,-2.3,88.2
orchestra:D:120,orchestra,center_even,D,120,ORP,310,18.45,4.13,32.02,44.3,26.2,24.8,6.0,none,0.0,,0.0,69.9,84.0,False,31.5,0.0,1.0,True,True,-2.3,85.7
orchestra:D:122,orchestra,center_even,D,122,ORP,310,20.15,4.13,31.59,44.7,27.1,27.0,6.0,none,0.0,,0.0,69.9,84.0,False,31.5,0.0,1.0,True,True,-2.4,83.3
orchestra:D:1,orchestra,side_odd,D,1,ORP,310,-26.83,4.13,29.52,46.4,31.3,35.6,5.8,none,0.0,,0.0,69.9,84.2,False,31.5,0.0,0.99,True,True,-2.7,73.3
orchestra:D:3,orchestra,side_odd,D,3,ORP,310,-28.47,4.13,28.9,46.8,32.5,37.7,5.7,none,0.0,,0.0,69.9,84.3,False,31.5,0.0,0.96,True,True,-2.8,69.2
orchestra:D:5,orchestra,side_odd,D,5,ORC3,180,-30.1,4.13,28.26,47.4,33.6,39.7,5.7,none,0.0,,0.0,69.9,84.3,False,31.5,0.0,0.93,True,True,-2.9,65.1
orchestra:D:7,orchestra,side_odd,D,7,ORC4,110,-31.71,4.13,27.57,47.9,34.8,41.7,5.6,none,0.0,,0.0,69.9,84.4,False,31.5,0.0,0.9,True,True,-3.0,61.1
orchestra:D:9,orchestra,side_odd,D,9,ORC4,110,-33.31,4.13,26.86,48.4,36.0,43.7,5.5,none,0.0,,0.0,69.9,84.5,False,31.5,0.0,0.87,True,True,-3.1,57.1
orchestra:D:11,orchestra,side_odd,D,11,ORC4,110,-34.89,4.13,26.1,49.0,37.2,45.6,5.5,none,0.0,,0.0,69.9,84.5,False,31.5,0.17,0.84,True,True,-3.2,54.4
orchestra:D:13,orchestra,side_odd,D,13,ORC4,110,-36.45,4.13,25.31,49.6,38.4,47.6,5.4,none,0.0,,0.0,69.9,84.6,False,31.5,0.5,0.8,True,True,-3.3,52.4
orchestra:D:15,orchestra,side_odd,D,15,ORC4,110,-37.99,4.13,24.49,50.2,39.7,49.5,5.3,none,0.0,,0.0,69.9,84.7,False,31.5,0.83,0.76,True,True,-3.4,50.4
orchestra:D:17,orchestra,side_odd,D,17,ORC4,110,-39.52,4.13,23.64,50.8,40.9,51.3,5.3,none,0.0,,0.0,69.9,84.7,False,31.5,0.0,0.73,True,True,-3.5,39.9
orchestra:D:2,orchestra,side_even,D,2,ORP,310,26.83,4.13,29.52,46.4,31.3,35.6,5.8,none,0.0,,0.0,69.9,84.2,False,31.5,0.0,0.99,True,True,-2.7,73.3
orchestra:D:4,orchestra,side_even,D,4,ORP,310,28.47,4.13,28.9,46.8,32.5,37.7,5.7,none,0.0,,0.0,69.9,84.3,False,31.5,0.0,0.96,True,True,-2.8,69.2
orchestra:D:6,orchestra,side_even,D,6,ORC3,180,30.1,4.13,28.26,47.4,33.6,39.7,5.7,none,0.0,,0.0,69.9,84.3,False,31.5,0.0,0.93,True,True,-2.9,65.1
orchestra:D:8,orchestra,side_even,D,8,ORC4,110,31.71,4.13,27.57,47.9,34.8,41.7,5.6,none,0.0,,0.0,69.9,84.4,False,31.5,0.0,0.9,True,True,-3.0,61.1
orchestra:D:10,orchestra,side_even,D,10,ORC4,110,33.31,4.13,26.86,48.4,36.0,43.7,5.5,none,0.0,,0.0,69.9,84.5,False,31.5,0.0,0.87,True,True,-3.1,57.1
orchestra:D:12,orchestra,side_even,D,12,ORC4,110,34.89,4.13,26.1,49.0,37.2,45.6,5.5,none,0.0,,0.0,69.9,84.5,False,31.5,0.17,0.84,True,True,-3.2,54.4
orchestra:D:14,orchestra,side_even,D,14,ORC4,110,36.45,4.13,25.31,49.6,38.4,47.6,5.4,none,0.0,,0.0,69.9,84.6,False,31.5,0.5,0.8,True,True,-3.3,52.4
orchestra:D:16,orchestra,side_even,D,16,ORC4,110,37.99,4.13,24.49,50.2,39.7,49.5,5.3,none,0.0,,0.0,69.9,84.7,False,31.5,0.83,0.76,True,True,-3.4,50.4
orchestra:D:18,orchestra,side_even,D,18,ORC4,110,39.52,4.13,23.64,50.8,40.9,51.3,5.3,none,0.0,,0.0,69.9,84.7,False,31.5,0.0,0.73,True,True,-3.5,39.9
orchestra:E:101,orchestra,center_odd,E,101,ORP,310,-2.87,4.24,37.05,45.4,23.7,3.7,5.8,none,0.0,,0.0,69.8,84.2,False,31.5,0.0,1.0,True,True,-2.5,95.0
orchestra:E:103,orchestra,center_odd,E,103,ORP,310,-4.62,4.24,36.97,45.4,23.9,5.9,5.8,none,0.0,,0.0,69.8,84.2,False,31.5,0.0,1.0,True,True,-2.5,95.0
orchestra:E:105,orchestra,center_odd,E,105,ORP,310,-6.37,4.24,36.85,45.5,24.2,8.1,5.7,none,0.0,,0.0,69.8,84.3,False,31.5,0.0,1.0,True,True,-2.6,95.0
orchestra:E:107,orchestra,center_odd,E,107,ORP,310,-8.11,4.24,36.7,45.7,24.6,10.3,5.7,none,0.0,,0.0,69.8,84.3,False,31.5,0.0,1.0,True,True,-2.6,94.9
orchestra:E:109,orchestra,center_odd,E,109,ORP,310,-9.85,4.24,36.51,45.8,25.0,12.5,5.7,none,0.0,,0.0,69.8,84.3,False,31.5,0.0,1.0,True,True,-2.6,94.8
orchestra:E:111,orchestra,center_odd,E,111,ORP,310,-11.59,4.24,36.28,46.0,25.6,14.7,5.7,none,0.0,,0.0,69.8,84.3,False,31.5,0.0,1.0,True,True,-2.7,94.7
orchestra:E:113,orchestra,center_odd,E,113,ORP,310,-13.32,4.24,36.01,46.2,26.2,16.8,5.7,none,0.0,,0.0,69.8,84.3,False,31.5,0.0,1.0,True,True,-2.7,92.8
orchestra:E:115,orchestra,center_odd,E,115,ORP,310,-15.04,4.24,35.71,46.5,26.8,19.0,5.6,none,0.0,,0.0,69.8,84.4,False,31.5,0.0,1.0,True,True,-2.8,90.5
orchestra:E:117,orchestra,center_odd,E,117,ORP,310,-16.76,4.24,35.37,46.7,27.6,21.1,5.6,none,0.0,,0.0,69.8,84.4,False,31.5,0.0,1.0,True,True,-2.8,88.3
orchestra:E:119,orchestra,center_odd,E,119,ORP,310,-18.47,4.24,35.0,47.0,28.4,23.2,5.6,none,0.0,,0.0,69.8,84.4,False,31.5,0.0,1.0,True,True,-2.8,86.0
orchestra:E:121,orchestra,center_odd,E,121,ORP,310,-20.17,4.24,34.58,47.3,29.2,25.3,5.5,none,0.0,,0.0,69.8,84.5,False,31.5,0.0,1.0,True,True,-2.9,83.8
orchestra:E:123,orchestra,center_odd,E,123,ORP,310,-21.86,4.24,34.14,47.7,30.1,27.4,5.5,none,0.0,,0.0,69.8,84.5,False,31.5,0.0,1.0,True,True,-3.0,81.5
orchestra:E:102,orchestra,center_even,E,102,ORP,310,2.87,4.24,37.05,45.4,23.7,3.7,5.8,none,0.0,,0.0,69.8,84.2,False,31.5,0.0,1.0,True,True,-2.5,95.0
orchestra:E:104,orchestra,center_even,E,104,ORP,310,4.62,4.24,36.97,45.4,23.9,5.9,5.8,none,0.0,,0.0,69.8,84.2,False,31.5,0.0,1.0,True,True,-2.5,95.0
orchestra:E:106,orchestra,center_even,E,106,ORP,310,6.37,4.24,36.85,45.5,24.2,8.1,5.7,none,0.0,,0.0,69.8,84.3,False,31.5,0.0,1.0,True,True,-2.6,95.0
orchestra:E:108,orchestra,center_even,E,108,ORP,310,8.11,4.24,36.7,45.7,24.6,10.3,5.7,none,0.0,,0.0,69.8,84.3,False,31.5,0.0,1.0,True,True,-2.6,94.9
orchestra:E:110,orchestra,center_even,E,110,ORP,310,9.85,4.24,36.51,45.8,25.0,12.5,5.7,none,0.0,,0.0,69.8,84.3,False,31.5,0.0,1.0,True,True,-2.6,94.8
orchestra:E:112,orchestra,center_even,E,112,ORP,310,11.59,4.24,36.28,46.0,25.6,14.7,5.7,none,0.0,,0.0,69.8,84.3,False,31.5,0.0,1.0,True,True,-2.7,94.7
orchestra:E:114,orchestra,center_even,E,114,ORP,310,13.32,4.24,36.01,46.2,26.2,16.8,5.7,none,0.0,,0.0,69.8,84.3,False,31.5,0.0,1.0,True,True,-2.7,92.8
orchestra:E:116,orchestra,center_even,E,116,ORP,310,15.04,4.24,35.71,46.5,26.8,19.0,5.6,none,0.0,,0.0,69.8,84.4,False,31.5,0.0,1.0,True,True,-2.8,90.5
orchestra:E:118,orchestra,center_even,E,118,ORP,310,16.76,4.24,35.37,46.7,27.6,21.1,5.6,none,0.0,,0.0,69.8,84.4,False,31.5,0.0,1.0,True,True,-2.8,88.3
orchestra:E:120,orchestra,center_even,E,120,ORP,310,18.47,4.24,35.0,47.0,28.4,23.2,5.6,none,0.0,,0.0,69.8,84.4,False,31.5,0.0,1.0,True,True,-2.8,86.0
orchestra:E:122,orchestra,center_even,E,122,ORP,310,20.17,4.24,34.58,47.3,29.2,25.3,5.5,none,0.0,,0.0,69.8,84.5,False,31.5,0.0,1.0,True,True,-2.9,83.8
orchestra:E:124,orchestra,center_even,E,124,ORP,310,21.86,4.24,34.14,47.7,30.1,27.4,5.5,none,0.0,,0.0,69.8,84.5,False,31.5,0.0,1.0,True,True,-3.0,81.5
orchestra:E:1,orchestra,side_odd,E,1,ORP,310,-26.87,4.24,32.58,48.9,33.0,33.5,5.4,none,0.0,,0.0,69.8,84.6,False,31.5,0.0,0.99,True,True,-3.2,74.2
orchestra:E:3,orchestra,side_odd,E,3,ORP,310,-28.52,4.24,31.99,49.3,34.0,35.5,5.3,none,0.0,,0.0,69.8,84.7,False,31.5,0.0,0.96,True,True,-3.3,70.2
orchestra:E:5,orchestra,side_odd,E,5,ORC3,180,-30.15,4.24,31.36,49.8,35.1,37.5,5.3,none,0.0,,0.0,69.8,84.7,False,31.5,0.0,0.94,True,True,-3.4,66.8
orchestra:E:7,orchestra,side_odd,E,7,ORC4,110,-31.77,4.24,30.7,50.3,36.2,39.4,5.2,none,0.0,,0.0,69.8,84.8,False,31.5,0.0,0.91,True,True,-3.4,62.9
orchestra:E:9,orchestra,side_odd,E,9,ORC4,110,-33.38,4.24,30.01,50.8,37.3,41.3,5.2,none,0.0,,0.0,69.8,84.8,False,31.5,0.0,0.88,True,True,-3.5,58.9
orchestra:E:11,orchestra,side_odd,E,11,ORC4,110,-34.97,4.24,29.28,51.3,38.5,43.2,5.1,none,0.0,,0.0,69.8,84.9,False,31.5,0.0,0.85,True,True,-3.6,55.0
orchestra:E:13,orchestra,side_odd,E,13,ORC4,110,-36.55,4.24,28.52,51.9,39.6,45.0,5.0,none,0.0,,0.0,69.8,85.0,False,31.5,0.0,0.82,True,True,-3.7,51.1
orchestra:E:15,orchestra,side_odd,E,15,ORC4,110,-38.1,4.24,27.72,52.4,40.8,46.8,5.0,none,0.0,,0.0,69.8,85.0,False,31.5,0.0,0.79,True,True,-3.8,47.2
orchestra:E:17,orchestra,side_odd,E,17,ORC4,110,-39.65,4.24,26.89,53.0,42.0,48.6,4.9,none,0.0,,0.0,69.8,85.1,False,31.5,0.0,0.76,True,True,-3.9,43.4
orchestra:E:19,orchestra,side_odd,E,19,ORC4,110,-41.17,4.24,26.03,53.6,43.2,50.4,4.9,none,0.0,,0.0,69.8,85.1,False,31.5,0.33,0.72,True,True,-4.0,41.5
orchestra:E:2,orchestra,side_even,E,2,ORP,310,26.87,4.24,32.58,48.9,33.0,33.5,5.4,none,0.0,,0.0,69.8,84.6,False,31.5,0.0,0.99,True,True,-3.2,74.2
orchestra:E:4,orchestra,side_even,E,4,ORP,310,28.52,4.24,31.99,49.3,34.0,35.5,5.3,none,0.0,,0.0,69.8,84.7,False,31.5,0.0,0.96,True,True,-3.3,70.2
orchestra:E:6,orchestra,side_even,E,6,ORC3,180,30.15,4.24,31.36,49.8,35.1,37.5,5.3,none,0.0,,0.0,69.8,84.7,False,31.5,0.0,0.94,True,True,-3.4,66.8
orchestra:E:8,orchestra,side_even,E,8,ORC4,110,31.77,4.24,30.7,50.3,36.2,39.4,5.2,none,0.0,,0.0,69.8,84.8,False,31.5,0.0,0.91,True,True,-3.4,62.9
orchestra:E:10,orchestra,side_even,E,10,ORC4,110,33.38,4.24,30.01,50.8,37.3,41.3,5.2,none,0.0,,0.0,69.8,84.8,False,31.5,0.0,0.88,True,True,-3.5,58.9
orchestra:E:12,orchestra,side_even,E,12,ORC4,110,34.97,4.24,29.28,51.3,38.5,43.2,5.1,none,0.0,,0.0,69.8,84.9,False,31.5,0.0,0.85,True,True,-3.6,55.0
orchestra:E:14,orchestra,side_even,E,14,ORC4,110,36.55,4.24,28.52,51.9,39.6,45.0,5.0,none,0.0,,0.0,69.8,85.0,False,31.5,0.0,0.82,True,True,-3.7,51.1
orchestra:E:16,orchestra,side_even,E,16,ORC4,110,38.1,4.24,27.72,52.4,40.8,46.8,5.0,none,0.0,,0.0,69.8,85.0,False,31.5,0.0,0.79,True,True,-3.8,47.2
orchestra:E:18,orchestra,side_even,E,18,ORC4,110,39.65,4.24,26.89,53.0,42.0,48.6,4.9,none,0.0,,0.0,69.8,85.1,False,31.5,0.0,0.76,True,True,-3.9,43.4
orchestra:E:20,orchestra,side_even,E,20,ORC4,110,41.17,4.24,26.03,53.6,43.2,50.4,4.9,none,0.0,,0.0,69.8,85.1,False,31.5,0.33,0.72,True,True,-4.0,41.5
orchestra:F:101,orchestra,center_odd,F,101,ORP,310,-2.87,4.36,39.95,48.2,26.6,3.4,5.3,none,0.0,,0.0,69.6,84.7,False,31.5,0.0,1.0,True,True,-3.1,93.7
orchestra:F:103,orchestra,center_odd,F,103,ORP,310,-4.62,4.36,39.87,48.3,26.7,5.5,5.3,none,0.0,,0.0,69.6,84.7,False,31.5,0.0,1.0,True,True,-3.1,93.6
orchestra:F:105,orchestra,center_odd,F,105,ORP,310,-6.37,4.36,39.76,48.4,27.0,7.6,5.3,none,0.0,,0.0,69.6,84.7,False,31.5,0.0,1.0,True,True,-3.1,93.6
orchestra:F:107,orchestra,center_odd,F,107,ORP,310,-8.11,4.36,39.61,48.5,27.3,9.7,5.3,none,0.0,,0.0,69.6,84.7,False,31.5,0.0,1.0,True,True,-3.1,93.5
orchestra:F:109,orchestra,center_odd,F,109,ORP,310,-9.85,4.36,39.43,48.6,27.7,11.7,5.2,none,0.0,,0.0,69.6,84.8,False,31.5,0.0,1.0,True,True,-3.1,93.5
orchestra:F:111,orchestra,center_odd,F,111,ORP,310,-11.59,4.36,39.21,48.8,28.2,13.8,5.2,none,0.0,,0.0,69.6,84.8,False,31.5,0.0,1.0,True,True,-3.2,93.4
orchestra:F:113,orchestra,center_odd,F,113,ORP,310,-13.32,4.36,38.95,49.0,28.7,15.8,5.2,none,0.0,,0.0,69.6,84.8,False,31.5,0.0,1.0,True,True,-3.2,92.5
orchestra:F:115,orchestra,center_odd,F,115,ORP,310,-15.05,4.36,38.66,49.2,29.3,17.9,5.2,none,0.0,,0.0,69.6,84.8,False,31.5,0.0,1.0,True,True,-3.2,90.3
orchestra:F:117,orchestra,center_odd,F,117,ORP,310,-16.76,4.36,38.33,49.5,29.9,19.9,5.2,none,0.0,,0.0,69.6,84.8,False,31.5,0.0,1.0,True,True,-3.3,88.1
orchestra:F:119,orchestra,center_odd,F,119,ORP,310,-18.48,4.36,37.97,49.7,30.6,21.9,5.1,none,0.0,,0.0,69.6,84.9,False,31.5,0.0,1.0,True,True,-3.3,86.0
orchestra:F:121,orchestra,center_odd,F,121,ORP,310,-20.18,4.36,37.57,50.0,31.4,23.9,5.1,none,0.0,,0.0,69.6,84.9,False,31.5,0.0,1.0,True,True,-3.4,83.9
orchestra:F:102,orchestra,center_even,F,102,ORP,310,2.87,4.36,39.95,48.2,26.6,3.4,5.3,none,0.0,,0.0,69.6,84.7,False,31.5,0.0,1.0,True,True,-3.1,93.7
orchestra:F:104,orchestra,center_even,F,104,ORP,310,4.62,4.36,39.87,48.3,26.7,5.5,5.3,none,0.0,,0.0,69.6,84.7,False,31.5,0.0,1.0,True,True,-3.1,93.6
orchestra:F:106,orchestra,center_even,F,106,ORP,310,6.37,4.36,39.76,48.4,27.0,7.6,5.3,none,0.0,,0.0,69.6,84.7,False,31.5,0.0,1.0,True,True,-3.1,93.6
orchestra:F:108,orchestra,center_even,F,108,ORP,310,8.11,4.36,39.61,48.5,27.3,9.7,5.3,none,0.0,,0.0,69.6,84.7,False,31.5,0.0,1.0,True,True,-3.1,93.5
orchestra:F:110,orchestra,center_even,F,110,ORP,310,9.85,4.36,39.43,48.6,27.7,11.7,5.2,none,0.0,,0.0,69.6,84.8,False,31.5,0.0,1.0,True,True,-3.1,93.5
orchestra:F:112,orchestra,center_even,F,112,ORP,310,11.59,4.36,39.21,48.8,28.2,13.8,5.2,none,0.0,,0.0,69.6,84.8,False,31.5,0.0,1.0,True,True,-3.2,93.4
orchestra:F:114,orchestra,center_even,F,114,ORP,310,13.32,4.36,38.95,49.0,28.7,15.8,5.2,none,0.0,,0.0,69.6,84.8,False,31.5,0.0,1.0,True,True,-3.2,92.5
orchestra:F:116,orchestra,center_even,F,116,ORP,310,15.05,4.36,38.66,49.2,29.3,17.9,5.2,none,0.0,,0.0,69.6,84.8,False,31.5,0.0,1.0,True,True,-3.2,90.3
orchestra:F:118,orchestra,center_even,F,118,ORP,310,16.76,4.36,38.33,49.5,29.9,19.9,5.2,none,0.0,,0.0,69.6,84.8,False,31.5,0.0,1.0,True,True,-3.3,88.1
orchestra:F:120,orchestra,center_even,F,120,ORP,310,18.48,4.36,37.97,49.7,30.6,21.9,5.1,none,0.0,,0.0,69.6,84.9,False,31.5,0.0,1.0,True,True,-3.3,86.0
orchestra:F:122,orchestra,center_even,F,122,ORP,310,20.18,4.36,37.57,50.0,31.4,23.9,5.1,none,0.0,,0.0,69.6,84.9,False,31.5,0.0,1.0,True,True,-3.4,83.9
orchestra:F:1,orchestra,side_odd,F,1,ORP,310,-26.9,4.36,35.63,51.5,34.9,31.7,5.0,none,0.0,,0.0,69.6,85.0,False,31.5,0.0,0.99,True,True,-3.6,74.8
orchestra:F:3,orchestra,side_odd,F,3,ORP,310,-28.56,4.36,35.06,51.9,35.8,33.6,4.9,none,0.0,,0.0,69.6,85.1,False,31.5,0.0,0.96,True,True,-3.7,70.9
orchestra:F:5,orchestra,side_odd,F,5,ORC3,180,-30.2,4.36,34.45,52.3,36.8,35.4,4.9,none,0.0,,0.0,69.6,85.1,False,31.5,0.0,0.94,True,True,-3.8,67.7
orchestra:F:7,orchestra,side_odd,F,7,ORC4,110,-31.83,4.36,33.82,52.7,37.8,37.3,4.8,none,0.0,,0.0,69.6,85.2,False,31.5,0.0,0.92,True,True,-3.8,64.4
orchestra:F:9,orchestra,side_odd,F,9,ORC4,110,-33.45,4.36,33.14,53.2,38.8,39.1,4.8,none,0.0,,0.0,69.6,85.2,False,31.5,0.0,0.89,True,True,-3.9,60.6
orchestra:F:11,orchestra,side_odd,F,11,ORC4,110,-35.05,4.36,32.44,53.7,39.9,40.9,4.7,none,0.0,,0.0,69.6,85.3,False,31.5,0.0,0.87,True,True,-4.0,57.3
orchestra:F:13,orchestra,side_odd,F,13,ORC4,110,-36.63,4.36,31.7,54.2,41.0,42.7,4.7,none,0.0,,0.0,69.6,85.3,False,31.5,0.0,0.84,True,True,-4.1,53.5
orchestra:F:15,orchestra,side_odd,F,15,ORC4,110,-38.21,4.36,30.93,54.7,42.1,44.5,4.7,none,0.0,,0.0,69.6,85.3,False,31.5,0.0,0.81,True,True,-4.2,49.6
orchestra:F:17,orchestra,side_odd,F,17,ORC4,110,-39.76,4.36,30.13,55.3,43.2,46.2,4.6,none,0.0,,0.0,69.6,85.4,False,31.5,0.0,0.78,True,True,-4.3,45.9
orchestra:F:19,orchestra,side_odd,F,19,ORC4,110,-41.3,4.36,29.29,55.8,44.3,47.9,4.6,none,0.0,,0.0,69.6,85.4,False,31.5,0.0,0.75,True,True,-4.3,42.1
orchestra:F:2,orchestra,side_even,F,2,ORP,310,26.9,4.36,35.63,51.5,34.9,31.7,5.0,none,0.0,,0.0,69.6,85.0,False,31.5,0.0,0.99,True,True,-3.6,74.8
orchestra:F:4,orchestra,side_even,F,4,ORP,310,28.56,4.36,35.06,51.9,35.8,33.6,4.9,none,0.0,,0.0,69.6,85.1,False,31.5,0.0,0.96,True,True,-3.7,70.9
orchestra:F:6,orchestra,side_even,F,6,ORC3,180,30.2,4.36,34.45,52.3,36.8,35.4,4.9,none,0.0,,0.0,69.6,85.1,False,31.5,0.0,0.94,True,True,-3.8,67.7
orchestra:F:8,orchestra,side_even,F,8,ORC4,110,31.83,4.36,33.82,52.7,37.8,37.3,4.8,none,0.0,,0.0,69.6,85.2,False,31.5,0.0,0.92,True,True,-3.8,64.4
orchestra:F:10,orchestra,side_even,F,10,ORC4,110,33.45,4.36,33.14,53.2,38.8,39.1,4.8,none,0.0,,0.0,69.6,85.2,False,31.5,0.0,0.89,True,True,-3.9,60.6
orchestra:F:12,orchestra,side_even,F,12,ORC4,110,35.05,4.36,32.44,53.7,39.9,40.9,4.7,none,0.0,,0.0,69.6,85.3,False,31.5,0.0,0.87,True,True,-4.0,57.3
orchestra:F:14,orchestra,side_even,F,14,ORC4,110,36.63,4.36,31.7,54.2,41.0,42.7,4.7,none,0.0,,0.0,69.6,85.3,False,31.5,0.0,0.84,True,True,-4.1,53.5
orchestra:F:16,orchestra,side_even,F,16,ORC4,110,38.21,4.36,30.93,54.7,42.1,44.5,4.7,none,0.0,,0.0,69.6,85.3,False,31.5,0.0,0.81,True,True,-4.2,49.6
orchestra:F:18,orchestra,side_even,F,18,ORC4,110,39.76,4.36,30.13,55.3,43.2,46.2,4.6,none,0.0,,0.0,69.6,85.4,False,31.5,0.0,0.78,True,True,-4.3,45.9
orchestra:F:20,orchestra,side_even,F,20,ORC4,110,41.3,4.36,29.29,55.8,44.3,47.9,4.6,none,0.0,,0.0,69.6,85.4,False,31.5,0.0,0.75,True,True,-4.3,42.1
orchestra:G:101,orchestra,center_odd,G,101,ORP,310,-2.87,4.48,42.85,51.1,29.4,3.2,4.9,none,0.0,,0.0,69.5,85.1,False,31.5,0.0,1.0,True,True,-3.6,92.3
orchestra:G:103,orchestra,center_odd,G,103,ORP,310,-4.62,4.48,42.78,51.2,29.6,5.2,4.8,none,0.0,,0.0,69.5,85.2,False,31.5,0.0,1.0,True,True,-3.6,92.2
orchestra:G:105,orchestra,center_odd,G,105,ORP,310,-6.37,4.48,42.67,51.3,29.8,7.2,4.8,none,0.0,,0.0,69.5,85.2,False,31.5,0.0,1.0,True,True,-3.6,92.2
orchestra:G:107,orchestra,center_odd,G,107,ORP,310,-8.11,4.48,42.52,51.4,30.1,9.1,4.8,none,0.0,,0.0,69.5,85.2,False,31.5,0.0,1.0,True,True,-3.6,92.1
orchestra:G:109,orchestra,center_odd,G,109,ORP,310,-9.85,4.48,42.35,51.5,30.4,11.1,4.8,none,0.0,,0.0,69.5,85.2,False,31.5,0.0,1.0,True,True,-3.6,92.1
orchestra:G:111,orchestra,center_odd,G,111,ORP,310,-11.59,4.48,42.13,51.6,30.8,13.0,4.8,none,0.0,,0.0,69.5,85.2,False,31.5,0.0,1.0,True,True,-3.7,92.0
orchestra:G:113,orchestra,center_odd,G,113,ORP,310,-13.32,4.48,41.88,51.8,31.3,15.0,4.8,none,0.0,,0.0,69.5,85.2,False,31.5,0.0,1.0,True,True,-3.7,91.9
orchestra:G:115,orchestra,center_odd,G,115,ORP,310,-15.05,4.48,41.6,52.0,31.8,16.9,4.8,none,0.0,,0.0,69.5,85.2,False,31.5,0.0,1.0,True,True,-3.7,89.9
orchestra:G:117,orchestra,center_odd,G,117,ORP,310,-16.77,4.48,41.29,52.2,32.4,18.8,4.7,none,0.0,,0.0,69.5,85.3,False,31.5,0.0,1.0,True,True,-3.8,87.9
orchestra:G:119,orchestra,center_odd,G,119,ORP,310,-18.49,4.48,40.93,52.5,33.0,20.7,4.7,none,0.0,,0.0,69.5,85.3,False,31.5,0.0,1.0,True,True,-3.8,85.9
orchestra:G:121,orchestra,center_odd,G,121,ORP,310,-20.19,4.48,40.55,52.8,33.7,22.6,4.7,none,0.0,,0.0,69.5,85.3,False,31.5,0.0,1.0,True,True,-3.9,83.9
orchestra:G:123,orchestra,center_odd,G,123,ORP,310,-21.89,4.48,40.13,53.1,34.5,24.5,4.7,none,0.0,,0.0,69.5,85.3,False,31.5,0.0,1.0,True,True,-3.9,81.8
orchestra:G:102,orchestra,center_even,G,102,ORP,310,2.87,4.48,42.85,51.1,29.4,3.2,4.9,none,0.0,,0.0,69.5,85.1,False,31.5,0.0,1.0,True,True,-3.6,92.3
orchestra:G:104,orchestra,center_even,G,104,ORP,310,4.62,4.48,42.78,51.2,29.6,5.2,4.8,none,0.0,,0.0,69.5,85.2,False,31.5,0.0,1.0,True,True,-3.6,92.2
orchestra:G:106,orchestra,center_even,G,106,ORP,310,6.37,4.48,42.67,51.3,29.8,7.2,4.8,none,0.0,,0.0,69.5,85.2,False,31.5,0.0,1.0,True,True,-3.6,92.2
orchestra:G:108,orchestra,center_even,G,108,ORP,310,8.11,4.48,42.52,51.4,30.1,9.1,4.8,none,0.0,,0.0,69.5,85.2,False,31.5,0.0,1.0,True,True,-3.6,92.1
orchestra:G:110,orchestra,center_even,G,110,ORP,310,9.85,4.48,42.35,51.5,30.4,11.1,4.8,none,0.0,,0.0,69.5,85.2,False,31.5,0.0,1.0,True,True,-3.6,92.1
orchestra:G:112,orchestra,center_even,G,112,ORP,310,11.59,4.48,42.13,51.6,30.8,13.0,4.8,none,0.0,,0.0,69.5,85.2,False,31.5,0.0,1.0,True,True,-3.7,92.0
orchestra:G:114,orchestra,center_even,G,114,ORP,310,13.32,4.48,41.88,51.8,31.3,15.0,4.8,none,0.0,,0.0,69.5,85.2,False,31.5,0.0,1.0,True,True,-3.7,91.9
orchestra:G:116,orchestra,center_even,G,116,ORP,310,15.05,4.48,41.6,52.0,31.8,16.9,4.8,none,0.0,,0.0,69.5,85.2,False,31.5,0.0,1.0,True,True,-3.7,89.9
orchestra:G:118,orchestra,center_even,G,118,ORP,310,16.77,4.48,41.29,52.2,32.4,18.8,4.7,none,0.0,,0.0,69.5,85.3,False,31.5,0.0,1.0,True,True,-3.8,87.9
orchestra:G:120,orchestra,center_even,G,120,ORP,310,18.49,4.48,40.93,52.5,33.0,20.7,4.7,none,0.0,,0.0,69.5,85.3,False,31.5,0.0,1.0,True,True,-3.8,85.9
orchestra:G:122,orchestra,center_even,G,122,ORP,310,20.19,4.48,40.55,52.8,33.7,22.6,4.7,none,0.0,,0.0,69.5,85.3,False,31.5,0.0,1.0,True,True,-3.9,83.9
orchestra:G:124,orchestra,center_even,G,124,ORP,310,21.89,4.48,40.13,53.1,34.5,24.5,4.7,none,0.0,,0.0,69.5,85.3,False,31.5,0.0,1.0,True,True,-3.9,81.8
orchestra:G:1,orchestra,side_odd,G,1,ORP,310,-26.93,4.48,38.67,54.1,36.9,30.0,4.6,none,0.0,,0.0,69.5,85.4,False,31.5,0.0,0.99,True,True,-4.1,75.2
orchestra:G:3,orchestra,side_odd,G,3,ORP,310,-28.59,4.48,38.12,54.4,37.7,31.8,4.6,none,0.0,,0.0,69.5,85.4,False,31.5,0.0,0.97,True,True,-4.1,72.1
orchestra:G:5,orchestra,side_odd,G,5,ORC3,180,-30.24,4.48,37.53,54.8,38.6,33.6,4.5,none,0.0,,0.0,69.5,85.5,False,31.5,0.0,0.95,True,True,-4.2,68.9
orchestra:G:7,orchestra,side_odd,G,7,ORC4,110,-31.88,4.48,36.91,55.2,39.6,35.4,4.5,none,0.0,,0.0,69.5,85.5,False,31.5,0.0,0.92,True,True,-4.2,65.1
orchestra:G:9,orchestra,side_odd,G,9,ORC4,110,-33.51,4.48,36.26,55.7,40.5,37.1,4.5,none,0.0,,0.0,69.5,85.5,False,31.5,0.0,0.9,True,True,-4.3,62.0
orchestra:G:11,orchestra,side_odd,G,11,ORC4,110,-35.12,4.48,35.58,56.1,41.5,38.9,4.4,none,0.0,,0.0,69.5,85.6,False,31.5,0.0,0.88,True,True,-4.4,58.8
orchestra:G:13,orchestra,side_odd,G,13,ORC4,110,-36.71,4.48,34.87,56.6,42.5,40.6,4.4,none,0.0,,0.0,69.5,85.6,False,31.5,0.0,0.85,True,True,-4.5,55.0
orchestra:G:15,orchestra,side_odd,G,15,ORC4,110,-38.3,4.48,34.12,57.1,43.5,42.3,4.3,none,0.0,,0.0,69.5,85.7,False,31.5,0.0,0.83,True,True,-4.5,51.9
orchestra:G:17,orchestra,side_odd,G,17,ORC4,110,-39.86,4.48,33.34,57.6,44.6,44.0,4.3,none,0.0,,0.0,69.5,85.7,False,31.5,0.0,0.8,True,True,-4.6,48.2
orchestra:G:19,orchestra,side_odd,G,19,ORC4,110,-41.42,4.48,32.53,58.1,45.6,45.6,4.3,none,0.0,,0.0,69.5,85.7,False,31.5,0.0,0.77,True,True,-4.7,44.5
orchestra:G:2,orchestra,side_even,G,2,ORP,310,26.93,4.48,38.67,54.1,36.9,30.0,4.6,none,0.0,,0.0,69.5,85.4,False,31.5,0.0,0.99,True,True,-4.1,75.2
orchestra:G:4,orchestra,side_even,G,4,ORP,310,28.59,4.48,38.12,54.4,37.7,31.8,4.6,none,0.0,,0.0,69.5,85.4,False,31.5,0.0,0.97,True,True,-4.1,72.1
orchestra:G:6,orchestra,side_even,G,6,ORC3,180,30.24,4.48,37.53,54.8,38.6,33.6,4.5,none,0.0,,0.0,69.5,85.5,False,31.5,0.0,0.95,True,True,-4.2,68.9
orchestra:G:8,orchestra,side_even,G,8,ORC4,110,31.88,4.48,36.91,55.2,39.6,35.4,4.5,none,0.0,,0.0,69.5,85.5,False,31.5,0.0,0.92,True,True,-4.2,65.1
orchestra:G:10,orchestra,side_even,G,10,ORC4,110,33.51,4.48,36.26,55.7,40.5,37.1,4.5,none,0.0,,0.0,69.5,85.5,False,31.5,0.0,0.9,True,True,-4.3,62.0
orchestra:G:12,orchestra,side_even,G,12,ORC4,110,35.12,4.48,35.58,56.1,41.5,38.9,4.4,none,0.0,,0.0,69.5,85.6,False,31.5,0.0,0.88,True,True,-4.4,58.8
orchestra:G:14,orchestra,side_even,G,14,ORC4,110,36.71,4.48,34.87,56.6,42.5,40.6,4.4,none,0.0,,0.0,69.5,85.6,False,31.5,0.0,0.85,True,True,-4.5,55.0
orchestra:G:16,orchestra,side_even,G,16,ORC4,110,38.3,4.48,34.12,57.1,43.5,42.3,4.3,none,0.0,,0.0,69.5,85.7,False,31.5,0.0,0.83,True,True,-4.5,51.9
orchestra:G:18,orchestra,side_even,G,18,ORC4,110,39.86,4.48,33.34,57.6,44.6,44.0,4.3,none,0.0,,0.0,69.5,85.7,False,31.5,0.0,0.8,True,True,-4.6,48.2
orchestra:G:20,orchestra,side_even,G,20,ORC4,110,41.42,4.48,32.53,58.1,45.6,45.6,4.3,none,0.0,,0.0,69.5,85.7,False,31.5,0.0,0.77,True,True,-4.7,44.5
orchestra:H:101,orchestra,center_odd,H,101,ORP,310,-2.87,4.61,45.75,54.0,32.3,3.1,4.5,none,0.0,,0.0,69.4,85.5,False,31.5,0.0,1.0,True,True,-4.1,90.9
orchestra:H:103,orchestra,center_odd,H,103,ORP,310,-4.62,4.61,45.68,54.0,32.4,4.9,4.5,none,0.0,,0.0,69.4,85.5,False,31.5,0.0,1.0,True,True,-4.1,90.9
orchestra:H:105,orchestra,center_odd,H,105,ORP,310,-6.37,4.61,45.58,54.1,32.6,6.8,4.4,none,0.0,,0.0,69.4,85.6,False,31.5,0.0,1.0,True,True,-4.1,90.8
orchestra:H:107,orchestra,center_odd,H,107,ORP,310,-8.11,4.61,45.44,54.2,32.9,8.6,4.4,none,0.0,,0.0,69.4,85.6,False,31.5,0.0,1.0,True,True,-4.1,90.8
orchestra:H:109,orchestra,center_odd,H,109,ORP,310,-9.86,4.61,45.26,54.3,33.2,10.5,4.4,none,0.0,,0.0,69.4,85.6,False,31.5,0.0,1.0,True,True,-4.1,90.7
orchestra:H:111,orchestra,center_odd,H,111,ORP,310,-11.59,4.61,45.06,54.5,33.5,12.3,4.4,none,0.0,,0.0,69.4,85.6,False,31.5,0.0,1.0,True,True,-4.1,90.6
orchestra:H:113,orchestra,center_odd,H,113,ORP,310,-13.33,4.61,44.82,54.6,34.0,14.2,4.4,none,0.0,,0.0,69.4,85.6,False,31.5,0.0,1.0,True,True,-4.2,90.6
orchestra:H:115,orchestra,center_odd,H,115,ORP,310,-15.06,4.61,44.54,54.8,34.4,16.0,4.4,none,0.0,,0.0,69.4,85.6,False,31.5,0.0,1.0,True,True,-4.2,89.5
orchestra:H:117,orchestra,center_odd,H,117,ORP,310,-16.78,4.61,44.24,55.0,35.0,17.8,4.4,none,0.0,,0.0,69.4,85.6,False,31.5,0.0,1.0,True,True,-4.2,87.6
orchestra:H:119,orchestra,center_odd,H,119,ORP,310,-18.49,4.61,43.9,55.3,35.5,19.6,4.4,none,0.0,,0.0,69.4,85.6,False,31.5,0.0,1.0,True,True,-4.3,85.7
orchestra:H:121,orchestra,center_odd,H,121,ORP,310,-20.2,4.61,43.52,55.5,36.1,21.4,4.3,none,0.0,,0.0,69.4,85.7,False,31.5,0.0,1.0,True,True,-4.3,83.8
orchestra:H:102,orchestra,center_even,H,102,ORP,310,2.87,4.61,45.75,54.0,32.3,3.1,4.5,none,0.0,,0.0,69.4,85.5,False,31.5,0.0,1.0,True,True,-4.1,90.9
orchestra:H:104,orchestra,center_even,H,104,ORP,310,4.62,4.61,45.68,54.0,32.4,4.9,4.5,none,0.0,,0.0,69.4,85.5,False,31.5,0.0,1.0,True,True,-4.1,90.9
orchestra:H:106,orchestra,center_even,H,106,ORP,310,6.37,4.61,45.58,54.1,32.6,6.8,4.4,none,0.0,,0.0,69.4,85.6,False,31.5,0.0,1.0,True,True,-4.1,90.8
orchestra:H:108,orchestra,center_even,H,108,ORP,310,8.11,4.61,45.44,54.2,32.9,8.6,4.4,none,0.0,,0.0,69.4,85.6,False,31.5,0.0,1.0,True,True,-4.1,90.8
orchestra:H:110,orchestra,center_even,H,110,ORP,310,9.86,4.61,45.26,54.3,33.2,10.5,4.4,none,0.0,,0.0,69.4,85.6,False,31.5,0.0,1.0,True,True,-4.1,90.7
orchestra:H:112,orchestra,center_even,H,112,ORP,310,11.59,4.61,45.06,54.5,33.5,12.3,4.4,none,0.0,,0.0,69.4,85.6,False,31.5,0.0,1.0,True,True,-4.1,90.6
orchestra:H:114,orchestra,center_even,H,114,ORP,310,13.33,4.61,44.82,54.6,34.0,14.2,4.4,none,0.0,,0.0,69.4,85.6,False,31.5,0.0,1.0,True,True,-4.2,90.6
orchestra:H:116,orchestra,center_even,H,116,ORP,310,15.06,4.61,44.54,54.8,34.4,16.0,4.4,none,0.0,,0.0,69.4,85.6,False,31.5,0.0,1.0,True,True,-4.2,89.5
orchestra:H:118,orchestra,center_even,H,118,ORP,310,16.78,4.61,44.24,55.0,35.0,17.8,4.4,none,0.0,,0.0,69.4,85.6,False,31.5,0.0,1.0,True,True,-4.2,87.6
orchestra:H:120,orchestra,center_even,H,120,ORP,310,18.49,4.61,43.9,55.3,35.5,19.6,4.4,none,0.0,,0.0,69.4,85.6,False,31.5,0.0,1.0,True,True,-4.3,85.7
orchestra:H:122,orchestra,center_even,H,122,ORP,310,20.2,4.61,43.52,55.5,36.1,21.4,4.3,none,0.0,,0.0,69.4,85.7,False,31.5,0.0,1.0,True,True,-4.3,83.8
orchestra:H:1,orchestra,side_odd,H,1,ORP,310,-26.96,4.61,41.7,56.7,39.0,28.5,4.2,none,0.0,,0.0,69.4,85.8,False,31.5,0.0,0.99,True,True,-4.5,75.5
orchestra:H:3,orchestra,side_odd,H,3,ORP,310,-28.63,4.61,41.17,57.1,39.8,30.2,4.2,none,0.0,,0.0,69.4,85.8,False,31.5,0.0,0.97,True,True,-4.5,72.4
orchestra:H:5,orchestra,side_odd,H,5,ORC3,180,-30.28,4.61,40.6,57.4,40.6,31.9,4.2,none,0.0,,0.0,69.4,85.8,False,31.5,0.0,0.95,True,True,-4.6,69.3
orchestra:H:7,orchestra,side_odd,H,7,ORC4,110,-31.93,4.61,40.0,57.8,41.5,33.6,4.2,none,0.0,,0.0,69.4,85.8,False,31.5,0.0,0.93,True,True,-4.6,66.3
orchestra:H:9,orchestra,side_odd,H,9,ORC4,110,-33.56,4.61,39.37,58.2,42.4,35.3,4.1,none,0.0,,0.0,69.4,85.9,False,31.5,0.0,0.91,True,True,-4.7,63.2
orchestra:H:11,orchestra,side_odd,H,11,ORC4,110,-35.18,4.61,38.71,58.6,43.3,37.0,4.1,none,0.0,,0.0,69.4,85.9,False,31.5,0.0,0.89,True,True,-4.8,60.1
orchestra:H:13,orchestra,side_odd,H,13,ORC4,110,-36.79,4.61,38.01,59.1,44.2,38.6,4.1,none,0.0,,0.0,69.4,85.9,False,31.5,0.0,0.86,True,True,-4.8,56.4
orchestra:H:15,orchestra,side_odd,H,15,ORC4,110,-38.38,4.61,37.29,59.5,45.2,40.3,4.0,none,0.0,,0.0,69.4,86.0,False,31.5,0.0,0.84,True,True,-4.9,53.3
orchestra:H:17,orchestra,side_odd,H,17,ORC4,110,-39.96,4.61,36.54,60.0,46.2,41.9,4.0,none,0.0,,0.0,69.4,86.0,False,31.5,0.0,0.82,True,True,-5.0,50.3
orchestra:H:19,orchestra,side_odd,H,19,ORC4,110,-41.52,4.61,35.75,60.5,47.2,43.5,4.0,none,0.0,,0.0,69.4,86.0,False,31.5,0.0,0.79,True,True,-5.0,46.7
orchestra:H:21,orchestra,side_odd,H,21,ORC4,110,-43.07,4.61,34.93,61.0,48.2,45.1,3.9,none,0.0,,0.0,69.4,86.1,False,31.5,0.0,0.77,True,True,-5.1,43.6
orchestra:H:2,orchestra,side_even,H,2,ORP,310,26.96,4.61,41.7,56.7,39.0,28.5,4.2,none,0.0,,0.0,69.4,85.8,False,31.5,0.0,0.99,True,True,-4.5,75.5
orchestra:H:4,orchestra,side_even,H,4,ORP,310,28.63,4.61,41.17,57.1,39.8,30.2,4.2,none,0.0,,0.0,69.4,85.8,False,31.5,0.0,0.97,True,True,-4.5,72.4
orchestra:H:6,orchestra,side_even,H,6,ORC3,180,30.28,4.61,40.6,57.4,40.6,31.9,4.2,none,0.0,,0.0,69.4,85.8,False,31.5,0.0,0.95,True,True,-4.6,69.3
orchestra:H:8,orchestra,side_even,H,8,ORC4,110,31.93,4.61,40.0,57.8,41.5,33.6,4.2,none,0.0,,0.0,69.4,85.8,False,31.5,0.0,0.93,True,True,-4.6,66.3
orchestra:H:10,orchestra,side_even,H,10,ORC4,110,33.56,4.61,39.37,58.2,42.4,35.3,4.1,none,0.0,,0.0,69.4,85.9,False,31.5,0.0,0.91,True,True,-4.7,63.2
orchestra:H:12,orchestra,side_even,H,12,ORC4,110,35.18,4.61,38.71,58.6,43.3,37.0,4.1,none,0.0,,0.0,69.4,85.9,False,31.5,0.0,0.89,True,True,-4.8,60.1
orchestra:H:14,orchestra,side_even,H,14,ORC4,110,36.79,4.61,38.01,59.1,44.2,38.6,4.1,none,0.0,,0.0,69.4,85.9,False,31.5,0.0,0.86,True,True,-4.8,56.4
orchestra:H:16,orchestra,side_even,H,16,ORC4,110,38.38,4.61,37.29,59.5,45.2,40.3,4.0,none,0.0,,0.0,69.4,86.0,False,31.5,0.0,0.84,True,True,-4.9,53.3
orchestra:H:18,orchestra,side_even,H,18,ORC4,110,39.96,4.61,36.54,60.0,46.2,41.9,4.0,none,0.0,,0.0,69.4,86.0,False,31.5,0.0,0.82,True,True,-5.0,50.3
orchestra:H:20,orchestra,side_even,H,20,ORC4,110,41.52,4.61,35.75,60.5,47.2,43.5,4.0,none,0.0,,0.0,69.4,86.0,False,31.5,0.0,0.79,True,True,-5.0,46.7
orchestra:H:22,orchestra,side_even,H,22,ORC4,110,43.07,4.61,34.93,61.0,48.2,45.1,3.9,none,0.0,,0.0,69.4,86.1,False,31.5,0.0,0.77,True,True,-5.1,43.6
orchestra:J:101,orchestra,center_odd,J,101,ORP,310,-2.87,4.74,48.66,56.9,35.2,2.9,4.1,none,0.0,,0.0,69.3,85.9,False,31.5,0.0,1.0,True,True,-4.5,89.5
orchestra:J:103,orchestra,center_odd,J,103,ORP,310,-4.62,4.74,48.59,56.9,35.3,4.7,4.1,none,0.0,,0.0,69.3,85.9,False,31.5,0.0,1.0,True,True,-4.5,89.5
orchestra:J:105,orchestra,center_odd,J,105,ORP,310,-6.37,4.74,48.48,57.0,35.5,6.4,4.1,none,0.0,,0.0,69.3,85.9,False,31.5,0.0,1.0,True,True,-4.5,89.4
orchestra:J:107,orchestra,center_odd,J,107,ORP,310,-8.11,4.74,48.35,57.1,35.7,8.2,4.1,none,0.0,,0.0,69.3,85.9,False,31.5,0.0,1.0,True,True,-4.5,89.4
orchestra:J:109,orchestra,center_odd,J,109,ORP,310,-9.86,4.74,48.18,57.2,36.0,10.0,4.1,none,0.0,,0.0,69.3,85.9,False,31.5,0.0,1.0,True,True,-4.6,89.3
orchestra:J:111,orchestra,center_odd,J,111,ORP,310,-11.6,4.74,47.98,57.3,36.3,11.7,4.1,none,0.0,,0.0,69.3,85.9,False,31.5,0.0,1.0,True,True,-4.6,89.3
orchestra:J:113,orchestra,center_odd,J,113,ORP,310,-13.33,4.74,47.75,57.5,36.7,13.4,4.1,none,0.0,,0.0,69.3,85.9,False,31.5,0.0,1.0,True,True,-4.6,89.2
orchestra:J:115,orchestra,center_odd,J,115,ORP,310,-15.06,4.74,47.48,57.6,37.1,15.2,4.0,none,0.0,,0.0,69.3,86.0,False,31.5,0.0,1.0,True,True,-4.6,89.0
orchestra:J:117,orchestra,center_odd,J,117,ORP,310,-16.78,4.74,47.18,57.8,37.6,16.9,4.0,none,0.0,,0.0,69.3,86.0,False,31.5,0.0,1.0,True,True,-4.6,87.2
orchestra:J:119,orchestra,center_odd,J,119,ORP,310,-18.5,4.74,46.86,58.0,38.1,18.6,4.0,none,0.0,,0.0,69.3,86.0,False,31.5,0.0,1.0,True,True,-4.7,85.4
orchestra:J:121,orchestra,center_odd,J,121,ORP,310,-20.21,4.74,46.49,58.3,38.6,20.4,4.0,none,0.0,,0.0,69.3,86.0,False,31.5,0.0,1.0,True,True,-4.7,83.4
orchestra:J:123,orchestra,center_odd,J,123,ORP,310,-21.92,4.74,46.1,58.5,39.2,22.1,4.0,none,0.0,,0.0,69.3,86.0,False,31.5,0.0,1.0,True,True,-4.8,81.6
orchestra:J:102,orchestra,center_even,J,102,ORP,310,2.87,4.74,48.66,56.9,35.2,2.9,4.1,none,0.0,,0.0,69.3,85.9,False,31.5,0.0,1.0,True,True,-4.5,89.5
orchestra:J:104,orchestra,center_even,J,104,ORP,310,4.62,4.74,48.59,56.9,35.3,4.7,4.1,none,0.0,,0.0,69.3,85.9,False,31.5,0.0,1.0,True,True,-4.5,89.5
orchestra:J:106,orchestra,center_even,J,106,ORP,310,6.37,4.74,48.48,57.0,35.5,6.4,4.1,none,0.0,,0.0,69.3,85.9,False,31.5,0.0,1.0,True,True,-4.5,89.4
orchestra:J:108,orchestra,center_even,J,108,ORP,310,8.11,4.74,48.35,57.1,35.7,8.2,4.1,none,0.0,,0.0,69.3,85.9,False,31.5,0.0,1.0,True,True,-4.5,89.4
orchestra:J:110,orchestra,center_even,J,110,ORP,310,9.86,4.74,48.18,57.2,36.0,10.0,4.1,none,0.0,,0.0,69.3,85.9,False,31.5,0.0,1.0,True,True,-4.6,89.3
orchestra:J:112,orchestra,center_even,J,112,ORP,310,11.6,4.74,47.98,57.3,36.3,11.7,4.1,none,0.0,,0.0,69.3,85.9,False,31.5,0.0,1.0,True,True,-4.6,89.3
orchestra:J:114,orchestra,center_even,J,114,ORP,310,13.33,4.74,47.75,57.5,36.7,13.4,4.1,none,0.0,,0.0,69.3,85.9,False,31.5,0.0,1.0,True,True,-4.6,89.2
orchestra:J:116,orchestra,center_even,J,116,ORP,310,15.06,4.74,47.48,57.6,37.1,15.2,4.0,none,0.0,,0.0,69.3,86.0,False,31.5,0.0,1.0,True,True,-4.6,89.0
orchestra:J:118,orchestra,center_even,J,118,ORP,310,16.78,4.74,47.18,57.8,37.6,16.9,4.0,none,0.0,,0.0,69.3,86.0,False,31.5,0.0,1.0,True,True,-4.6,87.2
orchestra:J:120,orchestra,center_even,J,120,ORP,310,18.5,4.74,46.86,58.0,38.1,18.6,4.0,none,0.0,,0.0,69.3,86.0,False,31.5,0.0,1.0,True,True,-4.7,85.4
orchestra:J:122,orchestra,center_even,J,122,ORP,310,20.21,4.74,46.49,58.3,38.6,20.4,4.0,none,0.0,,0.0,69.3,86.0,False,31.5,0.0,1.0,True,True,-4.7,83.4
orchestra:J:124,orchestra,center_even,J,124,ORP,310,21.92,4.74,46.1,58.5,39.2,22.1,4.0,none,0.0,,0.0,69.3,86.0,False,31.5,0.0,1.0,True,True,-4.8,81.6
orchestra:J:1,orchestra,side_odd,J,1,ORP,310,-26.99,4.74,44.73,59.4,41.2,27.1,3.9,none,0.0,,0.0,69.3,86.1,False,31.5,0.0,0.99,True,True,-4.9,75.6
orchestra:J:3,orchestra,side_odd,J,3,ORP,310,-28.66,4.74,44.21,59.7,42.0,28.8,3.9,none,0.0,,0.0,69.3,86.1,False,31.5,0.0,0.97,True,True,-4.9,72.5
orchestra:J:5,orchestra,side_odd,J,5,ORC3,180,-30.32,4.74,43.66,60.0,42.7,30.4,3.9,none,0.0,,0.0,69.3,86.1,False,31.5,0.0,0.95,True,True,-5.0,69.6
orchestra:J:7,orchestra,side_odd,J,7,ORC4,110,-31.97,4.74,43.08,60.4,43.5,32.0,3.9,none,0.0,,0.0,69.3,86.1,False,31.5,0.0,0.93,True,True,-5.0,66.6
orchestra:J:9,orchestra,side_odd,J,9,ORC4,110,-33.61,4.74,42.46,60.8,44.4,33.7,3.8,none,0.0,,0.0,69.3,86.2,False,31.5,0.0,0.91,True,True,-5.1,63.5
orchestra:J:11,orchestra,side_odd,J,11,ORC4,110,-35.24,4.74,41.82,61.2,45.2,35.3,3.8,none,0.0,,0.0,69.3,86.2,False,31.5,0.0,0.89,True,True,-5.1,60.5
orchestra:J:13,orchestra,side_odd,J,13,ORC4,110,-36.85,4.74,41.15,61.6,46.1,36.9,3.8,none,0.0,,0.0,69.3,86.2,False,31.5,0.0,0.87,True,True,-5.2,57.5
orchestra:J:15,orchestra,side_odd,J,15,ORC4,110,-38.45,4.74,40.45,62.0,47.0,38.4,3.8,none,0.0,,0.0,69.3,86.2,False,31.5,0.0,0.85,True,True,-5.3,54.6
orchestra:J:17,orchestra,side_odd,J,17,ORC4,110,-40.04,4.74,39.71,62.4,47.9,40.0,3.7,none,0.0,,0.0,69.3,86.3,False,31.5,0.0,0.83,True,True,-5.3,51.6
orchestra:J:19,orchestra,side_odd,J,19,ORC4,110,-41.62,4.74,38.95,62.9,48.8,41.6,3.7,none,0.0,,0.0,69.3,86.3,False,31.5,0.0,0.81,True,True,-5.4,48.6
orchestra:J:21,orchestra,side_odd,J,21,ORC4,110,-43.18,4.74,38.16,63.3,49.8,43.1,3.7,none,0.0,,0.0,69.3,86.3,False,31.5,0.0,0.78,True,True,-5.4,45.1
orchestra:J:2,orchestra,side_even,J,2,ORP,310,26.99,4.74,44.73,59.4,41.2,27.1,3.9,none,0.0,,0.0,69.3,86.1,False,31.5,0.0,0.99,True,True,-4.9,75.6
orchestra:J:4,orchestra,side_even,J,4,ORP,310,28.66,4.74,44.21,59.7,42.0,28.8,3.9,none,0.0,,0.0,69.3,86.1,False,31.5,0.0,0.97,True,True,-4.9,72.5
orchestra:J:6,orchestra,side_even,J,6,ORC3,180,30.32,4.74,43.66,60.0,42.7,30.4,3.9,none,0.0,,0.0,69.3,86.1,False,31.5,0.0,0.95,True,True,-5.0,69.6
orchestra:J:8,orchestra,side_even,J,8,ORC4,110,31.97,4.74,43.08,60.4,43.5,32.0,3.9,none,0.0,,0.0,69.3,86.1,False,31.5,0.0,0.93,True,True,-5.0,66.6
orchestra:J:10,orchestra,side_even,J,10,ORC4,110,33.61,4.74,42.46,60.8,44.4,33.7,3.8,none,0.0,,0.0,69.3,86.2,False,31.5,0.0,0.91,True,True,-5.1,63.5
orchestra:J:12,orchestra,side_even,J,12,ORC4,110,35.24,4.74,41.82,61.2,45.2,35.3,3.8,none,0.0,,0.0,69.3,86.2,False,31.5,0.0,0.89,True,True,-5.1,60.5
orchestra:J:14,orchestra,side_even,J,14,ORC4,110,36.85,4.74,41.15,61.6,46.1,36.9,3.8,none,0.0,,0.0,69.3,86.2,False,31.5,0.0,0.87,True,True,-5.2,57.5
orchestra:J:16,orchestra,side_even,J,16,ORC4,110,38.45,4.74,40.45,62.0,47.0,38.4,3.8,none,0.0,,0.0,69.3,86.2,False,31.5,0.0,0.85,True,True,-5.3,54.6
orchestra:J:18,orchestra,side_even,J,18,ORC4,110,40.04,4.74,39.71,62.4,47.9,40.0,3.7,none,0.0,,0.0,69.3,86.3,False,31.5,0.0,0.83,True,True,-5.3,51.6
orchestra:J:20,orchestra,side_even,J,20,ORC4,110,41.62,4.74,38.95,62.9,48.8,41.6,3.7,none,0.0,,0.0,69.3,86.3,False,31.5,0.0,0.81,True,True,-5.4,48.6
orchestra:J:22,orchestra,side_even,J,22,ORC4,110,43.18,4.74,38.16,63.3,49.8,43.1,3.7,none,0.0,,0.0,69.3,86.3,False,31.5,0.0,0.78,True,True,-5.4,45.1
orchestra:K:101,orchestra,center_odd,K,101,ORP2,260,-2.87,4.88,51.56,59.8,38.0,2.8,3.8,none,0.0,,0.0,69.1,86.2,False,31.5,0.0,1.0,True,True,-4.9,88.1
orchestra:K:103,orchestra,center_odd,K,103,ORP2,260,-4.62,4.88,51.49,59.8,38.2,4.4,3.8,none,0.0,,0.0,69.1,86.2,False,31.5,0.0,1.0,True,True,-4.9,88.1
orchestra:K:105,orchestra,center_odd,K,105,ORP2,260,-6.37,4.88,51.39,59.9,38.3,6.1,3.8,none,0.0,,0.0,69.1,86.2,False,31.5,0.0,1.0,True,True,-5.0,88.0
orchestra:K:107,orchestra,center_odd,K,107,ORP2,260,-8.12,4.88,51.26,59.9,38.5,7.8,3.8,none,0.0,,0.0,69.1,86.2,False,31.5,0.0,1.0,True,True,-5.0,88.0
orchestra:K:109,orchestra,center_odd,K,109,ORP2,260,-9.86,4.88,51.1,60.0,38.8,9.5,3.7,none,0.0,,0.0,69.1,86.3,False,31.5,0.0,1.0,True,True,-5.0,88.0
orchestra:K:111,orchestra,center_odd,K,111,ORP2,260,-11.6,4.88,50.9,60.2,39.1,11.1,3.7,none,0.0,,0.0,69.1,86.3,False,31.5,0.0,1.0,True,True,-5.0,87.9
orchestra:K:113,orchestra,center_odd,K,113,ORP2,260,-13.33,4.88,50.68,60.3,39.4,12.8,3.7,none,0.0,,0.0,69.1,86.3,False,31.5,0.0,1.0,True,True,-5.0,87.9
orchestra:K:115,orchestra,center_odd,K,115,ORP2,260,-15.06,4.88,50.42,60.5,39.8,14.5,3.7,none,0.0,,0.0,69.1,86.3,False,31.5,0.0,1.0,True,True,-5.0,87.8
orchestra:K:117,orchestra,center_odd,K,117,ORP2,260,-16.79,4.88,50.13,60.6,40.2,16.1,3.7,none,0.0,,0.0,69.1,86.3,False,31.5,0.0,1.0,True,True,-5.1,86.6
orchestra:K:119,orchestra,center_odd,K,119,ORP2,260,-18.51,4.88,49.81,60.8,40.7,17.8,3.7,none,0.0,,0.0,69.1,86.3,False,31.5,0.0,1.0,True,True,-5.1,84.8
orchestra:K:121,orchestra,center_odd,K,121,ORP2,260,-20.22,4.88,49.46,61.0,41.2,19.4,3.7,none,0.0,,0.0,69.1,86.3,False,31.5,0.0,1.0,True,True,-5.1,83.1
orchestra:K:102,orchestra,center_even,K,102,ORP2,260,2.87,4.88,51.56,59.8,38.0,2.8,3.8,none,0.0,,0.0,69.1,86.2,False,31.5,0.0,1.0,True,True,-4.9,88.1
orchestra:K:104,orchestra,center_even,K,104,ORP2,260,4.62,4.88,51.49,59.8,38.2,4.4,3.8,none,0.0,,0.0,69.1,86.2,False,31.5,0.0,1.0,True,True,-4.9,88.1
orchestra:K:106,orchestra,center_even,K,106,ORP2,260,6.37,4.88,51.39,59.9,38.3,6.1,3.8,none,0.0,,0.0,69.1,86.2,False,31.5,0.0,1.0,True,True,-5.0,88.0
orchestra:K:108,orchestra,center_even,K,108,ORP2,260,8.12,4.88,51.26,59.9,38.5,7.8,3.8,none,0.0,,0.0,69.1,86.2,False,31.5,0.0,1.0,True,True,-5.0,88.0
orchestra:K:110,orchestra,center_even,K,110,ORP2,260,9.86,4.88,51.1,60.0,38.8,9.5,3.7,none,0.0,,0.0,69.1,86.3,False,31.5,0.0,1.0,True,True,-5.0,88.0
orchestra:K:112,orchestra,center_even,K,112,ORP2,260,11.6,4.88,50.9,60.2,39.1,11.1,3.7,none,0.0,,0.0,69.1,86.3,False,31.5,0.0,1.0,True,True,-5.0,87.9
orchestra:K:114,orchestra,center_even,K,114,ORP2,260,13.33,4.88,50.68,60.3,39.4,12.8,3.7,none,0.0,,0.0,69.1,86.3,False,31.5,0.0,1.0,True,True,-5.0,87.9
orchestra:K:116,orchestra,center_even,K,116,ORP2,260,15.06,4.88,50.42,60.5,39.8,14.5,3.7,none,0.0,,0.0,69.1,86.3,False,31.5,0.0,1.0,True,True,-5.0,87.8
orchestra:K:118,orchestra,center_even,K,118,ORP2,260,16.79,4.88,50.13,60.6,40.2,16.1,3.7,none,0.0,,0.0,69.1,86.3,False,31.5,0.0,1.0,True,True,-5.1,86.6
orchestra:K:120,orchestra,center_even,K,120,ORP2,260,18.51,4.88,49.81,60.8,40.7,17.8,3.7,none,0.0,,0.0,69.1,86.3,False,31.5,0.0,1.0,True,True,-5.1,84.8
orchestra:K:122,orchestra,center_even,K,122,ORP2,260,20.22,4.88,49.46,61.0,41.2,19.4,3.7,none,0.0,,0.0,69.1,86.3,False,31.5,0.0,1.0,True,True,-5.1,83.1
orchestra:K:1,orchestra,side_odd,K,1,ORP2,260,-27.01,4.88,47.75,62.1,43.6,25.9,3.6,none,0.0,,0.0,69.1,86.4,False,31.5,0.0,0.99,True,True,-5.3,75.5
orchestra:K:3,orchestra,side_odd,K,3,ORP2,260,-28.69,4.88,47.24,62.4,44.2,27.4,3.6,none,0.0,,0.0,69.1,86.4,False,31.5,0.0,0.97,True,True,-5.3,72.6
orchestra:K:5,orchestra,side_odd,K,5,ORC3,180,-30.35,4.88,46.71,62.7,44.9,29.0,3.6,none,0.0,,0.0,69.1,86.4,False,31.5,0.0,0.96,True,True,-5.4,70.3
orchestra:K:7,orchestra,side_odd,K,7,ORC4,110,-32.01,4.88,46.14,63.0,45.7,30.6,3.6,none,0.0,,0.0,69.1,86.4,False,31.5,0.0,0.94,True,True,-5.4,67.4
orchestra:K:9,orchestra,side_odd,K,9,ORC4,110,-33.65,4.88,45.55,63.4,46.4,32.1,3.5,none,0.0,,0.0,69.1,86.5,False,31.5,0.0,0.92,True,True,-5.4,64.5
orchestra:K:11,orchestra,side_odd,K,11,ORC4,110,-35.29,4.88,44.92,63.7,47.2,33.7,3.5,none,0.0,,0.0,69.1,86.5,False,31.5,0.0,0.9,True,True,-5.5,61.5
orchestra:K:13,orchestra,side_odd,K,13,ORC4,110,-36.91,4.88,44.27,64.1,48.0,35.2,3.5,none,0.0,,0.0,69.1,86.5,False,31.5,0.0,0.88,True,True,-5.5,58.6
orchestra:K:15,orchestra,side_odd,K,15,ORC4,110,-38.52,4.88,43.59,64.5,48.9,36.8,3.5,none,0.0,,0.0,69.1,86.5,False,31.5,0.0,0.86,True,True,-5.6,55.6
orchestra:K:17,orchestra,side_odd,K,17,ORC4,110,-40.12,4.88,42.87,64.9,49.7,38.3,3.5,none,0.0,,0.0,69.1,86.5,False,31.5,0.0,0.84,True,True,-5.7,52.7
orchestra:K:19,orchestra,side_odd,K,19,ORC4,110,-41.71,4.88,42.13,65.3,50.6,39.8,3.4,none,0.0,,0.0,69.1,86.6,False,31.5,0.0,0.82,True,True,-5.7,49.9
orchestra:K:21,orchestra,side_odd,K,21,ORC4,110,-43.28,4.88,41.36,65.8,51.5,41.2,3.4,none,0.0,,0.0,69.1,86.6,False,31.5,0.0,0.8,True,True,-5.8,47.0
orchestra:K:2,orchestra,side_even,K,2,ORP2,260,27.01,4.88,47.75,62.1,43.6,25.9,3.6,none,0.0,,0.0,69.1,86.4,False,31.5,0.0,0.99,True,True,-5.3,75.5
orchestra:K:4,orchestra,side_even,K,4,ORP2,260,28.69,4.88,47.24,62.4,44.2,27.4,3.6,none,0.0,,0.0,69.1,86.4,False,31.5,0.0,0.97,True,True,-5.3,72.6
orchestra:K:6,orchestra,side_even,K,6,ORC3,180,30.35,4.88,46.71,62.7,44.9,29.0,3.6,none,0.0,,0.0,69.1,86.4,False,31.5,0.0,0.96,True,True,-5.4,70.3
orchestra:K:8,orchestra,side_even,K,8,ORC4,110,32.01,4.88,46.14,63.0,45.7,30.6,3.6,none,0.0,,0.0,69.1,86.4,False,31.5,0.0,0.94,True,True,-5.4,67.4
orchestra:K:10,orchestra,side_even,K,10,ORC4,110,33.65,4.88,45.55,63.4,46.4,32.1,3.5,none,0.0,,0.0,69.1,86.5,False,31.5,0.0,0.92,True,True,-5.4,64.5
orchestra:K:12,orchestra,side_even,K,12,ORC4,110,35.29,4.88,44.92,63.7,47.2,33.7,3.5,none,0.0,,0.0,69.1,86.5,False,31.5,0.0,0.9,True,True,-5.5,61.5
orchestra:K:14,orchestra,side_even,K,14,ORC4,110,36.91,4.88,44.27,64.1,48.0,35.2,3.5,none,0.0,,0.0,69.1,86.5,False,31.5,0.0,0.88,True,True,-5.5,58.6
orchestra:K:16,orchestra,side_even,K,16,ORC4,110,38.52,4.88,43.59,64.5,48.9,36.8,3.5,none,0.0,,0.0,69.1,86.5,False,31.5,0.0,0.86,True,True,-5.6,55.6
orchestra:K:18,orchestra,side_even,K,18,ORC4,110,40.12,4.88,42.87,64.9,49.7,38.3,3.5,none,0.0,,0.0,69.1,86.5,False,31.5,0.0,0.84,True,True,-5.7,52.7
orchestra:K:20,orchestra,side_even,K,20,ORC4,110,41.71,4.88,42.13,65.3,50.6,39.8,3.4,none,0.0,,0.0,69.1,86.6,False,31.5,0.0,0.82,True,True,-5.7,49.9
orchestra:K:22,orchestra,side_even,K,22,ORC4,110,43.28,4.88,41.36,65.8,51.5,41.2,3.4,none,0.0,,0.0,69.1,86.6,False,31.5,0.0,0.8,True,True,-5.8,47.0
orchestra:L:101,orchestra,center_odd,L,101,ORP2,260,-2.87,5.02,54.46,62.6,40.9,2.6,3.5,none,0.0,,0.0,69.0,86.5,False,31.5,0.0,1.0,True,True,-5.3,86.8
orchestra:L:103,orchestra,center_odd,L,103,ORP2,260,-4.62,5.02,54.39,62.7,41.0,4.2,3.5,none,0.0,,0.0,69.0,86.5,False,31.5,0.0,1.0,True,True,-5.4,86.7
orchestra:L:105,orchestra,center_odd,L,105,ORP2,260,-6.37,5.02,54.3,62.7,41.2,5.8,3.5,none,0.0,,0.0,69.0,86.5,False,31.5,0.0,1.0,True,True,-5.4,86.7
orchestra:L:107,orchestra,center_odd,L,107,ORP2,260,-8.12,5.02,54.17,62.8,41.4,7.4,3.4,none,0.0,,0.0,69.0,86.6,False,31.5,0.0,1.0,True,True,-5.4,86.7
orchestra:L:109,orchestra,center_odd,L,109,ORP2,260,-9.86,5.02,54.01,62.9,41.6,9.0,3.4,none,0.0,,0.0,69.0,86.6,False,31.5,0.0,1.0,True,True,-5.4,86.6
orchestra:L:111,orchestra,center_odd,L,111,ORP2,260,-11.6,5.02,53.82,63.0,41.8,10.6,3.4,none,0.0,,0.0,69.0,86.6,False,31.5,0.0,1.0,True,True,-5.4,86.6
orchestra:L:113,orchestra,center_odd,L,113,ORP2,260,-13.33,5.02,53.6,63.1,42.2,12.2,3.4,none,0.0,,0.0,69.0,86.6,False,31.5,0.0,1.0,True,True,-5.4,86.5
orchestra:L:115,orchestra,center_odd,L,115,ORP2,260,-15.07,5.02,53.35,63.3,42.5,13.8,3.4,none,0.0,,0.0,69.0,86.6,False,31.5,0.0,1.0,True,True,-5.4,86.4
orchestra:L:117,orchestra,center_odd,L,117,ORP2,260,-16.79,5.02,53.07,63.5,42.9,15.4,3.4,none,0.0,,0.0,69.0,86.6,False,31.5,0.0,1.0,True,True,-5.5,85.9
orchestra:L:119,orchestra,center_odd,L,119,ORP2,260,-18.52,5.02,52.76,63.6,43.3,16.9,3.4,none,0.0,,0.0,69.0,86.6,False,31.5,0.0,1.0,True,True,-5.5,84.4
orchestra:L:121,orchestra,center_odd,L,121,ORP2,260,-20.23,5.02,52.42,63.8,43.8,18.5,3.4,none,0.0,,0.0,69.0,86.6,False,31.5,0.0,1.0,True,True,-5.5,82.7
orchestra:L:123,orchestra,center_odd,L,123,ORP2,260,-21.94,5.02,52.05,64.0,44.3,20.1,3.4,none,0.0,,0.0,69.0,86.6,False,31.5,0.0,1.0,True,True,-5.5,81.0
orchestra:L:102,orchestra,center_even,L,102,ORP2,260,2.87,5.02,54.46,62.6,40.9,2.6,3.5,none,0.0,,0.0,69.0,86.5,False,31.5,0.0,1.0,True,True,-5.3,86.8
orchestra:L:104,orchestra,center_even,L,104,ORP2,260,4.62,5.02,54.39,62.7,41.0,4.2,3.5,none,0.0,,0.0,69.0,86.5,False,31.5,0.0,1.0,True,True,-5.4,86.7
orchestra:L:106,orchestra,center_even,L,106,ORP2,260,6.37,5.02,54.3,62.7,41.2,5.8,3.5,none,0.0,,0.0,69.0,86.5,False,31.5,0.0,1.0,True,True,-5.4,86.7
orchestra:L:108,orchestra,center_even,L,108,ORP2,260,8.12,5.02,54.17,62.8,41.4,7.4,3.4,none,0.0,,0.0,69.0,86.6,False,31.5,0.0,1.0,True,True,-5.4,86.7
orchestra:L:110,orchestra,center_even,L,110,ORP2,260,9.86,5.02,54.01,62.9,41.6,9.0,3.4,none,0.0,,0.0,69.0,86.6,False,31.5,0.0,1.0,True,True,-5.4,86.6
orchestra:L:112,orchestra,center_even,L,112,ORP2,260,11.6,5.02,53.82,63.0,41.8,10.6,3.4,none,0.0,,0.0,69.0,86.6,False,31.5,0.0,1.0,True,True,-5.4,86.6
orchestra:L:114,orchestra,center_even,L,114,ORP2,260,13.33,5.02,53.6,63.1,42.2,12.2,3.4,none,0.0,,0.0,69.0,86.6,False,31.5,0.0,1.0,True,True,-5.4,86.5
orchestra:L:116,orchestra,center_even,L,116,ORP2,260,15.07,5.02,53.35,63.3,42.5,13.8,3.4,none,0.0,,0.0,69.0,86.6,False,31.5,0.0,1.0,True,True,-5.4,86.4
orchestra:L:118,orchestra,center_even,L,118,ORP2,260,16.79,5.02,53.07,63.5,42.9,15.4,3.4,none,0.0,,0.0,69.0,86.6,False,31.5,0.0,1.0,True,True,-5.5,85.9
orchestra:L:120,orchestra,center_even,L,120,ORP2,260,18.52,5.02,52.76,63.6,43.3,16.9,3.4,none,0.0,,0.0,69.0,86.6,False,31.5,0.0,1.0,True,True,-5.5,84.4
orchestra:L:122,orchestra,center_even,L,122,ORP2,260,20.23,5.02,52.42,63.8,43.8,18.5,3.4,none,0.0,,0.0,69.0,86.6,False,31.5,0.0,1.0,True,True,-5.5,82.7
orchestra:L:124,orchestra,center_even,L,124,ORP2,260,21.94,5.02,52.05,64.0,44.3,20.1,3.4,none,0.0,,0.0,69.0,86.6,False,31.5,0.0,1.0,True,True,-5.5,81.0
orchestra:L:1,orchestra,side_odd,L,1,ORP2,260,-27.03,5.02,50.76,64.8,46.0,24.7,3.3,none,0.0,,0.0,69.0,86.7,False,31.5,0.0,0.99,True,True,-5.6,75.4
orchestra:L:3,orchestra,side_odd,L,3,ORP2,260,-28.71,5.02,50.27,65.1,46.6,26.2,3.3,none,0.0,,0.0,69.0,86.7,False,31.5,0.0,0.97,True,True,-5.7,72.6
orchestra:L:5,orchestra,side_odd,L,5,ORC3,180,-30.38,5.02,49.75,65.4,47.2,27.7,3.3,none,0.0,,0.0,69.0,86.7,False,31.5,0.0,0.96,True,True,-5.7,70.3
orchestra:L:7,orchestra,side_odd,L,7,ORC4,110,-32.04,5.02,49.2,65.7,47.9,29.3,3.3,none,0.0,,0.0,69.0,86.7,False,31.5,0.0,0.94,True,True,-5.8,67.4
orchestra:L:9,orchestra,side_odd,L,9,ORC4,110,-33.7,5.02,48.62,66.0,48.6,30.8,3.3,none,0.0,,0.0,69.0,86.7,False,31.5,0.0,0.92,True,True,-5.8,64.5
orchestra:L:11,orchestra,side_odd,L,11,ORC4,110,-35.34,5.02,48.01,66.3,49.4,32.2,3.3,none,0.0,,0.0,69.0,86.7,False,31.5,0.0,0.91,True,True,-5.8,62.4
orchestra:L:13,orchestra,side_odd,L,13,ORC4,110,-36.97,5.02,47.38,66.7,50.1,33.7,3.2,none,0.0,,0.0,69.0,86.8,False,31.5,0.0,0.89,True,True,-5.9,59.5
orchestra:L:15,orchestra,side_odd,L,15,ORC4,110,-38.59,5.02,46.71,67.1,50.9,35.2,3.2,none,0.0,,0.0,69.0,86.8,False,31.5,0.0,0.87,True,True,-5.9,56.6
orchestra:L:17,orchestra,side_odd,L,17,ORC4,110,-40.19,5.02,46.02,67.4,51.7,36.7,3.2,none,0.0,,0.0,69.0,86.8,False,31.5,0.0,0.85,True,True,-6.0,53.7
orchestra:L:19,orchestra,side_odd,L,19,ORC4,110,-41.79,5.02,45.3,67.8,52.5,38.1,3.2,none,0.0,,0.0,69.0,86.8,False,31.5,0.0,0.83,True,True,-6.0,51.0
orchestra:L:21,orchestra,side_odd,L,21,ORC4,110,-43.37,5.02,44.55,68.2,53.3,39.5,3.2,none,0.0,,0.0,69.0,86.8,False,31.5,0.0,0.81,True,True,-6.1,48.2
orchestra:L:2,orchestra,side_even,L,2,ORP2,260,27.03,5.02,50.76,64.8,46.0,24.7,3.3,none,0.0,,0.0,69.0,86.7,False,31.5,0.0,0.99,True,True,-5.6,75.4
orchestra:L:4,orchestra,side_even,L,4,ORP2,260,28.71,5.02,50.27,65.1,46.6,26.2,3.3,none,0.0,,0.0,69.0,86.7,False,31.5,0.0,0.97,True,True,-5.7,72.6
orchestra:L:6,orchestra,side_even,L,6,ORC3,180,30.38,5.02,49.75,65.4,47.2,27.7,3.3,none,0.0,,0.0,69.0,86.7,False,31.5,0.0,0.96,True,True,-5.7,70.3
orchestra:L:8,orchestra,side_even,L,8,ORC4,110,32.04,5.02,49.2,65.7,47.9,29.3,3.3,none,0.0,,0.0,69.0,86.7,False,31.5,0.0,0.94,True,True,-5.8,67.4
orchestra:L:10,orchestra,side_even,L,10,ORC4,110,33.7,5.02,48.62,66.0,48.6,30.8,3.3,none,0.0,,0.0,69.0,86.7,False,31.5,0.0,0.92,True,True,-5.8,64.5
orchestra:L:12,orchestra,side_even,L,12,ORC4,110,35.34,5.02,48.01,66.3,49.4,32.2,3.3,none,0.0,,0.0,69.0,86.7,False,31.5,0.0,0.91,True,True,-5.8,62.4
orchestra:L:14,orchestra,side_even,L,14,ORC4,110,36.97,5.02,47.38,66.7,50.1,33.7,3.2,none,0.0,,0.0,69.0,86.8,False,31.5,0.0,0.89,True,True,-5.9,59.5
orchestra:L:16,orchestra,side_even,L,16,ORC4,110,38.59,5.02,46.71,67.1,50.9,35.2,3.2,none,0.0,,0.0,69.0,86.8,False,31.5,0.0,0.87,True,True,-5.9,56.6
orchestra:L:18,orchestra,side_even,L,18,ORC4,110,40.19,5.02,46.02,67.4,51.7,36.7,3.2,none,0.0,,0.0,69.0,86.8,False,31.5,0.0,0.85,True,True,-6.0,53.7
orchestra:L:20,orchestra,side_even,L,20,ORC4,110,41.79,5.02,45.3,67.8,52.5,38.1,3.2,none,0.0,,0.0,69.0,86.8,False,31.5,0.0,0.83,True,True,-6.0,51.0
orchestra:L:22,orchestra,side_even,L,22,ORC4,110,43.37,5.02,44.55,68.2,53.3,39.5,3.2,none,0.0,,0.0,69.0,86.8,False,31.5,0.0,0.81,True,True,-6.1,48.2
orchestra:M:101,orchestra,center_odd,M,101,ORP2,260,-2.87,5.17,57.36,65.5,43.8,2.5,3.2,none,0.0,,0.0,68.8,86.8,False,31.5,0.0,1.0,True,True,-5.7,85.4
orchestra:M:103,orchestra,center_odd,M,103,ORP2,260,-4.62,5.17,57.3,65.6,43.9,4.1,3.2,none,0.0,,0.0,68.8,86.8,False,31.5,0.0,1.0,True,True,-5.7,85.3
orchestra:M:105,orchestra,center_odd,M,105,ORP2,260,-6.37,5.17,57.2,65.6,44.0,5.6,3.2,none,0.0,,0.0,68.8,86.8,False,31.5,0.0,1.0,True,True,-5.7,85.3
orchestra:M:107,orchestra,center_odd,M,107,ORP2,260,-8.12,5.17,57.08,65.7,44.2,7.1,3.2,none,0.0,,0.0,68.8,86.8,False,31.5,0.0,1.0,True,True,-5.8,85.3
orchestra:M:109,orchestra,center_odd,M,109,ORP2,260,-9.86,5.17,56.92,65.8,44.4,8.6,3.2,none,0.0,,0.0,68.8,86.8,False,31.5,0.0,1.0,True,True,-5.8,85.2
orchestra:M:111,orchestra,center_odd,M,111,ORP2,260,-11.6,5.17,56.74,65.9,44.6,10.2,3.2,none,0.0,,0.0,68.8,86.8,False,31.5,0.0,1.0,True,True,-5.8,85.2
orchestra:M:113,orchestra,center_odd,M,113,ORP2,260,-13.34,5.17,56.53,66.0,44.9,11.7,3.2,none,0.0,,0.0,68.8,86.8,False,31.5,0.0,1.0,True,True,-5.8,85.1
orchestra:M:115,orchestra,center_odd,M,115,ORP2,260,-15.07,5.17,56.29,66.1,45.2,13.2,3.1,none,0.0,,0.0,68.8,86.9,False,31.5,0.0,1.0,True,True,-5.8,85.1
orchestra:M:117,orchestra,center_odd,M,117,ORP2,260,-16.8,5.17,56.01,66.3,45.6,14.7,3.1,none,0.0,,0.0,68.8,86.9,False,31.5,0.0,1.0,True,True,-5.8,85.0
orchestra:M:119,orchestra,center_odd,M,119,ORP2,260,-18.52,5.17,55.71,66.4,46.0,16.2,3.1,none,0.0,,0.0,68.8,86.9,False,31.5,0.0,1.0,True,True,-5.9,83.7
orchestra:M:121,orchestra,center_odd,M,121,ORP2,260,-20.24,5.17,55.38,66.6,46.4,17.7,3.1,none,0.0,,0.0,68.8,86.9,False,31.5,0.0,1.0,True,True,-5.9,82.1
orchestra:M:102,orchestra,center_even,M,102,ORP2,260,2.87,5.17,57.36,65.5,43.8,2.5,3.2,none,0.0,,0.0,68.8,86.8,False,31.5,0.0,1.0,True,True,-5.7,85.4
orchestra:M:104,orchestra,center_even,M,104,ORP2,260,4.62,5.17,57.3,65.6,43.9,4.1,3.2,none,0.0,,0.0,68.8,86.8,False,31.5,0.0,1.0,True,True,-5.7,85.3
orchestra:M:106,orchestra,center_even,M,106,ORP2,260,6.37,5.17,57.2,65.6,44.0,5.6,3.2,none,0.0,,0.0,68.8,86.8,False,31.5,0.0,1.0,True,True,-5.7,85.3
orchestra:M:108,orchestra,center_even,M,108,ORP2,260,8.12,5.17,57.08,65.7,44.2,7.1,3.2,none,0.0,,0.0,68.8,86.8,False,31.5,0.0,1.0,True,True,-5.8,85.3
orchestra:M:110,orchestra,center_even,M,110,ORP2,260,9.86,5.17,56.92,65.8,44.4,8.6,3.2,none,0.0,,0.0,68.8,86.8,False,31.5,0.0,1.0,True,True,-5.8,85.2
orchestra:M:112,orchestra,center_even,M,112,ORP2,260,11.6,5.17,56.74,65.9,44.6,10.2,3.2,none,0.0,,0.0,68.8,86.8,False,31.5,0.0,1.0,True,True,-5.8,85.2
orchestra:M:114,orchestra,center_even,M,114,ORP2,260,13.34,5.17,56.53,66.0,44.9,11.7,3.2,none,0.0,,0.0,68.8,86.8,False,31.5,0.0,1.0,True,True,-5.8,85.1
orchestra:M:116,orchestra,center_even,M,116,ORP2,260,15.07,5.17,56.29,66.1,45.2,13.2,3.1,none,0.0,,0.0,68.8,86.9,False,31.5,0.0,1.0,True,True,-5.8,85.1
orchestra:M:118,orchestra,center_even,M,118,ORP2,260,16.8,5.17,56.01,66.3,45.6,14.7,3.1,none,0.0,,0.0,68.8,86.9,False,31.5,0.0,1.0,True,True,-5.8,85.0
orchestra:M:120,orchestra,center_even,M,120,ORP2,260,18.52,5.17,55.71,66.4,46.0,16.2,3.1,none,0.0,,0.0,68.8,86.9,False,31.5,0.0,1.0,True,True,-5.9,83.7
orchestra:M:122,orchestra,center_even,M,122,ORP2,260,20.24,5.17,55.38,66.6,46.4,17.7,3.1,none,0.0,,0.0,68.8,86.9,False,31.5,0.0,1.0,True,True,-5.9,82.1
orchestra:M:1,orchestra,side_odd,M,1,ORP2,260,-27.05,5.17,53.76,67.5,48.4,23.7,3.1,none,0.0,,0.0,68.8,86.9,False,31.5,0.0,0.99,True,True,-6.0,75.1
orchestra:M:3,orchestra,side_odd,M,3,ORP2,260,-28.73,5.17,53.29,67.8,49.0,25.1,3.1,none,0.0,,0.0,68.8,86.9,False,31.5,0.0,0.98,True,True,-6.0,73.0
orchestra:M:5,orchestra,side_odd,M,5,ORC3,180,-30.41,5.17,52.78,68.1,49.6,26.6,3.1,none,0.0,,0.0,68.8,86.9,False,31.5,0.0,0.96,True,True,-6.1,70.1
orchestra:M:7,orchestra,side_odd,M,7,ORC4,110,-32.08,5.17,52.25,68.3,50.2,28.0,3.0,none,0.0,,0.0,68.8,87.0,False,31.5,0.0,0.94,True,True,-6.1,67.4
orchestra:M:9,orchestra,side_odd,M,9,ORC4,110,-33.73,5.17,51.68,68.7,50.9,29.5,3.0,none,0.0,,0.0,68.8,87.0,False,31.5,0.0,0.93,True,True,-6.1,65.1
orchestra:M:11,orchestra,side_odd,M,11,ORC4,110,-35.38,5.17,51.09,69.0,51.6,30.9,3.0,none,0.0,,0.0,68.8,87.0,False,31.5,0.0,0.91,True,True,-6.2,62.4
orchestra:M:13,orchestra,side_odd,M,13,ORC4,110,-37.02,5.17,50.48,69.3,52.3,32.3,3.0,none,0.0,,0.0,68.8,87.0,False,31.5,0.0,0.9,True,True,-6.2,60.2
orchestra:M:15,orchestra,side_odd,M,15,ORC4,110,-38.64,5.17,49.83,69.6,53.0,33.8,3.0,none,0.0,,0.0,68.8,87.0,False,31.5,0.0,0.88,True,True,-6.3,57.4
orchestra:M:17,orchestra,side_odd,M,17,ORC4,110,-40.26,5.17,49.15,70.0,53.7,35.2,3.0,none,0.0,,0.0,68.8,87.0,False,31.5,0.0,0.86,True,True,-6.3,54.6
orchestra:M:19,orchestra,side_odd,M,19,ORC4,110,-41.86,5.17,48.45,70.4,54.5,36.6,3.0,none,0.0,,0.0,68.8,87.0,False,31.5,0.0,0.84,True,True,-6.4,51.8
orchestra:M:21,orchestra,side_odd,M,21,ORC4,110,-43.45,5.17,47.72,70.8,55.3,37.9,2.9,none,0.0,,0.0,68.8,87.1,False,31.5,0.0,0.82,True,True,-6.4,49.1
orchestra:M:2,orchestra,side_even,M,2,ORP2,260,27.05,5.17,53.76,67.5,48.4,23.7,3.1,none,0.0,,0.0,68.8,86.9,False,31.5,0.0,0.99,True,True,-6.0,75.1
orchestra:M:4,orchestra,side_even,M,4,ORP2,260,28.73,5.17,53.29,67.8,49.0,25.1,3.1,none,0.0,,0.0,68.8,86.9,False,31.5,0.0,0.98,True,True,-6.0,73.0
orchestra:M:6,orchestra,side_even,M,6,ORC3,180,30.41,5.17,52.78,68.1,49.6,26.6,3.1,none,0.0,,0.0,68.8,86.9,False,31.5,0.0,0.96,True,True,-6.1,70.1
orchestra:M:8,orchestra,side_even,M,8,ORC4,110,32.08,5.17,52.25,68.3,50.2,28.0,3.0,none,0.0,,0.0,68.8,87.0,False,31.5,0.0,0.94,True,True,-6.1,67.4
orchestra:M:10,orchestra,side_even,M,10,ORC4,110,33.73,5.17,51.68,68.7,50.9,29.5,3.0,none,0.0,,0.0,68.8,87.0,False,31.5,0.0,0.93,True,True,-6.1,65.1
orchestra:M:12,orchestra,side_even,M,12,ORC4,110,35.38,5.17,51.09,69.0,51.6,30.9,3.0,none,0.0,,0.0,68.8,87.0,False,31.5,0.0,0.91,True,True,-6.2,62.4
orchestra:M:14,orchestra,side_even,M,14,ORC4,110,37.02,5.17,50.48,69.3,52.3,32.3,3.0,none,0.0,,0.0,68.8,87.0,False,31.5,0.0,0.9,True,True,-6.2,60.2
orchestra:M:16,orchestra,side_even,M,16,ORC4,110,38.64,5.17,49.83,69.6,53.0,33.8,3.0,none,0.0,,0.0,68.8,87.0,False,31.5,0.0,0.88,True,True,-6.3,57.4
orchestra:M:18,orchestra,side_even,M,18,ORC4,110,40.26,5.17,49.15,70.0,53.7,35.2,3.0,none,0.0,,0.0,68.8,87.0,False,31.5,0.0,0.86,True,True,-6.3,54.6
orchestra:M:20,orchestra,side_even,M,20,ORC4,110,41.86,5.17,48.45,70.4,54.5,36.6,3.0,none,0.0,,0.0,68.8,87.0,False,31.5,0.0,0.84,True,True,-6.4,51.8
orchestra:M:22,orchestra,side_even,M,22,ORC4,110,43.45,5.17,47.72,70.8,55.3,37.9,2.9,none,0.0,,0.0,68.8,87.1,False,31.5,0.0,0.82,True,True,-6.4,49.1
orchestra:N:101,orchestra,center_odd,N,101,ORP2,260,-2.87,5.32,60.26,68.4,46.7,2.4,2.9,none,0.0,,0.0,68.7,87.1,False,31.5,0.0,1.0,True,True,-6.1,84.0
orchestra:N:103,orchestra,center_odd,N,103,ORP2,260,-4.62,5.32,60.2,68.4,46.8,3.9,2.9,none,0.0,,0.0,68.7,87.1,False,31.5,0.0,1.0,True,True,-6.1,84.0
orchestra:N:105,orchestra,center_odd,N,105,ORP2,260,-6.37,5.32,60.11,68.5,46.9,5.3,2.9,none,0.0,,0.0,68.7,87.1,False,31.5,0.0,1.0,True,True,-6.1,83.9
orchestra:N:107,orchestra,center_odd,N,107,ORP2,260,-8.12,5.32,59.99,68.6,47.1,6.8,2.9,none,0.0,,0.0,68.7,87.1,False,31.5,0.0,1.0,True,True,-6.1,83.9
orchestra:N:109,orchestra,center_odd,N,109,ORP2,260,-9.86,5.32,59.84,68.6,47.2,8.3,2.9,none,0.0,,0.0,68.7,87.1,False,31.5,0.0,1.0,True,True,-6.1,83.9
orchestra:N:111,orchestra,center_odd,N,111,ORP2,260,-11.6,5.32,59.66,68.7,47.5,9.7,2.9,none,0.0,,0.0,68.7,87.1,False,31.5,0.0,1.0,True,True,-6.1,83.8
orchestra:N:113,orchestra,center_odd,N,113,ORP2,260,-13.34,5.32,59.45,68.8,47.7,11.2,2.9,none,0.0,,0.0,68.7,87.1,False,31.5,0.0,1.0,True,True,-6.2,83.8
orchestra:N:115,orchestra,center_odd,N,115,ORP2,260,-15.07,5.32,59.22,69.0,48.0,12.6,2.9,none,0.0,,0.0,68.7,87.1,False,31.5,0.0,1.0,True,True,-6.2,83.7
orchestra:N:117,orchestra,center_odd,N,117,ORP2,260,-16.8,5.32,58.95,69.1,48.3,14.1,2.9,none,0.0,,0.0,68.7,87.1,False,31.5,0.0,1.0,True,True,-6.2,83.6
orchestra:N:119,orchestra,center_odd,N,119,ORP2,260,-18.53,5.32,58.66,69.3,48.7,15.5,2.9,none,0.0,,0.0,68.7,87.1,False,31.5,0.0,1.0,True,True,-6.2,83.0
orchestra:N:121,orchestra,center_odd,N,121,ORP2,260,-20.25,5.32,58.33,69.4,49.1,17.0,2.9,none,0.0,,0.0,68.7,87.1,False,31.5,0.0,1.0,True,True,-6.2,81.5
orchestra:N:123,orchestra,center_odd,N,123,ORP2,260,-21.96,5.32,57.98,69.6,49.5,18.4,2.9,none,0.0,,0.0,68.7,87.1,False,31.5,0.0,1.0,True,True,-6.3,80.0
orchestra:N:102,orchestra,center_even,N,102,ORP2,260,2.87,5.32,60.26,68.4,46.7,2.4,2.9,none,0.0,,0.0,68.7,87.1,False,31.5,0.0,1.0,True,True,-6.1,84.0
orchestra:N:104,orchestra,center_even,N,104,ORP2,260,4.62,5.32,60.2,68.4,46.8,3.9,2.9,none,0.0,,0.0,68.7,87.1,False,31.5,0.0,1.0,True,True,-6.1,84.0
orchestra:N:106,orchestra,center_even,N,106,ORP2,260,6.37,5.32,60.11,68.5,46.9,5.3,2.9,none,0.0,,0.0,68.7,87.1,False,31.5,0.0,1.0,True,True,-6.1,83.9
orchestra:N:108,orchestra,center_even,N,108,ORP2,260,8.12,5.32,59.99,68.6,47.1,6.8,2.9,none,0.0,,0.0,68.7,87.1,False,31.5,0.0,1.0,True,True,-6.1,83.9
orchestra:N:110,orchestra,center_even,N,110,ORP2,260,9.86,5.32,59.84,68.6,47.2,8.3,2.9,none,0.0,,0.0,68.7,87.1,False,31.5,0.0,1.0,True,True,-6.1,83.9
orchestra:N:112,orchestra,center_even,N,112,ORP2,260,11.6,5.32,59.66,68.7,47.5,9.7,2.9,none,0.0,,0.0,68.7,87.1,False,31.5,0.0,1.0,True,True,-6.1,83.8
orchestra:N:114,orchestra,center_even,N,114,ORP2,260,13.34,5.32,59.45,68.8,47.7,11.2,2.9,none,0.0,,0.0,68.7,87.1,False,31.5,0.0,1.0,True,True,-6.2,83.8
orchestra:N:116,orchestra,center_even,N,116,ORP2,260,15.07,5.32,59.22,69.0,48.0,12.6,2.9,none,0.0,,0.0,68.7,87.1,False,31.5,0.0,1.0,True,True,-6.2,83.7
orchestra:N:118,orchestra,center_even,N,118,ORP2,260,16.8,5.32,58.95,69.1,48.3,14.1,2.9,none,0.0,,0.0,68.7,87.1,False,31.5,0.0,1.0,True,True,-6.2,83.6
orchestra:N:120,orchestra,center_even,N,120,ORP2,260,18.53,5.32,58.66,69.3,48.7,15.5,2.9,none,0.0,,0.0,68.7,87.1,False,31.5,0.0,1.0,True,True,-6.2,83.0
orchestra:N:122,orchestra,center_even,N,122,ORP2,260,20.25,5.32,58.33,69.4,49.1,17.0,2.9,none,0.0,,0.0,68.7,87.1,False,31.5,0.0,1.0,True,True,-6.2,81.5
orchestra:N:124,orchestra,center_even,N,124,ORP2,260,21.96,5.32,57.98,69.6,49.5,18.4,2.9,none,0.0,,0.0,68.7,87.1,False,31.5,0.0,1.0,True,True,-6.3,80.0
orchestra:N:1,orchestra,side_odd,N,1,ORP2,260,-27.07,5.32,56.76,70.3,50.9,22.7,2.8,none,0.0,,0.0,68.7,87.2,False,31.5,0.0,0.99,True,True,-6.3,74.8
orchestra:N:3,orchestra,side_odd,N,3,ORP2,260,-28.76,5.32,56.3,70.5,51.5,24.1,2.8,none,0.0,,0.0,68.7,87.2,False,31.5,0.0,0.98,True,True,-6.4,72.7
orchestra:N:5,orchestra,side_odd,N,5,ORC3,180,-30.43,5.32,55.81,70.8,52.0,25.5,2.8,none,0.0,,0.0,68.7,87.2,False,31.5,0.0,0.96,True,True,-6.4,69.9
orchestra:N:7,orchestra,side_odd,N,7,ORC4,110,-32.11,5.32,55.29,71.0,52.6,26.9,2.8,none,0.0,,0.0,68.7,87.2,False,31.5,0.0,0.95,True,True,-6.4,67.8
orchestra:N:9,orchestra,side_odd,N,9,ORC4,110,-33.77,5.32,54.74,71.3,53.2,28.3,2.8,none,0.0,,0.0,68.7,87.2,False,31.5,0.0,0.93,True,True,-6.5,65.1
orchestra:N:11,orchestra,side_odd,N,11,ORC4,110,-35.42,5.32,54.16,71.6,53.9,29.7,2.8,none,0.0,,0.0,68.7,87.2,False,31.5,0.0,0.92,True,True,-6.5,62.9
orchestra:N:13,orchestra,side_odd,N,13,ORC4,110,-37.06,5.32,53.56,71.9,54.5,31.1,2.8,none,0.0,,0.0,68.7,87.2,False,31.5,0.0,0.9,True,True,-6.5,60.2
orchestra:N:15,orchestra,side_odd,N,15,ORC4,110,-38.7,5.32,52.93,72.3,55.2,32.4,2.8,none,0.0,,0.0,68.7,87.2,False,31.5,0.0,0.88,True,True,-6.6,57.5
orchestra:N:17,orchestra,side_odd,N,17,ORC4,110,-40.32,5.32,52.28,72.6,55.9,33.8,2.7,none,0.0,,0.0,68.7,87.3,False,31.5,0.0,0.87,True,True,-6.6,55.4
orchestra:N:19,orchestra,side_odd,N,19,ORC4,110,-41.93,5.32,51.59,72.9,56.6,35.1,2.7,none,0.0,,0.0,68.7,87.3,False,31.5,0.0,0.85,True,True,-6.7,52.7
orchestra:N:21,orchestra,side_odd,N,21,ORC4,110,-43.53,5.32,50.88,73.3,57.3,36.5,2.7,none,0.0,,0.0,68.7,87.3,False,31.5,0.0,0.83,True,True,-6.7,49.9
orchestra:N:2,orchestra,side_even,N,2,ORP2,260,27.07,5.32,56.76,70.3,50.9,22.7,2.8,none,0.0,,0.0,68.7,87.2,False,31.5,0.0,0.99,True,True,-6.3,74.8
orchestra:N:4,orchestra,side_even,N,4,ORP2,260,28.76,5.32,56.3,70.5,51.5,24.1,2.8,none,0.0,,0.0,68.7,87.2,False,31.5,0.0,0.98,True,True,-6.4,72.7
orchestra:N:6,orchestra,side_even,N,6,ORC3,180,30.43,5.32,55.81,70.8,52.0,25.5,2.8,none,0.0,,0.0,68.7,87.2,False,31.5,0.0,0.96,True,True,-6.4,69.9
orchestra:N:8,orchestra,side_even,N,8,ORC4,110,32.11,5.32,55.29,71.0,52.6,26.9,2.8,none,0.0,,0.0,68.7,87.2,False,31.5,0.0,0.95,True,True,-6.4,67.8
orchestra:N:10,orchestra,side_even,N,10,ORC4,110,33.77,5.32,54.74,71.3,53.2,28.3,2.8,none,0.0,,0.0,68.7,87.2,False,31.5,0.0,0.93,True,True,-6.5,65.1
orchestra:N:12,orchestra,side_even,N,12,ORC4,110,35.42,5.32,54.16,71.6,53.9,29.7,2.8,none,0.0,,0.0,68.7,87.2,False,31.5,0.0,0.92,True,True,-6.5,62.9
orchestra:N:14,orchestra,side_even,N,14,ORC4,110,37.06,5.32,53.56,71.9,54.5,31.1,2.8,none,0.0,,0.0,68.7,87.2,False,31.5,0.0,0.9,True,True,-6.5,60.2
orchestra:N:16,orchestra,side_even,N,16,ORC4,110,38.7,5.32,52.93,72.3,55.2,32.4,2.8,none,0.0,,0.0,68.7,87.2,False,31.5,0.0,0.88,True,True,-6.6,57.5
orchestra:N:18,orchestra,side_even,N,18,ORC4,110,40.32,5.32,52.28,72.6,55.9,33.8,2.7,none,0.0,,0.0,68.7,87.3,False,31.5,0.0,0.87,True,True,-6.6,55.4
orchestra:N:20,orchestra,side_even,N,20,ORC4,110,41.93,5.32,51.59,72.9,56.6,35.1,2.7,none,0.0,,0.0,68.7,87.3,False,31.5,0.0,0.85,True,True,-6.7,52.7
orchestra:N:22,orchestra,side_even,N,22,ORC4,110,43.53,5.32,50.88,73.3,57.3,36.5,2.7,none,0.0,,0.0,68.7,87.3,False,31.5,0.0,0.83,True,True,-6.7,49.9
orchestra:O:101,orchestra,center_odd,O,101,ORP2,260,-2.87,5.48,63.16,71.3,49.6,2.3,2.7,none,0.0,,0.0,68.5,87.3,False,31.5,0.0,1.0,True,True,-6.5,82.6
orchestra:O:103,orchestra,center_odd,O,103,ORP2,260,-4.62,5.48,63.1,71.3,49.7,3.7,2.7,none,0.0,,0.0,68.5,87.3,False,31.5,0.0,1.0,True,True,-6.5,82.6
orchestra:O:105,orchestra,center_odd,O,105,ORP2,260,-6.37,5.48,63.01,71.4,49.8,5.1,2.7,none,0.0,,0.0,68.5,87.3,False,31.5,0.0,1.0,True,True,-6.5,82.5
orchestra:O:107,orchestra,center_odd,O,107,ORP2,260,-8.12,5.48,62.9,71.4,49.9,6.5,2.7,none,0.0,,0.0,68.5,87.3,False,31.5,0.0,1.0,True,True,-6.5,82.5
orchestra:O:109,orchestra,center_odd,O,109,ORP2,260,-9.86,5.48,62.75,71.5,50.1,7.9,2.7,none,0.0,,0.0,68.5,87.3,False,31.5,0.0,1.0,True,True,-6.5,82.5
orchestra:O:111,orchestra,center_odd,O,111,ORP2,260,-11.6,5.48,62.58,71.6,50.3,9.3,2.7,none,0.0,,0.0,68.5,87.3,False,31.5,0.0,1.0,True,True,-6.5,82.4
orchestra:O:113,orchestra,center_odd,O,113,ORP2,260,-13.34,5.48,62.37,71.7,50.5,10.7,2.7,none,0.0,,0.0,68.5,87.3,False,31.5,0.0,1.0,True,True,-6.5,82.4
orchestra:O:115,orchestra,center_odd,O,115,ORP2,260,-15.08,5.48,62.14,71.8,50.8,12.1,2.7,none,0.0,,0.0,68.5,87.3,False,31.5,0.0,1.0,True,True,-6.5,82.3
orchestra:O:117,orchestra,center_odd,O,117,ORP2,260,-16.81,5.48,61.89,72.0,51.1,13.5,2.6,none,0.0,,0.0,68.5,87.4,False,31.5,0.0,1.0,True,True,-6.6,82.2
orchestra:O:119,orchestra,center_odd,O,119,ORP2,260,-18.53,5.48,61.6,72.1,51.4,14.9,2.6,none,0.0,,0.0,68.5,87.4,False,31.5,0.0,1.0,True,True,-6.6,82.2
orchestra:O:121,orchestra,center_odd,O,121,ORP2,260,-20.25,5.48,61.29,72.3,51.8,16.3,2.6,none,0.0,,0.0,68.5,87.4,False,31.5,0.0,1.0,True,True,-6.6,80.8
orchestra:O:102,orchestra,center_even,O,102,ORP2,260,2.87,5.48,63.16,71.3,49.6,2.3,2.7,none,0.0,,0.0,68.5,87.3,False,31.5,0.0,1.0,True,True,-6.5,82.6
orchestra:O:104,orchestra,center_even,O,104,ORP2,260,4.62,5.48,63.1,71.3,49.7,3.7,2.7,none,0.0,,0.0,68.5,87.3,False,31.5,0.0,1.0,True,True,-6.5,82.6
orchestra:O:106,orchestra,center_even,O,106,ORP2,260,6.37,5.48,63.01,71.4,49.8,5.1,2.7,none,0.0,,0.0,68.5,87.3,False,31.5,0.0,1.0,True,True,-6.5,82.5
orchestra:O:108,orchestra,center_even,O,108,ORP2,260,8.12,5.48,62.9,71.4,49.9,6.5,2.7,none,0.0,,0.0,68.5,87.3,False,31.5,0.0,1.0,True,True,-6.5,82.5
orchestra:O:110,orchestra,center_even,O,110,ORP2,260,9.86,5.48,62.75,71.5,50.1,7.9,2.7,none,0.0,,0.0,68.5,87.3,False,31.5,0.0,1.0,True,True,-6.5,82.5
orchestra:O:112,orchestra,center_even,O,112,ORP2,260,11.6,5.48,62.58,71.6,50.3,9.3,2.7,none,0.0,,0.0,68.5,87.3,False,31.5,0.0,1.0,True,True,-6.5,82.4
orchestra:O:114,orchestra,center_even,O,114,ORP2,260,13.34,5.48,62.37,71.7,50.5,10.7,2.7,none,0.0,,0.0,68.5,87.3,False,31.5,0.0,1.0,True,True,-6.5,82.4
orchestra:O:116,orchestra,center_even,O,116,ORP2,260,15.08,5.48,62.14,71.8,50.8,12.1,2.7,none,0.0,,0.0,68.5,87.3,False,31.5,0.0,1.0,True,True,-6.5,82.3
orchestra:O:118,orchestra,center_even,O,118,ORP2,260,16.81,5.48,61.89,72.0,51.1,13.5,2.6,none,0.0,,0.0,68.5,87.4,False,31.5,0.0,1.0,True,True,-6.6,82.2
orchestra:O:120,orchestra,center_even,O,120,ORP2,260,18.53,5.48,61.6,72.1,51.4,14.9,2.6,none,0.0,,0.0,68.5,87.4,False,31.5,0.0,1.0,True,True,-6.6,82.2
orchestra:O:122,orchestra,center_even,O,122,ORP2,260,20.25,5.48,61.29,72.3,51.8,16.3,2.6,none,0.0,,0.0,68.5,87.4,False,31.5,0.0,1.0,True,True,-6.6,80.8
orchestra:O:1,orchestra,side_odd,O,1,ORP2,260,-27.08,5.48,59.76,73.0,53.5,21.8,2.6,none,0.0,,0.0,68.5,87.4,False,31.5,0.0,0.99,True,True,-6.7,74.4
orchestra:O:3,orchestra,side_odd,O,3,ORP2,260,-28.77,5.48,59.3,73.3,54.0,23.1,2.6,none,0.0,,0.0,68.5,87.4,False,31.5,0.0,0.98,True,True,-6.7,72.3
orchestra:O:5,orchestra,side_odd,O,5,ORC3,180,-30.46,5.48,58.82,73.5,54.5,24.5,2.6,none,0.0,,0.0,68.5,87.4,False,31.5,0.0,0.96,True,True,-6.7,69.6
orchestra:O:7,orchestra,side_odd,O,7,ORC4,110,-32.13,5.48,58.32,73.8,55.1,25.9,2.6,none,0.0,,0.0,68.5,87.4,False,31.5,0.0,0.95,True,True,-6.8,67.5
orchestra:O:9,orchestra,side_odd,O,9,ORC4,110,-33.8,5.48,57.79,74.0,55.6,27.2,2.6,none,0.0,,0.0,68.5,87.4,False,31.5,0.0,0.94,True,True,-6.8,65.5
orchestra:O:11,orchestra,side_odd,O,11,ORC4,110,-35.46,5.48,57.23,74.3,56.2,28.5,2.6,none,0.0,,0.0,68.5,87.4,False,31.5,0.0,0.92,True,True,-6.8,62.8
orchestra:O:13,orchestra,side_odd,O,13,ORC4,110,-37.11,5.48,56.64,74.6,56.8,29.9,2.6,none,0.0,,0.0,68.5,87.4,False,31.5,0.0,0.91,True,True,-6.9,60.7
orchestra:O:15,orchestra,side_odd,O,15,ORC4,110,-38.75,5.48,56.02,74.9,57.5,31.2,2.5,none,0.0,,0.0,68.5,87.5,False,31.5,0.0,0.89,True,True,-6.9,58.0
orchestra:O:17,orchestra,side_odd,O,17,ORC4,110,-40.37,5.48,55.39,75.2,58.1,32.5,2.5,none,0.0,,0.0,68.5,87.5,False,31.5,0.0,0.88,True,True,-6.9,56.0
orchestra:O:19,orchestra,side_odd,O,19,ORC4,110,-41.99,5.48,54.72,75.6,58.8,33.8,2.5,none,0.0,,0.0,68.5,87.5,False,31.5,0.0,0.86,True,True,-7.0,53.3
orchestra:O:21,orchestra,side_odd,O,21,ORC4,110,-43.6,5.48,54.03,75.9,59.5,35.1,2.5,none,0.0,,0.0,68.5,87.5,False,31.5,0.0,0.84,True,True,-7.0,50.7
orchestra:O:2,orchestra,side_even,O,2,ORP2,260,27.08,5.48,59.76,73.0,53.5,21.8,2.6,none,0.0,,0.0,68.5,87.4,False,31.5,0.0,0.99,True,True,-6.7,74.4
orchestra:O:4,orchestra,side_even,O,4,ORP2,260,28.77,5.48,59.3,73.3,54.0,23.1,2.6,none,0.0,,0.0,68.5,87.4,False,31.5,0.0,0.98,True,True,-6.7,72.3
orchestra:O:6,orchestra,side_even,O,6,ORC3,180,30.46,5.48,58.82,73.5,54.5,24.5,2.6,none,0.0,,0.0,68.5,87.4,False,31.5,0.0,0.96,True,True,-6.7,69.6
orchestra:O:8,orchestra,side_even,O,8,ORC4,110,32.13,5.48,58.32,73.8,55.1,25.9,2.6,none,0.0,,0.0,68.5,87.4,False,31.5,0.0,0.95,True,True,-6.8,67.5
orchestra:O:10,orchestra,side_even,O,10,ORC4,110,33.8,5.48,57.79,74.0,55.6,27.2,2.6,none,0.0,,0.0,68.5,87.4,False,31.5,0.0,0.94,True,True,-6.8,65.5
orchestra:O:12,orchestra,side_even,O,12,ORC4,110,35.46,5.48,57.23,74.3,56.2,28.5,2.6,none,0.0,,0.0,68.5,87.4,False,31.5,0.0,0.92,True,True,-6.8,62.8
orchestra:O:14,orchestra,side_even,O,14,ORC4,110,37.11,5.48,56.64,74.6,56.8,29.9,2.6,none,0.0,,0.0,68.5,87.4,False,31.5,0.0,0.91,True,True,-6.9,60.7
orchestra:O:16,orchestra,side_even,O,16,ORC4,110,38.75,5.48,56.02,74.9,57.5,31.2,2.5,none,0.0,,0.0,68.5,87.5,False,31.5,0.0,0.89,True,True,-6.9,58.0
orchestra:O:18,orchestra,side_even,O,18,ORC4,110,40.37,5.48,55.39,75.2,58.1,32.5,2.5,none,0.0,,0.0,68.5,87.5,False,31.5,0.0,0.88,True,True,-6.9,56.0
orchestra:O:20,orchestra,side_even,O,20,ORC4,110,41.99,5.48,54.72,75.6,58.8,33.8,2.5,none,0.0,,0.0,68.5,87.5,False,31.5,0.0,0.86,True,True,-7.0,53.3
orchestra:O:22,orchestra,side_even,O,22,ORC4,110,43.6,5.48,54.03,75.9,59.5,35.1,2.5,none,0.0,,0.0,68.5,87.5,False,31.5,0.0,0.84,True,True,-7.0,50.7
orchestra:P:101,orchestra,center_odd,P,101,ORP2,260,-2.87,5.64,66.06,74.2,52.5,2.2,2.4,none,0.0,,0.0,68.4,87.6,False,31.5,0.0,1.0,True,True,-6.8,81.2
orchestra:P:103,orchestra,center_odd,P,103,ORP2,260,-4.62,5.64,66.0,74.2,52.6,3.6,2.4,none,0.0,,0.0,68.4,87.6,False,31.5,0.0,1.0,True,True,-6.8,81.2
orchestra:P:105,orchestra,center_odd,P,105,ORP2,260,-6.37,5.64,65.92,74.3,52.7,4.9,2.4,none,0.0,,0.0,68.4,87.6,False,31.5,0.0,1.0,True,True,-6.8,81.1
orchestra:P:107,orchestra,center_odd,P,107,ORP2,260,-8.12,5.64,65.8,74.3,52.8,6.3,2.4,none,0.0,,0.0,68.4,87.6,False,31.5,0.0,1.0,True,True,-6.8,81.1
orchestra:P:109,orchestra,center_odd,P,109,ORP2,260,-9.86,5.64,65.66,74.4,53.0,7.6,2.4,none,0.0,,0.0,68.4,87.6,False,31.5,0.0,1.0,True,True,-6.8,81.1
orchestra:P:111,orchestra,center_odd,P,111,ORP2,260,-11.6,5.64,65.49,74.5,53.1,9.0,2.4,none,0.0,,0.0,68.4,87.6,False,31.5,0.0,1.0,True,True,-6.9,81.0
orchestra:P:113,orchestra,center_odd,P,113,ORP2,260,-13.34,5.64,65.3,74.6,53.4,10.3,2.4,none,0.0,,0.0,68.4,87.6,False,31.5,0.0,1.0,True,True,-6.9,81.0
orchestra:P:115,orchestra,center_odd,P,115,ORP2,260,-15.08,5.64,65.07,74.7,53.6,11.7,2.4,none,0.0,,0.0,68.4,87.6,False,31.5,0.0,1.0,True,True,-6.9,80.9
orchestra:P:117,orchestra,center_odd,P,117,ORP2,260,-16.81,5.64,64.82,74.8,53.9,13.0,2.4,none,0.0,,0.0,68.4,87.6,False,31.5,0.0,1.0,True,True,-6.9,80.9
orchestra:P:119,orchestra,center_odd,P,119,ORP2,260,-18.54,5.64,64.54,74.9,54.2,14.3,2.4,none,0.0,,0.0,68.4,87.6,False,31.5,0.0,1.0,True,True,-6.9,80.8
orchestra:P:121,orchestra,center_odd,P,121,ORP2,260,-20.26,5.64,64.24,75.1,54.5,15.7,2.4,none,0.0,,0.0,68.4,87.6,False,31.5,0.0,1.0,True,True,-6.9,80.1
orchestra:P:123,orchestra,center_odd,P,123,ORP2,260,-21.98,5.64,63.9,75.3,54.9,17.0,2.4,none,0.0,,0.0,68.4,87.6,False,31.5,0.0,1.0,True,True,-6.9,78.7
orchestra:P:102,orchestra,center_even,P,102,ORP2,260,2.87,5.64,66.06,74.2,52.5,2.2,2.4,none,0.0,,0.0,68.4,87.6,False,31.5,0.0,1.0,True,True,-6.8,81.2
orchestra:P:104,orchestra,center_even,P,104,ORP2,260,4.62,5.64,66.0,74.2,52.6,3.6,2.4,none,0.0,,0.0,68.4,87.6,False,31.5,0.0,1.0,True,True,-6.8,81.2
orchestra:P:106,orchestra,center_even,P,106,ORP2,260,6.37,5.64,65.92,74.3,52.7,4.9,2.4,none,0.0,,0.0,68.4,87.6,False,31.5,0.0,1.0,True,True,-6.8,81.1
orchestra:P:108,orchestra,center_even,P,108,ORP2,260,8.12,5.64,65.8,74.3,52.8,6.3,2.4,none,0.0,,0.0,68.4,87.6,False,31.5,0.0,1.0,True,True,-6.8,81.1
orchestra:P:110,orchestra,center_even,P,110,ORP2,260,9.86,5.64,65.66,74.4,53.0,7.6,2.4,none,0.0,,0.0,68.4,87.6,False,31.5,0.0,1.0,True,True,-6.8,81.1
orchestra:P:112,orchestra,center_even,P,112,ORP2,260,11.6,5.64,65.49,74.5,53.1,9.0,2.4,none,0.0,,0.0,68.4,87.6,False,31.5,0.0,1.0,True,True,-6.9,81.0
orchestra:P:114,orchestra,center_even,P,114,ORP2,260,13.34,5.64,65.3,74.6,53.4,10.3,2.4,none,0.0,,0.0,68.4,87.6,False,31.5,0.0,1.0,True,True,-6.9,81.0
orchestra:P:116,orchestra,center_even,P,116,ORP2,260,15.08,5.64,65.07,74.7,53.6,11.7,2.4,none,0.0,,0.0,68.4,87.6,False,31.5,0.0,1.0,True,True,-6.9,80.9
orchestra:P:118,orchestra,center_even,P,118,ORP2,260,16.81,5.64,64.82,74.8,53.9,13.0,2.4,none,0.0,,0.0,68.4,87.6,False,31.5,0.0,1.0,True,True,-6.9,80.9
orchestra:P:120,orchestra,center_even,P,120,ORP2,260,18.54,5.64,64.54,74.9,54.2,14.3,2.4,none,0.0,,0.0,68.4,87.6,False,31.5,0.0,1.0,True,True,-6.9,80.8
orchestra:P:122,orchestra,center_even,P,122,ORP2,260,20.26,5.64,64.24,75.1,54.5,15.7,2.4,none,0.0,,0.0,68.4,87.6,False,31.5,0.0,1.0,True,True,-6.9,80.1
orchestra:P:124,orchestra,center_even,P,124,ORP2,260,21.98,5.64,63.9,75.3,54.9,17.0,2.4,none,0.0,,0.0,68.4,87.6,False,31.5,0.0,1.0,True,True,-6.9,78.7
orchestra:P:1,orchestra,side_odd,P,1,ORP2,260,-27.1,5.64,62.74,75.8,56.1,21.0,2.4,none,0.0,,0.0,68.4,87.6,False,31.5,0.0,0.99,True,True,-7.0,73.8
orchestra:P:3,orchestra,side_odd,P,3,ORP2,260,-28.79,5.64,62.3,76.0,56.6,22.3,2.4,none,0.0,,0.0,68.4,87.6,False,31.5,0.0,0.98,True,True,-7.0,71.8
orchestra:P:5,orchestra,side_odd,P,5,ORC3,180,-30.48,5.64,61.84,76.3,57.1,23.6,2.4,none,0.0,,0.0,68.4,87.6,False,31.5,0.0,0.97,True,True,-7.1,69.8
orchestra:P:7,orchestra,side_odd,P,7,ORC4,110,-32.16,5.64,61.34,76.5,57.6,24.9,2.4,none,0.0,,0.0,68.4,87.6,False,31.5,0.0,0.95,True,True,-7.1,67.2
orchestra:P:9,orchestra,side_odd,P,9,ORC4,110,-33.83,5.64,60.82,76.8,58.1,26.2,2.4,none,0.0,,0.0,68.4,87.6,False,31.5,0.0,0.94,True,True,-7.1,65.1
orchestra:P:11,orchestra,side_odd,P,11,ORC4,110,-35.49,5.64,60.28,77.0,58.6,27.5,2.4,none,0.0,,0.0,68.4,87.6,False,31.5,0.0,0.92,True,True,-7.1,62.5
orchestra:P:13,orchestra,side_odd,P,13,ORC4,110,-37.15,5.64,59.71,77.3,59.2,28.8,2.3,none,0.0,,0.0,68.4,87.7,False,31.5,0.0,0.91,True,True,-7.2,60.5
orchestra:P:15,orchestra,side_odd,P,15,ORC4,110,-38.79,5.64,59.11,77.6,59.8,30.0,2.3,none,0.0,,0.0,68.4,87.7,False,31.5,0.0,0.9,True,True,-7.2,58.6
orchestra:P:17,orchestra,side_odd,P,17,ORC4,110,-40.43,5.64,58.48,77.9,60.4,31.3,2.3,none,0.0,,0.0,68.4,87.7,False,31.5,0.0,0.88,True,True,-7.2,55.9
orchestra:P:19,orchestra,side_odd,P,19,ORC4,110,-42.05,5.64,57.83,78.2,61.1,32.6,2.3,none,0.0,,0.0,68.4,87.7,False,31.5,0.0,0.87,True,True,-7.3,53.9
orchestra:P:21,orchestra,side_odd,P,21,ORC4,110,-43.66,5.64,57.16,78.5,61.7,33.8,2.3,none,0.0,,0.0,68.4,87.7,False,31.5,0.0,0.85,True,True,-7.3,51.3
orchestra:P:23,orchestra,side_odd,P,23,ORC4,110,-45.27,5.64,56.46,78.8,62.4,35.1,2.3,none,0.0,,0.0,68.4,87.7,False,31.5,0.0,0.84,True,True,-7.3,49.3
orchestra:P:2,orchestra,side_even,P,2,ORP2,260,27.1,5.64,62.74,75.8,56.1,21.0,2.4,none,0.0,,0.0,68.4,87.6,False,31.5,0.0,0.99,True,True,-7.0,73.8
orchestra:P:4,orchestra,side_even,P,4,ORP2,260,28.79,5.64,62.3,76.0,56.6,22.3,2.4,none,0.0,,0.0,68.4,87.6,False,31.5,0.0,0.98,True,True,-7.0,71.8
orchestra:P:6,orchestra,side_even,P,6,ORC3,180,30.48,5.64,61.84,76.3,57.1,23.6,2.4,none,0.0,,0.0,68.4,87.6,False,31.5,0.0,0.97,True,True,-7.1,69.8
orchestra:P:8,orchestra,side_even,P,8,ORC4,110,32.16,5.64,61.34,76.5,57.6,24.9,2.4,none,0.0,,0.0,68.4,87.6,False,31.5,0.0,0.95,True,True,-7.1,67.2
orchestra:P:10,orchestra,side_even,P,10,ORC4,110,33.83,5.64,60.82,76.8,58.1,26.2,2.4,none,0.0,,0.0,68.4,87.6,False,31.5,0.0,0.94,True,True,-7.1,65.1
orchestra:P:12,orchestra,side_even,P,12,ORC4,110,35.49,5.64,60.28,77.0,58.6,27.5,2.4,none,0.0,,0.0,68.4,87.6,False,31.5,0.0,0.92,True,True,-7.1,62.5
orchestra:P:14,orchestra,side_even,P,14,ORC4,110,37.15,5.64,59.71,77.3,59.2,28.8,2.3,none,0.0,,0.0,68.4,87.7,False,31.5,0.0,0.91,True,True,-7.2,60.5
orchestra:P:16,orchestra,side_even,P,16,ORC4,110,38.79,5.64,59.11,77.6,59.8,30.0,2.3,none,0.0,,0.0,68.4,87.7,False,31.5,0.0,0.9,True,True,-7.2,58.6
orchestra:P:18,orchestra,side_even,P,18,ORC4,110,40.43,5.64,58.48,77.9,60.4,31.3,2.3,none,0.0,,0.0,68.4,87.7,False,31.5,0.0,0.88,True,True,-7.2,55.9
orchestra:P:20,orchestra,side_even,P,20,ORC4,110,42.05,5.64,57.83,78.2,61.1,32.6,2.3,none,0.0,,0.0,68.4,87.7,False,31.5,0.0,0.87,True,True,-7.3,53.9
orchestra:P:22,orchestra,side_even,P,22,ORC4,110,43.66,5.64,57.16,78.5,61.7,33.8,2.3,none,0.0,,0.0,68.4,87.7,False,31.5,0.0,0.85,True,True,-7.3,51.3
orchestra:P:24,orchestra,side_even,P,24,ORC4,110,45.27,5.64,56.46,78.8,62.4,35.1,2.3,none,0.0,,0.0,68.4,87.7,False,31.5,0.0,0.84,True,True,-7.3,49.3
orchestra:R:101,orchestra,center_odd,R,101,ORP2,260,-2.87,5.8,68.96,77.1,55.4,2.1,2.2,none,0.0,,0.0,68.2,87.8,False,31.5,0.0,1.0,True,True,-7.1,79.8
orchestra:R:103,orchestra,center_odd,R,103,ORP2,260,-4.62,5.8,68.91,77.1,55.5,3.4,2.2,none,0.0,,0.0,68.2,87.8,False,31.5,0.0,1.0,True,True,-7.1,79.8
orchestra:R:105,orchestra,center_odd,R,105,ORP2,260,-6.37,5.8,68.82,77.1,55.5,4.7,2.2,none,0.0,,0.0,68.2,87.8,False,31.5,0.0,1.0,True,True,-7.1,79.8
orchestra:R:107,orchestra,center_odd,R,107,ORP2,260,-8.12,5.8,68.71,77.2,55.7,6.0,2.2,none,0.0,,0.0,68.2,87.8,False,31.5,0.0,1.0,True,True,-7.2,79.7
orchestra:R:109,orchestra,center_odd,R,109,ORP2,260,-9.86,5.8,68.57,77.3,55.8,7.3,2.2,none,0.0,,0.0,68.2,87.8,False,31.5,0.0,1.0,True,True,-7.2,79.7
orchestra:R:111,orchestra,center_odd,R,111,ORP2,260,-11.6,5.8,68.41,77.3,56.0,8.6,2.2,none,0.0,,0.0,68.2,87.8,False,31.5,0.0,1.0,True,True,-7.2,79.7
orchestra:R:113,orchestra,center_odd,R,113,ORP2,260,-13.34,5.8,68.22,77.4,56.2,9.9,2.2,none,0.0,,0.0,68.2,87.8,False,31.5,0.0,1.0,True,True,-7.2,79.6
orchestra:R:115,orchestra,center_odd,R,115,ORP2,260,-15.08,5.8,68.0,77.5,56.4,11.2,2.2,none,0.0,,0.0,68.2,87.8,False,31.5,0.0,1.0,True,True,-7.2,79.6
orchestra:R:117,orchestra,center_odd,R,117,ORP2,260,-16.81,5.8,67.75,77.7,56.7,12.5,2.2,none,0.0,,0.0,68.2,87.8,False,31.5,0.0,1.0,True,True,-7.2,79.5
orchestra:R:119,orchestra,center_odd,R,119,ORP2,260,-18.54,5.8,67.48,77.8,57.0,13.8,2.2,none,0.0,,0.0,68.2,87.8,False,31.5,0.0,1.0,True,True,-7.2,79.5
orchestra:R:121,orchestra,center_odd,R,121,ORP2,260,-20.27,5.8,67.18,77.9,57.3,15.1,2.2,none,0.0,,0.0,68.2,87.8,False,31.5,0.0,1.0,True,True,-7.2,79.3
orchestra:R:102,orchestra,center_even,R,102,ORP2,260,2.87,5.8,68.96,77.1,55.4,2.1,2.2,none,0.0,,0.0,68.2,87.8,False,31.5,0.0,1.0,True,True,-7.1,79.8
orchestra:R:104,orchestra,center_even,R,104,ORP2,260,4.62,5.8,68.91,77.1,55.5,3.4,2.2,none,0.0,,0.0,68.2,87.8,False,31.5,0.0,1.0,True,True,-7.1,79.8
orchestra:R:106,orchestra,center_even,R,106,ORP2,260,6.37,5.8,68.82,77.1,55.5,4.7,2.2,none,0.0,,0.0,68.2,87.8,False,31.5,0.0,1.0,True,True,-7.1,79.8
orchestra:R:108,orchestra,center_even,R,108,ORP2,260,8.12,5.8,68.71,77.2,55.7,6.0,2.2,none,0.0,,0.0,68.2,87.8,False,31.5,0.0,1.0,True,True,-7.2,79.7
orchestra:R:110,orchestra,center_even,R,110,ORP2,260,9.86,5.8,68.57,77.3,55.8,7.3,2.2,none,0.0,,0.0,68.2,87.8,False,31.5,0.0,1.0,True,True,-7.2,79.7
orchestra:R:112,orchestra,center_even,R,112,ORP2,260,11.6,5.8,68.41,77.3,56.0,8.6,2.2,none,0.0,,0.0,68.2,87.8,False,31.5,0.0,1.0,True,True,-7.2,79.7
orchestra:R:114,orchestra,center_even,R,114,ORP2,260,13.34,5.8,68.22,77.4,56.2,9.9,2.2,none,0.0,,0.0,68.2,87.8,False,31.5,0.0,1.0,True,True,-7.2,79.6
orchestra:R:116,orchestra,center_even,R,116,ORP2,260,15.08,5.8,68.0,77.5,56.4,11.2,2.2,none,0.0,,0.0,68.2,87.8,False,31.5,0.0,1.0,True,True,-7.2,79.6
orchestra:R:118,orchestra,center_even,R,118,ORP2,260,16.81,5.8,67.75,77.7,56.7,12.5,2.2,none,0.0,,0.0,68.2,87.8,False,31.5,0.0,1.0,True,True,-7.2,79.5
orchestra:R:120,orchestra,center_even,R,120,ORP2,260,18.54,5.8,67.48,77.8,57.0,13.8,2.2,none,0.0,,0.0,68.2,87.8,False,31.5,0.0,1.0,True,True,-7.2,79.5
orchestra:R:122,orchestra,center_even,R,122,ORP2,260,20.27,5.8,67.18,77.9,57.3,15.1,2.2,none,0.0,,0.0,68.2,87.8,False,31.5,0.0,1.0,True,True,-7.2,79.3
orchestra:R:1,orchestra,side_odd,R,1,ORP2,260,-27.11,5.8,65.73,78.6,58.7,20.2,2.2,none,0.0,,0.0,68.2,87.8,False,31.5,0.0,0.99,True,True,-7.3,73.3
orchestra:R:3,orchestra,side_odd,R,3,ORP2,260,-28.81,5.8,65.3,78.8,59.2,21.5,2.2,none,0.0,,0.0,68.2,87.8,False,31.5,0.0,0.98,True,True,-7.3,71.3
orchestra:R:2,orchestra,side_even,R,2,ORP2,260,27.11,5.8,65.73,78.6,58.7,20.2,2.2,none,0.0,,0.0,68.2,87.8,False,31.5,0.0,0.99,True,True,-7.3,73.3
orchestra:R:4,orchestra,side_even,R,4,ORP2,260,28.81,5.8,65.3,78.8,59.2,21.5,2.2,none,0.0,,0.0,68.2,87.8,False,31.5,0.0,0.98,True,True,-7.3,71.3
orchestra:S:101,orchestra,center_odd,S,101,ORP2,260,-2.87,5.97,71.86,80.0,58.3,2.1,2.0,none,0.0,,0.0,68.0,88.0,False,31.5,0.0,1.0,True,True,-7.5,78.4
orchestra:S:103,orchestra,center_odd,S,103,ORP2,260,-4.62,5.97,71.81,80.0,58.4,3.3,2.0,none,0.0,,0.0,68.0,88.0,False,31.5,0.0,1.0,True,True,-7.5,78.4
orchestra:S:105,orchestra,center_odd,S,105,ORP2,260,-6.37,5.97,71.73,80.0,58.4,4.6,2.0,none,0.0,,0.0,68.0,88.0,False,31.5,0.0,1.0,True,True,-7.5,78.4
orchestra:S:107,orchestra,center_odd,S,107,ORP2,260,-8.12,5.97,71.62,80.1,58.5,5.8,2.0,none,0.0,,0.0,68.0,88.0,False,31.5,0.0,1.0,True,True,-7.5,78.4
orchestra:S:109,orchestra,center_odd,S,109,ORP2,260,-9.86,5.97,71.48,80.1,58.7,7.1,2.0,none,0.0,,0.0,68.0,88.0,False,31.5,0.0,1.0,True,True,-7.5,78.4
orchestra:S:111,orchestra,center_odd,S,111,ORP2,260,-11.61,5.97,71.32,80.2,58.8,8.3,2.0,none,0.0,,0.0,68.0,88.0,False,31.5,0.0,1.0,True,True,-7.5,78.3
orchestra:S:113,orchestra,center_odd,S,113,ORP2,260,-13.35,5.97,71.14,80.3,59.0,9.6,2.0,none,0.0,,0.0,68.0,88.0,False,31.5,0.0,1.0,True,True,-7.5,78.3
orchestra:S:115,orchestra,center_odd,S,115,ORP2,260,-15.08,5.97,70.92,80.4,59.2,10.8,2.0,none,0.0,,0.0,68.0,88.0,False,31.5,0.0,1.0,True,True,-7.5,78.2
orchestra:S:117,orchestra,center_odd,S,117,ORP2,260,-16.82,5.97,70.68,80.5,59.5,12.1,2.0,none,0.0,,0.0,68.0,88.0,False,31.5,0.0,1.0,True,True,-7.5,78.2
orchestra:S:119,orchestra,center_odd,S,119,ORP2,260,-18.55,5.97,70.42,80.6,59.7,13.3,2.0,none,0.0,,0.0,68.0,88.0,False,31.5,0.0,1.0,True,True,-7.5,78.1
orchestra:S:121,orchestra,center_odd,S,121,ORP2,260,-20.27,5.97,70.13,80.8,60.0,14.5,2.0,none,0.0,,0.0,68.0,88.0,False,31.5,0.0,1.0,True,True,-7.6,78.0
orchestra:S:123,orchestra,center_odd,S,123,ORP2,260,-21.99,5.97,69.81,80.9,60.3,15.8,2.0,none,0.0,,0.0,68.0,88.0,False,31.5,0.0,1.0,True,True,-7.6,77.2
orchestra:S:102,orchestra,center_even,S,102,ORP2,260,2.87,5.97,71.86,80.0,58.3,2.1,2.0,none,0.0,,0.0,68.0,88.0,False,31.5,0.0,1.0,True,True,-7.5,78.4
orchestra:S:104,orchestra,center_even,S,104,ORP2,260,4.62,5.97,71.81,80.0,58.4,3.3,2.0,none,0.0,,0.0,68.0,88.0,False,31.5,0.0,1.0,True,True,-7.5,78.4
orchestra:S:106,orchestra,center_even,S,106,ORP2,260,6.37,5.97,71.73,80.0,58.4,4.6,2.0,none,0.0,,0.0,68.0,88.0,False,31.5,0.0,1.0,True,True,-7.5,78.4
orchestra:S:108,orchestra,center_even,S,108,ORP2,260,8.12,5.97,71.62,80.1,58.5,5.8,2.0,none,0.0,,0.0,68.0,88.0,False,31.5,0.0,1.0,True,True,-7.5,78.4
orchestra:S:110,orchestra,center_even,S,110,ORP2,260,9.86,5.97,71.48,80.1,58.7,7.1,2.0,none,0.0,,0.0,68.0,88.0,False,31.5,0.0,1.0,True,True,-7.5,78.4
orchestra:S:112,orchestra,center_even,S,112,ORP2,260,11.61,5.97,71.32,80.2,58.8,8.3,2.0,none,0.0,,0.0,68.0,88.0,False,31.5,0.0,1.0,True,True,-7.5,78.3
orchestra:S:114,orchestra,center_even,S,114,ORP2,260,13.35,5.97,71.14,80.3,59.0,9.6,2.0,none,0.0,,0.0,68.0,88.0,False,31.5,0.0,1.0,True,True,-7.5,78.3
orchestra:S:116,orchestra,center_even,S,116,ORP2,260,15.08,5.97,70.92,80.4,59.2,10.8,2.0,none,0.0,,0.0,68.0,88.0,False,31.5,0.0,1.0,True,True,-7.5,78.2
orchestra:S:118,orchestra,center_even,S,118,ORP2,260,16.82,5.97,70.68,80.5,59.5,12.1,2.0,none,0.0,,0.0,68.0,88.0,False,31.5,0.0,1.0,True,True,-7.5,78.2
orchestra:S:120,orchestra,center_even,S,120,ORP2,260,18.55,5.97,70.42,80.6,59.7,13.3,2.0,none,0.0,,0.0,68.0,88.0,False,31.5,0.0,1.0,True,True,-7.5,78.1
orchestra:S:122,orchestra,center_even,S,122,ORP2,260,20.27,5.97,70.13,80.8,60.0,14.5,2.0,none,0.0,,0.0,68.0,88.0,False,31.5,0.0,1.0,True,True,-7.6,78.0
orchestra:S:124,orchestra,center_even,S,124,ORP2,260,21.99,5.97,69.81,80.9,60.3,15.8,2.0,none,0.0,,0.0,68.0,88.0,False,31.5,0.0,1.0,True,True,-7.6,77.2
orchestra:S:1,orchestra,side_odd,S,1,ORP2,260,-27.13,5.97,68.71,81.4,61.4,19.5,2.0,none,0.0,,0.0,68.0,88.0,False,31.5,0.0,0.99,True,True,-7.6,72.6
orchestra:S:3,orchestra,side_odd,S,3,ORP2,260,-28.82,5.97,68.29,81.6,61.8,20.7,2.0,none,0.0,,0.0,68.0,88.0,False,31.5,0.0,0.98,True,True,-7.6,70.7
orchestra:S:2,orchestra,side_even,S,2,ORP2,260,27.13,5.97,68.71,81.4,61.4,19.5,2.0,none,0.0,,0.0,68.0,88.0,False,31.5,0.0,0.99,True,True,-7.6,72.6
orchestra:S:4,orchestra,side_even,S,4,ORP2,260,28.82,5.97,68.29,81.6,61.8,20.7,2.0,none,0.0,,0.0,68.0,88.0,False,31.5,0.0,0.98,True,True,-7.6,70.7
orchestra:S:5,orchestra,platform_odd,S,5,ORC3,180,-30.52,5.97,67.85,81.8,62.2,21.9,2.0,none,0.0,,0.0,68.0,88.0,False,31.5,0.0,0.97,True,True,-7.7,68.8
orchestra:S:7,orchestra,platform_odd,S,7,ORC3,180,-32.2,5.97,67.38,82.0,62.7,23.1,2.0,none,0.0,,0.0,68.0,88.0,False,31.5,0.0,0.96,True,True,-7.7,66.9
orchestra:S:9,orchestra,platform_odd,S,9,ORC3,180,-33.88,5.97,66.88,82.2,63.1,24.3,2.0,none,0.0,,0.0,68.0,88.0,False,31.5,0.0,0.94,True,True,-7.7,64.4
orchestra:S:11,orchestra,platform_odd,S,11,ORC3,180,-35.55,5.97,66.36,82.5,63.6,25.6,2.0,none,0.0,,0.0,68.0,88.0,False,31.5,0.0,0.93,True,True,-7.7,62.4
orchestra:S:13,orchestra,platform_odd,S,13,ORC3,180,-37.22,5.97,65.82,82.7,64.1,26.8,2.0,none,0.0,,0.0,68.0,88.0,False,31.5,0.0,0.92,True,True,-7.8,60.5
orchestra:S:15,orchestra,platform_odd,S,15,ORC3,180,-38.87,5.97,65.25,83.0,64.6,28.0,2.0,none,0.0,,0.0,68.0,88.0,False,31.5,0.0,0.91,True,True,-7.8,58.6
orchestra:S:17,orchestra,platform_odd,S,17,ORC3,180,-40.52,5.97,64.65,83.2,65.2,29.1,2.0,none,0.0,,0.0,68.0,88.0,False,31.5,0.0,0.89,True,True,-7.8,56.2
orchestra:S:19,orchestra,platform_odd,S,19,ORC3,180,-42.15,5.97,64.04,83.5,65.7,30.3,1.9,none,0.0,,0.0,68.0,88.1,False,31.5,0.0,0.88,True,True,-7.8,54.2
orchestra:S:6,orchestra,platform_even,S,6,ORC3,180,30.52,5.97,67.85,81.8,62.2,21.9,2.0,none,0.0,,0.0,68.0,88.0,False,31.5,0.0,0.97,True,True,-7.7,68.8
orchestra:S:8,orchestra,platform_even,S,8,ORC3,180,32.2,5.97,67.38,82.0,62.7,23.1,2.0,none,0.0,,0.0,68.0,88.0,False,31.5,0.0,0.96,True,True,-7.7,66.9
orchestra:S:10,orchestra,platform_even,S,10,ORC3,180,33.88,5.97,66.88,82.2,63.1,24.3,2.0,none,0.0,,0.0,68.0,88.0,False,31.5,0.0,0.94,True,True,-7.7,64.4
orchestra:S:12,orchestra,platform_even,S,12,ORC3,180,35.55,5.97,66.36,82.5,63.6,25.6,2.0,none,0.0,,0.0,68.0,88.0,False,31.5,0.0,0.93,True,True,-7.7,62.4
orchestra:S:14,orchestra,platform_even,S,14,ORC3,180,37.22,5.97,65.82,82.7,64.1,26.8,2.0,none,0.0,,0.0,68.0,88.0,False,31.5,0.0,0.92,True,True,-7.8,60.5
orchestra:S:16,orchestra,platform_even,S,16,ORC3,180,38.87,5.97,65.25,83.0,64.6,28.0,2.0,none,0.0,,0.0,68.0,88.0,False,31.5,0.0,0.91,True,True,-7.8,58.6
orchestra:S:18,orchestra,platform_even,S,18,ORC3,180,40.52,5.97,64.65,83.2,65.2,29.1,2.0,none,0.0,,0.0,68.0,88.0,False,31.5,0.0,0.89,True,True,-7.8,56.2
orchestra:S:20,orchestra,platform_even,S,20,ORC3,180,42.15,5.97,64.04,83.5,65.7,30.3,1.9,none,0.0,,0.0,68.0,88.1,False,31.5,0.0,0.88,True,True,-7.8,54.2
orchestra:T:101,orchestra,center_odd,T,101,ORP2,260,-2.87,6.14,74.77,82.9,61.2,2.0,1.8,none,0.0,,0.0,67.9,88.2,False,31.5,0.0,1.0,True,True,-7.8,77.0
orchestra:T:103,orchestra,center_odd,T,103,ORP2,260,-4.62,6.14,74.71,82.9,61.2,3.2,1.8,none,0.0,,0.0,67.9,88.2,False,31.5,0.0,1.0,True,True,-7.8,77.0
orchestra:T:105,orchestra,center_odd,T,105,ORP2,260,-6.37,6.14,74.63,82.9,61.3,4.4,1.8,none,0.0,,0.0,67.9,88.2,False,31.5,0.0,1.0,True,True,-7.8,77.0
orchestra:T:107,orchestra,center_odd,T,107,ORP2,260,-8.12,6.14,74.52,83.0,61.4,5.6,1.8,none,0.0,,0.0,67.9,88.2,False,31.5,0.0,1.0,True,True,-7.8,77.0
orchestra:T:109,orchestra,center_odd,T,109,ORP2,260,-9.86,6.14,74.39,83.0,61.6,6.8,1.8,none,0.0,,0.0,67.9,88.2,False,31.5,0.0,1.0,True,True,-7.8,77.0
orchestra:T:111,orchestra,center_odd,T,111,ORP2,260,-11.61,6.14,74.24,83.1,61.7,8.0,1.8,none,0.0,,0.0,67.9,88.2,False,31.5,0.0,1.0,True,True,-7.8,76.9
orchestra:T:113,orchestra,center_odd,T,113,ORP2,260,-13.35,6.14,74.05,83.2,61.9,9.2,1.8,none,0.0,,0.0,67.9,88.2,False,31.5,0.0,1.0,True,True,-7.8,76.9
orchestra:T:115,orchestra,center_odd,T,115,ORP2,260,-15.08,6.14,73.85,83.3,62.1,10.4,1.8,none,0.0,,0.0,67.9,88.2,False,31.5,0.0,1.0,True,True,-7.8,76.8
orchestra:T:117,orchestra,center_odd,T,117,ORP2,260,-16.82,6.14,73.61,83.4,62.3,11.6,1.8,none,0.0,,0.0,67.9,88.2,False,31.5,0.0,1.0,True,True,-7.8,76.8
orchestra:T:119,orchestra,center_odd,T,119,ORP2,260,-18.55,6.14,73.36,83.5,62.5,12.8,1.8,none,0.0,,0.0,67.9,88.2,False,31.5,0.0,1.0,True,True,-7.8,76.7
orchestra:T:121,orchestra,center_odd,T,121,ORP2,260,-20.28,6.14,73.07,83.6,62.8,14.0,1.8,none,0.0,,0.0,67.9,88.2,False,31.5,0.0,1.0,True,True,-7.9,76.7
orchestra:T:102,orchestra,center_even,T,102,ORP2,260,2.87,6.14,74.77,82.9,61.2,2.0,1.8,none,0.0,,0.0,67.9,88.2,False,31.5,0.0,1.0,True,True,-7.8,77.0
orchestra:T:104,orchestra,center_even,T,104,ORP2,260,4.62,6.14,74.71,82.9,61.2,3.2,1.8,none,0.0,,0.0,67.9,88.2,False,31.5,0.0,1.0,True,True,-7.8,77.0
orchestra:T:106,orchestra,center_even,T,106,ORP2,260,6.37,6.14,74.63,82.9,61.3,4.4,1.8,none,0.0,,0.0,67.9,88.2,False,31.5,0.0,1.0,True,True,-7.8,77.0
orchestra:T:108,orchestra,center_even,T,108,ORP2,260,8.12,6.14,74.52,83.0,61.4,5.6,1.8,none,0.0,,0.0,67.9,88.2,False,31.5,0.0,1.0,True,True,-7.8,77.0
orchestra:T:110,orchestra,center_even,T,110,ORP2,260,9.86,6.14,74.39,83.0,61.6,6.8,1.8,none,0.0,,0.0,67.9,88.2,False,31.5,0.0,1.0,True,True,-7.8,77.0
orchestra:T:112,orchestra,center_even,T,112,ORP2,260,11.61,6.14,74.24,83.1,61.7,8.0,1.8,none,0.0,,0.0,67.9,88.2,False,31.5,0.0,1.0,True,True,-7.8,76.9
orchestra:T:114,orchestra,center_even,T,114,ORP2,260,13.35,6.14,74.05,83.2,61.9,9.2,1.8,none,0.0,,0.0,67.9,88.2,False,31.5,0.0,1.0,True,True,-7.8,76.9
orchestra:T:116,orchestra,center_even,T,116,ORP2,260,15.08,6.14,73.85,83.3,62.1,10.4,1.8,none,0.0,,0.0,67.9,88.2,False,31.5,0.0,1.0,True,True,-7.8,76.8
orchestra:T:118,orchestra,center_even,T,118,ORP2,260,16.82,6.14,73.61,83.4,62.3,11.6,1.8,none,0.0,,0.0,67.9,88.2,False,31.5,0.0,1.0,True,True,-7.8,76.8
orchestra:T:120,orchestra,center_even,T,120,ORP2,260,18.55,6.14,73.36,83.5,62.5,12.8,1.8,none,0.0,,0.0,67.9,88.2,False,31.5,0.0,1.0,True,True,-7.8,76.7
orchestra:T:122,orchestra,center_even,T,122,ORP2,260,20.28,6.14,73.07,83.6,62.8,14.0,1.8,none,0.0,,0.0,67.9,88.2,False,31.5,0.0,1.0,True,True,-7.9,76.7
orchestra:T:1,orchestra,side_odd,T,1,ORP2,260,-27.14,6.14,71.69,84.2,64.1,18.8,1.8,none,0.0,,0.0,67.9,88.2,False,31.5,0.0,0.99,True,True,-7.9,72.0
orchestra:T:3,orchestra,side_odd,T,3,ORP2,260,-28.84,6.14,71.28,84.4,64.5,20.0,1.8,none,0.0,,0.0,67.9,88.2,False,31.5,0.0,0.98,True,True,-7.9,70.1
orchestra:T:2,orchestra,side_even,T,2,ORP2,260,27.14,6.14,71.69,84.2,64.1,18.8,1.8,none,0.0,,0.0,67.9,88.2,False,31.5,0.0,0.99,True,True,-7.9,72.0
orchestra:T:4,orchestra,side_even,T,4,ORP2,260,28.84,6.14,71.28,84.4,64.5,20.0,1.8,none,0.0,,0.0,67.9,88.2,False,31.5,0.0,0.98,True,True,-7.9,70.1
orchestra:U:101,orchestra,center_odd,U,101,ORC3,180,-2.87,6.31,77.67,85.8,64.1,1.9,1.7,none,0.0,,0.0,67.7,88.3,False,31.5,0.0,1.0,True,True,-8.1,75.6
orchestra:U:103,orchestra,center_odd,U,103,ORC3,180,-4.62,6.31,77.61,85.8,64.1,3.1,1.7,none,0.0,,0.0,67.7,88.3,False,31.5,0.0,1.0,True,True,-8.1,75.6
orchestra:U:105,orchestra,center_odd,U,105,ORC3,180,-6.37,6.31,77.53,85.8,64.2,4.3,1.7,none,0.0,,0.0,67.7,88.3,False,31.5,0.0,1.0,True,True,-8.1,75.6
orchestra:U:107,orchestra,center_odd,U,107,ORC3,180,-8.12,6.31,77.43,85.9,64.3,5.4,1.7,none,0.0,,0.0,67.7,88.3,False,31.5,0.0,1.0,True,True,-8.1,75.6
orchestra:U:109,orchestra,center_odd,U,109,ORC3,180,-9.86,6.31,77.3,85.9,64.4,6.6,1.7,none,0.0,,0.0,67.7,88.3,False,31.5,0.0,1.0,True,True,-8.1,75.6
orchestra:U:111,orchestra,center_odd,U,111,ORC3,180,-11.61,6.31,77.15,86.0,64.6,7.8,1.7,none,0.0,,0.0,67.7,88.3,False,31.5,0.0,1.0,True,True,-8.1,75.5
orchestra:U:113,orchestra,center_odd,U,113,ORC3,180,-13.35,6.31,76.97,86.0,64.7,8.9,1.7,none,0.0,,0.0,67.7,88.3,False,31.5,0.0,1.0,True,True,-8.1,75.5
orchestra:U:115,orchestra,center_odd,U,115,ORC3,180,-15.09,6.31,76.77,86.1,64.9,10.1,1.7,none,0.0,,0.0,67.7,88.3,False,31.5,0.0,1.0,True,True,-8.1,75.5
orchestra:U:117,orchestra,center_odd,U,117,ORC3,180,-16.82,6.31,76.54,86.2,65.1,11.3,1.7,none,0.0,,0.0,67.7,88.3,False,31.5,0.0,1.0,True,True,-8.1,75.4
orchestra:U:119,orchestra,center_odd,U,119,ORC3,180,-18.55,6.31,76.29,86.3,65.3,12.4,1.7,none,0.0,,0.0,67.7,88.3,False,31.5,0.0,1.0,True,True,-8.1,75.4
orchestra:U:121,orchestra,center_odd,U,121,ORC3,180,-20.28,6.31,76.01,86.5,65.6,13.6,1.7,none,0.0,,0.0,67.7,88.3,False,31.5,0.0,1.0,True,True,-8.1,75.3
orchestra:U:123,orchestra,center_odd,U,123,ORC3,180,-22.01,6.31,75.71,86.6,65.9,14.7,1.6,none,0.0,,0.0,67.7,88.4,False,31.5,0.0,1.0,True,True,-8.2,75.2
orchestra:U:102,orchestra,center_even,U,102,ORC3,180,2.87,6.31,77.67,85.8,64.1,1.9,1.7,none,0.0,,0.0,67.7,88.3,False,31.5,0.0,1.0,True,True,-8.1,75.6
orchestra:U:104,orchestra,center_even,U,104,ORC3,180,4.62,6.31,77.61,85.8,64.1,3.1,1.7,none,0.0,,0.0,67.7,88.3,False,31.5,0.0,1.0,True,True,-8.1,75.6
orchestra:U:106,orchestra,center_even,U,106,ORC3,180,6.37,6.31,77.53,85.8,64.2,4.3,1.7,none,0.0,,0.0,67.7,88.3,False,31.5,0.0,1.0,True,True,-8.1,75.6
orchestra:U:108,orchestra,center_even,U,108,ORC3,180,8.12,6.31,77.43,85.9,64.3,5.4,1.7,none,0.0,,0.0,67.7,88.3,False,31.5,0.0,1.0,True,True,-8.1,75.6
orchestra:U:110,orchestra,center_even,U,110,ORC3,180,9.86,6.31,77.3,85.9,64.4,6.6,1.7,none,0.0,,0.0,67.7,88.3,False,31.5,0.0,1.0,True,True,-8.1,75.6
orchestra:U:112,orchestra,center_even,U,112,ORC3,180,11.61,6.31,77.15,86.0,64.6,7.8,1.7,none,0.0,,0.0,67.7,88.3,False,31.5,0.0,1.0,True,True,-8.1,75.5
orchestra:U:114,orchestra,center_even,U,114,ORC3,180,13.35,6.31,76.97,86.0,64.7,8.9,1.7,none,0.0,,0.0,67.7,88.3,False,31.5,0.0,1.0,True,True,-8.1,75.5
orchestra:U:116,orchestra,center_even,U,116,ORC3,180,15.09,6.31,76.77,86.1,64.9,10.1,1.7,none,0.0,,0.0,67.7,88.3,False,31.5,0.0,1.0,True,True,-8.1,75.5
orchestra:U:118,orchestra,center_even,U,118,ORC3,180,16.82,6.31,76.54,86.2,65.1,11.3,1.7,none,0.0,,0.0,67.7,88.3,False,31.5,0.0,1.0,True,True,-8.1,75.4
orchestra:U:120,orchestra,center_even,U,120,ORC3,180,18.55,6.31,76.29,86.3,65.3,12.4,1.7,none,0.0,,0.0,67.7,88.3,False,31.5,0.0,1.0,True,True,-8.1,75.4
orchestra:U:122,orchestra,center_even,U,122,ORC3,180,20.28,6.31,76.01,86.5,65.6,13.6,1.7,none,0.0,,0.0,67.7,88.3,False,31.5,0.0,1.0,True,True,-8.1,75.3
orchestra:U:124,orchestra,center_even,U,124,ORC3,180,22.01,6.31,75.71,86.6,65.9,14.7,1.6,none,0.0,,0.0,67.7,88.4,False,31.5,0.0,1.0,True,True,-8.2,75.2
orchestra:U:1,orchestra,side_odd,U,1,ORC3,180,-27.15,6.31,74.66,87.0,66.8,18.2,1.6,none,0.0,,0.0,67.7,88.4,False,31.5,0.0,0.99,True,True,-8.2,71.2
orchestra:U:3,orchestra,side_odd,U,3,ORC3,180,-28.85,6.31,74.26,87.2,67.2,19.3,1.6,none,0.0,,0.0,67.7,88.4,False,31.5,0.0,0.98,True,True,-8.2,69.4
orchestra:U:5,orchestra,side_odd,U,5,ORC4,110,-30.55,6.31,73.84,87.4,67.5,20.5,1.6,none,0.0,,0.0,67.7,88.4,False,31.5,0.0,0.97,True,True,-8.2,67.5
orchestra:U:7,orchestra,side_odd,U,7,ORC4,110,-32.24,6.31,73.39,87.6,67.9,21.6,1.6,none,0.0,,0.0,67.7,88.4,False,31.5,0.0,0.96,True,True,-8.3,65.8
orchestra:U:9,orchestra,side_odd,U,9,ORC4,110,-33.93,6.31,72.92,87.8,68.3,22.7,1.6,none,0.0,,0.0,67.7,88.4,False,31.5,0.0,0.95,True,True,-8.3,64.0
orchestra:U:11,orchestra,side_odd,U,11,ORC4,110,-35.61,6.31,72.42,88.0,68.8,23.9,1.6,none,0.0,,0.0,67.7,88.4,False,31.5,0.0,0.94,True,True,-8.3,62.1
orchestra:U:13,orchestra,side_odd,U,13,ORC4,110,-37.28,6.31,71.9,88.2,69.2,25.0,1.6,boxes,0.3,9.0,0.04,4.7,84.5,False,31.5,0.0,0.92,True,True,-8.3,56.4
orchestra:U:15,orchestra,side_odd,U,15,ORC4,110,-38.94,6.31,71.36,88.4,69.7,26.1,1.6,boxes,1.4,9.0,0.15,4.7,71.9,False,31.5,0.0,0.91,True,True,-8.3,54.6
orchestra:U:17,orchestra,side_odd,U,17,ORC4,110,-40.6,6.31,70.79,88.7,70.1,27.3,1.6,boxes,2.7,9.2,0.29,4.7,58.7,False,31.5,0.0,0.9,True,False,-8.4,52.7
orchestra:U:19,orchestra,side_odd,U,19,ORC4,110,-42.24,6.31,70.2,88.9,70.6,28.4,1.6,boxes,4.3,9.3,0.47,4.7,45.7,False,31.5,0.0,0.89,False,False,-8.4,44.9
orchestra:U:21,orchestra,side_odd,U,21,ORC4,110,-43.88,6.31,69.59,89.2,71.1,29.5,1.6,boxes,6.6,9.4,0.7,4.7,33.9,False,31.5,0.0,0.88,False,False,-8.4,43.0
orchestra:U:23,orchestra,side_odd,U,23,ORC4,110,-45.51,6.31,68.95,89.4,71.7,30.6,1.6,boxes,10.6,9.7,1.09,4.7,22.3,False,31.5,0.0,0.86,False,False,-8.4,37.4
orchestra:U:2,orchestra,side_even,U,2,ORC3,180,27.15,6.31,74.66,87.0,66.8,18.2,1.6,none,0.0,,0.0,67.7,88.4,False,31.5,0.0,0.99,True,True,-8.2,71.2
orchestra:U:4,orchestra,side_even,U,4,ORC3,180,28.85,6.31,74.26,87.2,67.2,19.3,1.6,none,0.0,,0.0,67.7,88.4,False,31.5,0.0,0.98,True,True,-8.2,69.4
orchestra:U:6,orchestra,side_even,U,6,ORC4,110,30.55,6.31,73.84,87.4,67.5,20.5,1.6,none,0.0,,0.0,67.7,88.4,False,31.5,0.0,0.97,True,True,-8.2,67.5
orchestra:U:8,orchestra,side_even,U,8,ORC4,110,32.24,6.31,73.39,87.6,67.9,21.6,1.6,none,0.0,,0.0,67.7,88.4,False,31.5,0.0,0.96,True,True,-8.3,65.8
orchestra:U:10,orchestra,side_even,U,10,ORC4,110,33.93,6.31,72.92,87.8,68.3,22.7,1.6,none,0.0,,0.0,67.7,88.4,False,31.5,0.0,0.95,True,True,-8.3,64.0
orchestra:U:12,orchestra,side_even,U,12,ORC4,110,35.61,6.31,72.42,88.0,68.8,23.9,1.6,none,0.0,,0.0,67.7,88.4,False,31.5,0.0,0.94,True,True,-8.3,62.1
orchestra:U:14,orchestra,side_even,U,14,ORC4,110,37.28,6.31,71.9,88.2,69.2,25.0,1.6,boxes,0.3,9.0,0.04,4.7,84.5,False,31.5,0.0,0.92,True,True,-8.3,56.4
orchestra:U:16,orchestra,side_even,U,16,ORC4,110,38.94,6.31,71.36,88.4,69.7,26.1,1.6,boxes,1.4,9.0,0.15,4.7,71.9,False,31.5,0.0,0.91,True,True,-8.3,54.6
orchestra:U:18,orchestra,side_even,U,18,ORC4,110,40.6,6.31,70.79,88.7,70.1,27.3,1.6,boxes,2.7,9.2,0.29,4.7,58.7,False,31.5,0.0,0.9,True,False,-8.4,52.7
orchestra:U:20,orchestra,side_even,U,20,ORC4,110,42.24,6.31,70.2,88.9,70.6,28.4,1.6,boxes,4.3,9.3,0.47,4.7,45.7,False,31.5,0.0,0.89,False,False,-8.4,44.9
orchestra:U:22,orchestra,side_even,U,22,ORC4,110,43.88,6.31,69.59,89.2,71.1,29.5,1.6,boxes,6.6,9.4,0.7,4.7,33.9,False,31.5,0.0,0.88,False,False,-8.4,43.0
orchestra:U:24,orchestra,side_even,U,24,ORC4,110,45.51,6.31,68.95,89.4,71.7,30.6,1.6,boxes,10.6,9.7,1.09,4.7,22.3,False,31.5,0.0,0.86,False,False,-8.4,37.4
orchestra:V:101,orchestra,center_odd,V,101,ORC3,180,-2.87,6.48,80.57,88.6,67.0,1.9,1.5,none,0.0,,0.0,67.5,88.5,False,31.5,0.0,1.0,True,True,-8.4,74.3
orchestra:V:103,orchestra,center_odd,V,103,ORC3,180,-4.62,6.48,80.51,88.7,67.0,3.0,1.5,none,0.0,,0.0,67.5,88.5,False,31.5,0.0,1.0,True,True,-8.4,74.2
orchestra:V:105,orchestra,center_odd,V,105,ORC3,180,-6.37,6.48,80.44,88.7,67.1,4.1,1.5,none,0.0,,0.0,67.5,88.5,False,31.5,0.0,1.0,True,True,-8.4,74.2
orchestra:V:107,orchestra,center_odd,V,107,ORC3,180,-8.12,6.48,80.34,88.7,67.2,5.3,1.5,none,0.0,,0.0,67.5,88.5,False,31.5,0.0,1.0,True,True,-8.4,74.2
orchestra:V:109,orchestra,center_odd,V,109,ORC3,180,-9.86,6.48,80.21,88.8,67.3,6.4,1.5,none,0.0,,0.0,67.5,88.5,False,31.5,0.0,1.0,True,True,-8.4,74.2
orchestra:V:111,orchestra,center_odd,V,111,ORC3,180,-11.61,6.48,80.06,88.9,67.4,7.5,1.5,none,0.0,,0.0,67.5,88.5,False,31.5,0.0,1.0,True,True,-8.4,74.1
orchestra:V:113,orchestra,center_odd,V,113,ORC3,180,-13.35,6.48,79.89,88.9,67.6,8.6,1.5,none,0.0,,0.0,67.5,88.5,False,31.5,0.0,1.0,True,True,-8.4,74.1
orchestra:V:115,orchestra,center_odd,V,115,ORC3,180,-15.09,6.48,79.69,89.0,67.8,9.8,1.5,none,0.0,,0.0,67.5,88.5,False,31.5,0.0,1.0,True,True,-8.4,74.1
orchestra:V:117,orchestra,center_odd,V,117,ORC3,180,-16.82,6.48,79.47,89.1,68.0,10.9,1.5,none,0.0,,0.0,67.5,88.5,False,31.5,0.0,1.0,True,True,-8.4,74.0
orchestra:V:119,orchestra,center_odd,V,119,ORC3,180,-18.56,6.48,79.22,89.2,68.2,12.0,1.5,none,0.0,,0.0,67.5,88.5,False,31.5,0.0,1.0,True,True,-8.4,74.0
orchestra:V:121,orchestra,center_odd,V,121,ORC3,180,-20.29,6.48,78.95,89.3,68.4,13.1,1.5,none,0.0,,0.0,67.5,88.5,False,31.5,0.0,1.0,True,True,-8.4,73.9
orchestra:V:102,orchestra,center_even,V,102,ORC3,180,2.87,6.48,80.57,88.6,67.0,1.9,1.5,none,0.0,,0.0,67.5,88.5,False,31.5,0.0,1.0,True,True,-8.4,74.3
orchestra:V:104,orchestra,center_even,V,104,ORC3,180,4.62,6.48,80.51,88.7,67.0,3.0,1.5,none,0.0,,0.0,67.5,88.5,False,31.5,0.0,1.0,True,True,-8.4,74.2
orchestra:V:106,orchestra,center_even,V,106,ORC3,180,6.37,6.48,80.44,88.7,67.1,4.1,1.5,none,0.0,,0.0,67.5,88.5,False,31.5,0.0,1.0,True,True,-8.4,74.2
orchestra:V:108,orchestra,center_even,V,108,ORC3,180,8.12,6.48,80.34,88.7,67.2,5.3,1.5,none,0.0,,0.0,67.5,88.5,False,31.5,0.0,1.0,True,True,-8.4,74.2
orchestra:V:110,orchestra,center_even,V,110,ORC3,180,9.86,6.48,80.21,88.8,67.3,6.4,1.5,none,0.0,,0.0,67.5,88.5,False,31.5,0.0,1.0,True,True,-8.4,74.2
orchestra:V:112,orchestra,center_even,V,112,ORC3,180,11.61,6.48,80.06,88.9,67.4,7.5,1.5,none,0.0,,0.0,67.5,88.5,False,31.5,0.0,1.0,True,True,-8.4,74.1
orchestra:V:114,orchestra,center_even,V,114,ORC3,180,13.35,6.48,79.89,88.9,67.6,8.6,1.5,none,0.0,,0.0,67.5,88.5,False,31.5,0.0,1.0,True,True,-8.4,74.1
orchestra:V:116,orchestra,center_even,V,116,ORC3,180,15.09,6.48,79.69,89.0,67.8,9.8,1.5,none,0.0,,0.0,67.5,88.5,False,31.5,0.0,1.0,True,True,-8.4,74.1
orchestra:V:118,orchestra,center_even,V,118,ORC3,180,16.82,6.48,79.47,89.1,68.0,10.9,1.5,none,0.0,,0.0,67.5,88.5,False,31.5,0.0,1.0,True,True,-8.4,74.0
orchestra:V:120,orchestra,center_even,V,120,ORC3,180,18.56,6.48,79.22,89.2,68.2,12.0,1.5,none,0.0,,0.0,67.5,88.5,False,31.5,0.0,1.0,True,True,-8.4,74.0
orchestra:V:122,orchestra,center_even,V,122,ORC3,180,20.29,6.48,78.95,89.3,68.4,13.1,1.5,none,0.0,,0.0,67.5,88.5,False,31.5,0.0,1.0,True,True,-8.4,73.9
orchestra:V:1,orchestra,side_odd,V,1,ORC3,180,-27.16,6.48,77.63,89.9,69.5,17.6,1.5,none,0.0,,0.0,67.5,88.5,False,31.5,0.0,0.99,True,True,-8.5,70.4
orchestra:V:3,orchestra,side_odd,V,3,ORC3,180,-28.86,6.48,77.24,90.0,69.9,18.7,1.5,none,0.0,,0.0,67.5,88.5,False,31.5,0.0,0.98,True,True,-8.5,68.7
orchestra:V:5,orchestra,side_odd,V,5,ORC4,110,-30.56,6.48,76.82,90.2,70.2,19.8,1.5,boxes,0.4,8.7,0.05,4.5,83.4,False,31.5,0.0,0.97,True,True,-8.5,63.2
orchestra:V:7,orchestra,side_odd,V,7,ORC4,110,-32.26,6.48,76.39,90.4,70.6,20.9,1.5,boxes,1.0,8.7,0.11,4.5,76.0,False,31.5,0.0,0.96,True,True,-8.5,61.4
orchestra:V:9,orchestra,side_odd,V,9,ORC4,110,-33.95,6.48,75.93,90.6,71.0,22.0,1.5,boxes,1.7,8.8,0.19,4.5,68.1,False,31.5,0.0,0.95,True,True,-8.5,59.6
orchestra:V:11,orchestra,side_odd,V,11,ORC4,110,-35.63,6.48,75.44,90.8,71.4,23.1,1.5,boxes,2.5,8.9,0.28,4.5,59.9,False,31.5,0.0,0.94,True,False,-8.6,57.8
orchestra:V:13,orchestra,side_odd,V,13,ORC4,110,-37.3,6.48,74.93,91.0,71.8,24.2,1.5,boxes,3.4,9.0,0.38,4.5,51.7,False,31.5,0.0,0.93,False,False,-8.6,50.0
orchestra:V:15,orchestra,side_odd,V,15,ORC4,110,-38.97,6.48,74.4,91.2,72.2,25.3,1.5,boxes,4.5,9.0,0.49,4.5,43.8,False,31.5,0.0,0.92,False,False,-8.6,48.2
orchestra:V:17,orchestra,side_odd,V,17,ORC4,110,-40.63,6.48,73.85,91.4,72.7,26.4,1.5,boxes,5.8,9.2,0.63,4.5,36.5,False,31.5,0.0,0.9,False,False,-8.6,45.8
orchestra:V:19,orchestra,side_odd,V,19,ORC4,110,-42.28,6.48,73.27,91.6,73.1,27.5,1.4,boxes,7.5,9.3,0.8,4.5,29.8,False,31.5,0.0,0.89,False,False,-8.6,44.0
orchestra:V:21,orchestra,side_odd,V,21,ORC4,110,-43.93,6.48,72.67,91.9,73.6,28.6,1.4,boxes,9.8,9.4,1.03,4.5,23.4,False,31.5,0.0,0.88,False,False,-8.7,40.2
orchestra:V:23,orchestra,side_odd,V,23,ORC4,110,-45.56,6.48,72.04,92.1,74.1,29.6,1.4,boxes,13.9,9.7,1.44,4.5,16.6,True,26.4,0.0,0.87,False,False,-8.7,15.1
orchestra:V:2,orchestra,side_even,V,2,ORC3,180,27.16,6.48,77.63,89.9,69.5,17.6,1.5,none,0.0,,0.0,67.5,88.5,False,31.5,0.0,0.99,True,True,-8.5,70.4
orchestra:V:4,orchestra,side_even,V,4,ORC3,180,28.86,6.48,77.24,90.0,69.9,18.7,1.5,none,0.0,,0.0,67.5,88.5,False,31.5,0.0,0.98,True,True,-8.5,68.7
orchestra:V:6,orchestra,side_even,V,6,ORC4,110,30.56,6.48,76.82,90.2,70.2,19.8,1.5,boxes,0.4,8.7,0.05,4.5,83.4,False,31.5,0.0,0.97,True,True,-8.5,63.2
orchestra:V:8,orchestra,side_even,V,8,ORC4,110,32.26,6.48,76.39,90.4,70.6,20.9,1.5,boxes,1.0,8.7,0.11,4.5,76.0,False,31.5,0.0,0.96,True,True,-8.5,61.4
orchestra:V:10,orchestra,side_even,V,10,ORC4,110,33.95,6.48,75.93,90.6,71.0,22.0,1.5,boxes,1.7,8.8,0.19,4.5,68.1,False,31.5,0.0,0.95,True,True,-8.5,59.6
orchestra:V:12,orchestra,side_even,V,12,ORC4,110,35.63,6.48,75.44,90.8,71.4,23.1,1.5,boxes,2.5,8.9,0.28,4.5,59.9,False,31.5,0.0,0.94,True,False,-8.6,57.8
orchestra:V:14,orchestra,side_even,V,14,ORC4,110,37.3,6.48,74.93,91.0,71.8,24.2,1.5,boxes,3.4,9.0,0.38,4.5,51.7,False,31.5,0.0,0.93,False,False,-8.6,50.0
orchestra:V:16,orchestra,side_even,V,16,ORC4,110,38.97,6.48,74.4,91.2,72.2,25.3,1.5,boxes,4.5,9.0,0.49,4.5,43.8,False,31.5,0.0,0.92,False,False,-8.6,48.2
orchestra:V:18,orchestra,side_even,V,18,ORC4,110,40.63,6.48,73.85,91.4,72.7,26.4,1.5,boxes,5.8,9.2,0.63,4.5,36.5,False,31.5,0.0,0.9,False,False,-8.6,45.8
orchestra:V:20,orchestra,side_even,V,20,ORC4,110,42.28,6.48,73.27,91.6,73.1,27.5,1.4,boxes,7.5,9.3,0.8,4.5,29.8,False,31.5,0.0,0.89,False,False,-8.6,44.0
orchestra:V:22,orchestra,side_even,V,22,ORC4,110,43.93,6.48,72.67,91.9,73.6,28.6,1.4,boxes,9.8,9.4,1.03,4.5,23.4,False,31.5,0.0,0.88,False,False,-8.7,40.2
orchestra:V:24,orchestra,side_even,V,24,ORC4,110,45.56,6.48,72.04,92.1,74.1,29.6,1.4,boxes,13.9,9.7,1.44,4.5,16.6,True,26.4,0.0,0.87,False,False,-8.7,15.1
orchestra:W:101,orchestra,center_odd,W,101,ORC3,180,-2.87,6.66,83.47,91.5,69.9,1.8,1.3,none,0.0,,0.0,67.3,88.7,False,31.5,0.0,1.0,True,True,-8.6,72.9
orchestra:W:103,orchestra,center_odd,W,103,ORC3,180,-4.62,6.66,83.42,91.6,69.9,2.9,1.3,none,0.0,,0.0,67.3,88.7,False,31.5,0.0,1.0,True,True,-8.6,72.8
orchestra:W:105,orchestra,center_odd,W,105,ORC3,180,-6.37,6.66,83.34,91.6,70.0,4.0,1.3,none,0.0,,0.0,67.3,88.7,False,31.5,0.0,1.0,True,True,-8.6,72.8
orchestra:W:107,orchestra,center_odd,W,107,ORC3,180,-8.12,6.66,83.24,91.6,70.1,5.1,1.3,none,0.0,,0.0,67.3,88.7,False,31.5,0.0,1.0,True,True,-8.6,72.8
orchestra:W:109,orchestra,center_odd,W,109,ORC3,180,-9.87,6.66,83.12,91.7,70.2,6.2,1.3,none,0.0,,0.0,67.3,88.7,False,31.5,0.0,1.0,True,True,-8.7,72.8
orchestra:W:111,orchestra,center_odd,W,111,ORC3,180,-11.61,6.66,82.97,91.7,70.3,7.3,1.3,none,0.0,,0.0,67.3,88.7,False,31.5,0.0,1.0,True,True,-8.7,72.8
orchestra:W:113,orchestra,center_odd,W,113,ORC3,180,-13.35,6.66,82.8,91.8,70.5,8.4,1.3,boxes,0.1,8.3,0.01,4.3,87.4,False,31.5,0.0,1.0,True,True,-8.7,68.5
orchestra:W:115,orchestra,center_odd,W,115,ORC3,180,-15.09,6.66,82.61,91.9,70.6,9.5,1.3,boxes,0.3,8.3,0.03,4.3,85.1,False,31.5,0.0,1.0,True,True,-8.7,68.4
orchestra:W:117,orchestra,center_odd,W,117,ORC3,180,-16.83,6.66,82.39,92.0,70.8,10.5,1.3,boxes,0.5,8.3,0.06,4.3,82.5,False,31.5,0.0,1.0,True,True,-8.7,68.4
orchestra:W:119,orchestra,center_odd,W,119,ORC3,180,-18.56,6.66,82.15,92.1,71.0,11.6,1.3,boxes,0.7,8.4,0.08,4.3,79.5,False,31.5,0.0,1.0,True,True,-8.7,68.3
orchestra:W:121,orchestra,center_odd,W,121,ORC3,180,-20.29,6.66,81.89,92.2,71.2,12.7,1.3,boxes,1.0,8.4,0.11,4.3,76.2,False,31.5,0.0,1.0,True,True,-8.7,68.3
orchestra:W:123,orchestra,center_odd,W,123,ORC3,180,-22.02,6.66,81.6,92.3,71.5,13.8,1.3,boxes,1.3,8.4,0.15,4.3,72.5,False,31.5,0.0,1.0,True,True,-8.7,68.2
orchestra:W:102,orchestra,center_even,W,102,ORC3,180,2.87,6.66,83.47,91.5,69.9,1.8,1.3,none,0.0,,0.0,67.3,88.7,False,31.5,0.0,1.0,True,True,-8.6,72.9
orchestra:W:104,orchestra,center_even,W,104,ORC3,180,4.62,6.66,83.42,91.6,69.9,2.9,1.3,none,0.0,,0.0,67.3,88.7,False,31.5,0.0,1.0,True,True,-8.6,72.8
orchestra:W:106,orchestra,center_even,W,106,ORC3,180,6.37,6.66,83.34,91.6,70.0,4.0,1.3,none,0.0,,0.0,67.3,88.7,False,31.5,0.0,1.0,True,True,-8.6,72.8
orchestra:W:108,orchestra,center_even,W,108,ORC3,180,8.12,6.66,83.24,91.6,70.1,5.1,1.3,none,0.0,,0.0,67.3,88.7,False,31.5,0.0,1.0,True,True,-8.6,72.8
orchestra:W:110,orchestra,center_even,W,110,ORC3,180,9.87,6.66,83.12,91.7,70.2,6.2,1.3,none,0.0,,0.0,67.3,88.7,False,31.5,0.0,1.0,True,True,-8.7,72.8
orchestra:W:112,orchestra,center_even,W,112,ORC3,180,11.61,6.66,82.97,91.7,70.3,7.3,1.3,none,0.0,,0.0,67.3,88.7,False,31.5,0.0,1.0,True,True,-8.7,72.8
orchestra:W:114,orchestra,center_even,W,114,ORC3,180,13.35,6.66,82.8,91.8,70.5,8.4,1.3,boxes,0.1,8.3,0.01,4.3,87.4,False,31.5,0.0,1.0,True,True,-8.7,68.5
orchestra:W:116,orchestra,center_even,W,116,ORC3,180,15.09,6.66,82.61,91.9,70.6,9.5,1.3,boxes,0.3,8.3,0.03,4.3,85.1,False,31.5,0.0,1.0,True,True,-8.7,68.4
orchestra:W:118,orchestra,center_even,W,118,ORC3,180,16.83,6.66,82.39,92.0,70.8,10.5,1.3,boxes,0.5,8.3,0.06,4.3,82.5,False,31.5,0.0,1.0,True,True,-8.7,68.4
orchestra:W:120,orchestra,center_even,W,120,ORC3,180,18.56,6.66,82.15,92.1,71.0,11.6,1.3,boxes,0.7,8.4,0.08,4.3,79.5,False,31.5,0.0,1.0,True,True,-8.7,68.3
orchestra:W:122,orchestra,center_even,W,122,ORC3,180,20.29,6.66,81.89,92.2,71.2,12.7,1.3,boxes,1.0,8.4,0.11,4.3,76.2,False,31.5,0.0,1.0,True,True,-8.7,68.3
orchestra:W:124,orchestra,center_even,W,124,ORC3,180,22.02,6.66,81.6,92.3,71.5,13.8,1.3,boxes,1.3,8.4,0.15,4.3,72.5,False,31.5,0.0,1.0,True,True,-8.7,68.2
orchestra:W:1,orchestra,side_odd,W,1,ORC3,180,-27.17,6.66,80.6,92.7,72.3,17.0,1.3,boxes,2.4,8.6,0.28,4.3,59.9,False,31.5,0.0,0.99,True,False,-8.7,65.5
orchestra:W:3,orchestra,side_odd,W,3,ORC3,180,-28.88,6.66,80.21,92.8,72.6,18.1,1.3,boxes,2.9,8.6,0.33,4.3,55.3,False,31.5,0.0,0.98,True,False,-8.8,63.7
orchestra:W:5,orchestra,side_odd,W,5,ORC4,110,-30.58,6.66,79.81,93.0,72.9,19.2,1.3,boxes,3.4,8.7,0.39,4.3,50.6,False,31.5,0.0,0.97,False,False,-8.8,55.9
orchestra:W:7,orchestra,side_odd,W,7,ORC4,110,-32.28,6.66,79.38,93.2,73.3,20.3,1.3,boxes,4.0,8.7,0.46,4.3,46.0,False,31.5,0.0,0.96,False,False,-8.8,54.1
orchestra:W:9,orchestra,side_odd,W,9,ORC4,110,-33.97,6.66,78.93,93.4,73.6,21.3,1.3,boxes,4.7,8.8,0.53,4.3,41.4,False,31.5,0.0,0.95,False,False,-8.8,52.4
orchestra:W:11,orchestra,side_odd,W,11,ORC4,110,-35.65,6.66,78.46,93.5,74.0,22.4,1.3,boxes,5.5,8.9,0.62,4.3,37.0,False,31.5,0.0,0.94,False,False,-8.8,50.7
orchestra:W:13,orchestra,side_odd,W,13,ORC4,110,-37.33,6.66,77.96,93.7,74.4,23.5,1.3,boxes,6.4,9.0,0.72,4.3,32.7,False,31.5,0.0,0.93,False,False,-8.8,48.9
orchestra:W:15,orchestra,side_odd,W,15,ORC4,110,-39.0,6.66,77.44,93.9,74.8,24.5,1.3,boxes,7.5,9.0,0.83,4.3,28.6,False,31.5,0.0,0.92,False,False,-8.9,47.2
orchestra:W:17,orchestra,side_odd,W,17,ORC4,110,-40.66,6.66,76.9,94.2,75.2,25.6,1.3,boxes,8.9,9.2,0.97,4.3,24.8,False,31.5,0.0,0.91,False,False,-8.9,45.1
orchestra:W:19,orchestra,side_odd,W,19,ORC4,110,-42.32,6.66,76.33,94.4,75.7,26.6,1.3,boxes,10.6,9.3,1.14,4.3,21.0,False,31.5,0.0,0.9,False,False,-8.9,38.8
orchestra:W:21,orchestra,side_odd,W,21,ORC4,110,-43.97,6.66,75.74,94.6,76.1,27.7,1.3,boxes,12.9,9.4,1.37,4.3,17.3,False,31.5,0.0,0.89,False,False,-8.9,32.6
orchestra:W:23,orchestra,side_odd,W,23,ORC4,110,-45.61,6.66,75.13,94.8,76.6,28.7,1.3,boxes,17.2,9.7,1.78,4.3,12.8,True,22.1,0.0,0.87,False,False,-8.9,0.0
orchestra:W:2,orchestra,side_even,W,2,ORC3,180,27.17,6.66,80.6,92.7,72.3,17.0,1.3,boxes,2.4,8.6,0.28,4.3,59.9,False,31.5,0.0,0.99,True,False,-8.7,65.5
orchestra:W:4,orchestra,side_even,W,4,ORC3,180,28.88,6.66,80.21,92.8,72.6,18.1,1.3,boxes,2.9,8.6,0.33,4.3,55.3,False,31.5,0.0,0.98,True,False,-8.8,63.7
orchestra:W:6,orchestra,side_even,W,6,ORC4,110,30.58,6.66,79.81,93.0,72.9,19.2,1.3,boxes,3.4,8.7,0.39,4.3,50.6,False,31.5,0.0,0.97,False,False,-8.8,55.9
orchestra:W:8,orchestra,side_even,W,8,ORC4,110,32.28,6.66,79.38,93.2,73.3,20.3,1.3,boxes,4.0,8.7,0.46,4.3,46.0,False,31.5,0.0,0.96,False,False,-8.8,54.1
orchestra:W:10,orchestra,side_even,W,10,ORC4,110,33.97,6.66,78.93,93.4,73.6,21.3,1.3,boxes,4.7,8.8,0.53,4.3,41.4,False,31.5,0.0,0.95,False,False,-8.8,52.4
orchestra:W:12,orchestra,side_even,W,12,ORC4,110,35.65,6.66,78.46,93.5,74.0,22.4,1.3,boxes,5.5,8.9,0.62,4.3,37.0,False,31.5,0.0,0.94,False,False,-8.8,50.7
orchestra:W:14,orchestra,side_even,W,14,ORC4,110,37.33,6.66,77.96,93.7,74.4,23.5,1.3,boxes,6.4,9.0,0.72,4.3,32.7,False,31.5,0.0,0.93,False,False,-8.8,48.9
orchestra:W:16,orchestra,side_even,W,16,ORC4,110,39.0,6.66,77.44,93.9,74.8,24.5,1.3,boxes,7.5,9.0,0.83,4.3,28.6,False,31.5,0.0,0.92,False,False,-8.9,47.2
orchestra:W:18,orchestra,side_even,W,18,ORC4,110,40.66,6.66,76.9,94.2,75.2,25.6,1.3,boxes,8.9,9.2,0.97,4.3,24.8,False,31.5,0.0,0.91,False,False,-8.9,45.1
orchestra:W:20,orchestra,side_even,W,20,ORC4,110,42.32,6.66,76.33,94.4,75.7,26.6,1.3,boxes,10.6,9.3,1.14,4.3,21.0,False,31.5,0.0,0.9,False,False,-8.9,38.8
orchestra:W:22,orchestra,side_even,W,22,ORC4,110,43.97,6.66,75.74,94.6,76.1,27.7,1.3,boxes,12.9,9.4,1.37,4.3,17.3,False,31.5,0.0,0.89,False,False,-8.9,32.6
orchestra:W:24,orchestra,side_even,W,24,ORC4,110,45.61,6.66,75.13,94.8,76.6,28.7,1.3,boxes,17.2,9.7,1.78,4.3,12.8,True,22.1,0.0,0.87,False,False,-8.9,0.0
orchestra:X:101,orchestra,center_odd,X,101,ORC3,180,-2.87,6.84,86.37,94.4,72.8,1.7,1.2,boxes,2.4,8.2,0.3,4.2,58.5,False,31.5,0.0,1.0,True,False,-8.9,67.0
orchestra:X:103,orchestra,center_odd,X,103,ORC3,180,-4.62,6.84,86.32,94.5,72.8,2.8,1.2,boxes,2.5,8.2,0.3,4.2,58.1,False,31.5,0.0,1.0,True,False,-8.9,66.9
orchestra:X:105,orchestra,center_odd,X,105,ORC3,180,-6.37,6.84,86.25,94.5,72.9,3.9,1.2,boxes,2.5,8.2,0.31,4.2,57.4,False,31.5,0.0,1.0,True,False,-8.9,66.9
orchestra:X:107,orchestra,center_odd,X,107,ORC3,180,-8.12,6.84,86.15,94.5,73.0,4.9,1.2,boxes,2.6,8.2,0.32,4.2,56.6,False,31.5,0.0,1.0,True,False,-8.9,66.9
orchestra:X:109,orchestra,center_odd,X,109,ORC3,180,-9.87,6.84,86.03,94.6,73.1,6.0,1.2,boxes,2.7,8.3,0.33,4.2,55.5,False,31.5,0.0,1.0,True,False,-8.9,66.9
orchestra:X:111,orchestra,center_odd,X,111,ORC3,180,-11.61,6.84,85.89,94.6,73.2,7.0,1.2,boxes,2.9,8.3,0.35,4.2,54.3,False,31.5,0.0,1.0,True,False,-8.9,66.9
orchestra:X:113,orchestra,center_odd,X,113,ORC3,180,-13.35,6.84,85.72,94.7,73.3,8.1,1.2,boxes,3.0,8.3,0.36,4.2,52.9,False,31.5,0.0,1.0,False,False,-8.9,60.8
orchestra:X:115,orchestra,center_odd,X,115,ORC3,180,-15.09,6.84,85.53,94.8,73.5,9.2,1.2,boxes,3.2,8.3,0.38,4.2,51.3,False,31.5,0.0,1.0,False,False,-8.9,60.8
orchestra:X:117,orchestra,center_odd,X,117,ORC3,180,-16.83,6.84,85.32,94.8,73.6,10.2,1.2,boxes,3.4,8.3,0.41,4.2,49.5,False,31.5,0.0,1.0,False,False,-8.9,60.8
orchestra:X:119,orchestra,center_odd,X,119,ORC3,180,-18.56,6.84,85.08,94.9,73.8,11.3,1.2,boxes,3.6,8.4,0.43,4.2,47.7,False,31.5,0.0,1.0,False,False,-9.0,60.7
orchestra:X:121,orchestra,center_odd,X,121,ORC3,180,-20.29,6.84,84.82,95.0,74.0,12.3,1.2,boxes,3.9,8.4,0.46,4.2,45.6,False,31.5,0.0,1.0,False,False,-9.0,60.7
orchestra:X:102,orchestra,center_even,X,102,ORC3,180,2.87,6.84,86.37,94.4,72.8,1.7,1.2,boxes,2.4,8.2,0.3,4.2,58.5,False,31.5,0.0,1.0,True,False,-8.9,67.0
orchestra:X:104,orchestra,center_even,X,104,ORC3,180,4.62,6.84,86.32,94.5,72.8,2.8,1.2,boxes,2.5,8.2,0.3,4.2,58.1,False,31.5,0.0,1.0,True,False,-8.9,66.9
orchestra:X:106,orchestra,center_even,X,106,ORC3,180,6.37,6.84,86.25,94.5,72.9,3.9,1.2,boxes,2.5,8.2,0.31,4.2,57.4,False,31.5,0.0,1.0,True,False,-8.9,66.9
orchestra:X:108,orchestra,center_even,X,108,ORC3,180,8.12,6.84,86.15,94.5,73.0,4.9,1.2,boxes,2.6,8.2,0.32,4.2,56.6,False,31.5,0.0,1.0,True,False,-8.9,66.9
orchestra:X:110,orchestra,center_even,X,110,ORC3,180,9.87,6.84,86.03,94.6,73.1,6.0,1.2,boxes,2.7,8.3,0.33,4.2,55.5,False,31.5,0.0,1.0,True,False,-8.9,66.9
orchestra:X:112,orchestra,center_even,X,112,ORC3,180,11.61,6.84,85.89,94.6,73.2,7.0,1.2,boxes,2.9,8.3,0.35,4.2,54.3,False,31.5,0.0,1.0,True,False,-8.9,66.9
orchestra:X:114,orchestra,center_even,X,114,ORC3,180,13.35,6.84,85.72,94.7,73.3,8.1,1.2,boxes,3.0,8.3,0.36,4.2,52.9,False,31.5,0.0,1.0,False,False,-8.9,60.8
orchestra:X:116,orchestra,center_even,X,116,ORC3,180,15.09,6.84,85.53,94.8,73.5,9.2,1.2,boxes,3.2,8.3,0.38,4.2,51.3,False,31.5,0.0,1.0,False,False,-8.9,60.8
orchestra:X:118,orchestra,center_even,X,118,ORC3,180,16.83,6.84,85.32,94.8,73.6,10.2,1.2,boxes,3.4,8.3,0.41,4.2,49.5,False,31.5,0.0,1.0,False,False,-8.9,60.8
orchestra:X:120,orchestra,center_even,X,120,ORC3,180,18.56,6.84,85.08,94.9,73.8,11.3,1.2,boxes,3.6,8.4,0.43,4.2,47.7,False,31.5,0.0,1.0,False,False,-9.0,60.7
orchestra:X:122,orchestra,center_even,X,122,ORC3,180,20.29,6.84,84.82,95.0,74.0,12.3,1.2,boxes,3.9,8.4,0.46,4.2,45.6,False,31.5,0.0,1.0,False,False,-9.0,60.7
orchestra:X:1,orchestra,side_odd,X,1,ORC3,180,-27.18,6.84,83.56,95.5,75.0,16.5,1.2,boxes,5.4,8.6,0.63,4.2,36.6,False,31.5,0.0,0.99,False,False,-9.0,58.4
orchestra:X:3,orchestra,side_odd,X,3,ORC3,180,-28.89,6.84,83.19,95.7,75.3,17.6,1.2,boxes,5.8,8.6,0.68,4.2,34.3,False,31.5,0.0,0.98,False,False,-9.0,56.6
orchestra:X:5,orchestra,side_odd,X,5,ORC4,110,-30.59,6.84,82.79,95.8,75.6,18.6,1.2,boxes,6.4,8.7,0.74,4.2,31.9,False,31.5,0.0,0.97,False,False,-9.0,54.9
orchestra:X:7,orchestra,side_odd,X,7,ORC4,110,-32.29,6.84,82.37,96.0,76.0,19.7,1.2,boxes,7.0,8.7,0.8,4.2,29.5,False,31.5,0.0,0.96,False,False,-9.1,53.1
orchestra:X:9,orchestra,side_odd,X,9,ORC4,110,-33.98,6.84,81.93,96.2,76.3,20.7,1.2,boxes,7.7,8.8,0.88,4.2,27.1,False,31.5,0.0,0.95,False,False,-9.1,51.4
orchestra:X:11,orchestra,side_odd,X,11,ORC4,110,-35.67,6.84,81.47,96.3,76.7,21.7,1.2,boxes,8.5,8.9,0.96,4.2,24.8,False,31.5,0.0,0.94,False,False,-9.1,49.5
orchestra:X:13,orchestra,side_odd,X,13,ORC4,110,-37.35,6.84,80.98,96.5,77.0,22.8,1.2,boxes,9.5,9.0,1.06,4.2,22.5,False,31.5,0.0,0.93,False,False,-9.1,45.0
orchestra:X:15,orchestra,side_odd,X,15,ORC4,110,-39.03,6.84,80.47,96.7,77.4,23.8,1.2,boxes,10.6,9.1,1.17,4.2,20.2,False,31.5,0.0,0.92,False,False,-9.1,40.5
orchestra:X:17,orchestra,side_odd,X,17,ORC4,110,-40.69,6.84,79.94,96.9,77.8,24.8,1.2,boxes,12.0,9.2,1.31,4.2,18.0,False,31.5,0.0,0.91,False,False,-9.1,36.2
orchestra:X:19,orchestra,side_odd,X,19,ORC4,110,-42.35,6.84,79.39,97.1,78.3,25.9,1.2,boxes,13.7,9.3,1.47,4.2,15.7,True,27.5,0.0,0.9,False,False,-9.2,19.6
orchestra:X:21,orchestra,side_odd,X,21,ORC4,110,-44.01,6.84,78.81,97.3,78.7,26.9,1.2,boxes,16.1,9.4,1.7,4.2,13.3,True,23.7,0.0,0.89,False,False,-9.2,3.7
orchestra:X:23,orchestra,side_odd,X,23,ORC4,110,-45.65,6.84,78.21,97.6,79.1,27.9,1.1,boxes,20.5,9.7,2.11,4.2,10.3,True,19.2,0.0,0.88,False,False,-9.2,0.0
orchestra:X:2,orchestra,side_even,X,2,ORC3,180,27.18,6.84,83.56,95.5,75.0,16.5,1.2,boxes,5.4,8.6,0.63,4.2,36.6,False,31.5,0.0,0.99,False,False,-9.0,58.4
orchestra:X:4,orchestra,side_even,X,4,ORC3,180,28.89,6.84,83.19,95.7,75.3,17.6,1.2,boxes,5.8,8.6,0.68,4.2,34.3,False,31.5,0.0,0.98,False,False,-9.0,56.6
orchestra:X:6,orchestra,side_even,X,6,ORC4,110,30.59,6.84,82.79,95.8,75.6,18.6,1.2,boxes,6.4,8.7,0.74,4.2,31.9,False,31.5,0.0,0.97,False,False,-9.0,54.9
orchestra:X:8,orchestra,side_even,X,8,ORC4,110,32.29,6.84,82.37,96.0,76.0,19.7,1.2,boxes,7.0,8.7,0.8,4.2,29.5,False,31.5,0.0,0.96,False,False,-9.1,53.1
orchestra:X:10,orchestra,side_even,X,10,ORC4,110,33.98,6.84,81.93,96.2,76.3,20.7,1.2,boxes,7.7,8.8,0.88,4.2,27.1,False,31.5,0.0,0.95,False,False,-9.1,51.4
orchestra:X:12,orchestra,side_even,X,12,ORC4,110,35.67,6.84,81.47,96.3,76.7,21.7,1.2,boxes,8.5,8.9,0.96,4.2,24.8,False,31.5,0.0,0.94,False,False,-9.1,49.5
orchestra:X:14,orchestra,side_even,X,14,ORC4,110,37.35,6.84,80.98,96.5,77.0,22.8,1.2,boxes,9.5,9.0,1.06,4.2,22.5,False,31.5,0.0,0.93,False,False,-9.1,45.0
orchestra:X:16,orchestra,side_even,X,16,ORC4,110,39.03,6.84,80.47,96.7,77.4,23.8,1.2,boxes,10.6,9.1,1.17,4.2,20.2,False,31.5,0.0,0.92,False,False,-9.1,40.5
orchestra:X:18,orchestra,side_even,X,18,ORC4,110,40.69,6.84,79.94,96.9,77.8,24.8,1.2,boxes,12.0,9.2,1.31,4.2,18.0,False,31.5,0.0,0.91,False,False,-9.1,36.2
orchestra:X:20,orchestra,side_even,X,20,ORC4,110,42.35,6.84,79.39,97.1,78.3,25.9,1.2,boxes,13.7,9.3,1.47,4.2,15.7,True,27.5,0.0,0.9,False,False,-9.2,19.6
orchestra:X:22,orchestra,side_even,X,22,ORC4,110,44.01,6.84,78.81,97.3,78.7,26.9,1.2,boxes,16.1,9.4,1.7,4.2,13.3,True,23.7,0.0,0.89,False,False,-9.2,3.7
orchestra:X:24,orchestra,side_even,X,24,ORC4,110,45.65,6.84,78.21,97.6,79.1,27.9,1.1,boxes,20.5,9.7,2.11,4.2,10.3,True,19.2,0.0,0.88,False,False,-9.2,0.0
orchestra:Y:101,orchestra,center_odd,Y,101,ORC3,180,-2.87,7.03,89.27,97.3,75.7,1.7,1.0,boxes,5.3,8.2,0.65,4.0,35.7,False,31.5,0.0,1.0,False,False,-9.2,59.1
orchestra:Y:103,orchestra,center_odd,Y,103,ORC3,180,-4.62,7.03,89.22,97.3,75.7,2.7,1.0,boxes,5.4,8.2,0.65,4.0,35.5,False,31.5,0.0,1.0,False,False,-9.2,59.1
orchestra:Y:105,orchestra,center_odd,Y,105,ORC3,180,-6.37,7.03,89.15,97.4,75.8,3.8,1.0,boxes,5.4,8.2,0.66,4.0,35.2,False,31.5,0.0,1.0,False,False,-9.2,59.0
orchestra:Y:107,orchestra,center_odd,Y,107,ORC3,180,-8.12,7.03,89.05,97.4,75.9,4.8,1.0,boxes,5.5,8.2,0.67,4.0,34.7,False,31.5,0.0,1.0,False,False,-9.2,59.0
orchestra:Y:109,orchestra,center_odd,Y,109,ORC3,180,-9.87,7.03,88.94,97.5,76.0,5.8,1.0,boxes,5.6,8.3,0.68,4.0,34.2,False,31.5,0.0,1.0,False,False,-9.2,59.0
orchestra:Y:111,orchestra,center_odd,Y,111,ORC3,180,-11.61,7.03,88.8,97.5,76.1,6.8,1.0,boxes,5.8,8.3,0.7,4.0,33.6,False,31.5,0.0,1.0,False,False,-9.2,59.0
orchestra:Y:113,orchestra,center_odd,Y,113,ORC3,180,-13.35,7.03,88.63,97.6,76.2,7.9,1.0,boxes,5.9,8.3,0.72,4.0,32.8,False,31.5,0.0,1.0,False,False,-9.2,59.0
orchestra:Y:115,orchestra,center_odd,Y,115,ORC3,180,-15.09,7.03,88.45,97.6,76.3,8.9,1.0,boxes,6.1,8.3,0.74,4.0,32.0,False,31.5,0.0,1.0,False,False,-9.2,59.0
orchestra:Y:117,orchestra,center_odd,Y,117,ORC3,180,-16.83,7.03,88.24,97.7,76.5,9.9,1.0,boxes,6.3,8.3,0.76,4.0,31.2,False,31.5,0.0,1.0,False,False,-9.2,58.9
orchestra:Y:119,orchestra,center_odd,Y,119,ORC3,180,-18.57,7.03,88.01,97.8,76.7,10.9,1.0,boxes,6.6,8.4,0.78,4.0,30.2,False,31.5,0.0,1.0,False,False,-9.2,58.9
orchestra:Y:121,orchestra,center_odd,Y,121,ORC3,180,-20.3,7.03,87.76,97.9,76.9,12.0,1.0,boxes,6.8,8.4,0.81,4.0,29.2,False,31.5,0.0,1.0,False,False,-9.2,58.8
orchestra:Y:123,orchestra,center_odd,Y,123,ORC3,180,-22.03,7.03,87.48,98.0,77.1,13.0,1.0,boxes,7.1,8.4,0.85,4.0,28.1,False,31.5,0.0,1.0,False,False,-9.2,58.8
orchestra:Y:102,orchestra,center_even,Y,102,ORC3,180,2.87,7.03,89.27,97.3,75.7,1.7,1.0,boxes,5.3,8.2,0.65,4.0,35.7,False,31.5,0.0,1.0,False,False,-9.2,59.1
orchestra:Y:104,orchestra,center_even,Y,104,ORC3,180,4.62,7.03,89.22,97.3,75.7,2.7,1.0,boxes,5.4,8.2,0.65,4.0,35.5,False,31.5,0.0,1.0,False,False,-9.2,59.1
orchestra:Y:106,orchestra,center_even,Y,106,ORC3,180,6.37,7.03,89.15,97.4,75.8,3.8,1.0,boxes,5.4,8.2,0.66,4.0,35.2,False,31.5,0.0,1.0,False,False,-9.2,59.0
orchestra:Y:108,orchestra,center_even,Y,108,ORC3,180,8.12,7.03,89.05,97.4,75.9,4.8,1.0,boxes,5.5,8.2,0.67,4.0,34.7,False,31.5,0.0,1.0,False,False,-9.2,59.0
orchestra:Y:110,orchestra,center_even,Y,110,ORC3,180,9.87,7.03,88.94,97.5,76.0,5.8,1.0,boxes,5.6,8.3,0.68,4.0,34.2,False,31.5,0.0,1.0,False,False,-9.2,59.0
orchestra:Y:112,orchestra,center_even,Y,112,ORC3,180,11.61,7.03,88.8,97.5,76.1,6.8,1.0,boxes,5.8,8.3,0.7,4.0,33.6,False,31.5,0.0,1.0,False,False,-9.2,59.0
orchestra:Y:114,orchestra,center_even,Y,114,ORC3,180,13.35,7.03,88.63,97.6,76.2,7.9,1.0,boxes,5.9,8.3,0.72,4.0,32.8,False,31.5,0.0,1.0,False,False,-9.2,59.0
orchestra:Y:116,orchestra,center_even,Y,116,ORC3,180,15.09,7.03,88.45,97.6,76.3,8.9,1.0,boxes,6.1,8.3,0.74,4.0,32.0,False,31.5,0.0,1.0,False,False,-9.2,59.0
orchestra:Y:118,orchestra,center_even,Y,118,ORC3,180,16.83,7.03,88.24,97.7,76.5,9.9,1.0,boxes,6.3,8.3,0.76,4.0,31.2,False,31.5,0.0,1.0,False,False,-9.2,58.9
orchestra:Y:120,orchestra,center_even,Y,120,ORC3,180,18.57,7.03,88.01,97.8,76.7,10.9,1.0,boxes,6.6,8.4,0.78,4.0,30.2,False,31.5,0.0,1.0,False,False,-9.2,58.9
orchestra:Y:122,orchestra,center_even,Y,122,ORC3,180,20.3,7.03,87.76,97.9,76.9,12.0,1.0,boxes,6.8,8.4,0.81,4.0,29.2,False,31.5,0.0,1.0,False,False,-9.2,58.8
orchestra:Y:124,orchestra,center_even,Y,124,ORC3,180,22.03,7.03,87.48,98.0,77.1,13.0,1.0,boxes,7.1,8.4,0.85,4.0,28.1,False,31.5,0.0,1.0,False,False,-9.2,58.8
orchestra:Y:1,orchestra,side_odd,Y,1,ORC3,180,-27.19,7.03,86.52,98.4,77.8,16.0,1.0,boxes,8.3,8.6,0.97,4.0,24.5,False,31.5,0.0,0.99,False,False,-9.3,56.4
orchestra:Y:3,orchestra,side_odd,Y,3,ORC3,180,-28.9,7.03,86.15,98.5,78.1,17.1,1.0,boxes,8.8,8.6,1.02,4.0,23.3,False,31.5,0.0,0.98,False,False,-9.3,53.2
orchestra:Y:5,orchestra,side_odd,Y,5,ORC4,110,-30.6,7.03,85.77,98.7,78.4,18.1,1.0,boxes,9.4,8.7,1.08,4.0,22.0,False,31.5,0.0,0.97,False,False,-9.3,49.9
orchestra:Y:7,orchestra,side_odd,Y,7,ORC4,110,-32.31,7.03,85.36,98.8,78.7,19.1,1.0,boxes,10.0,8.7,1.15,4.0,20.7,False,31.5,0.0,0.96,False,False,-9.3,46.7
orchestra:Y:9,orchestra,side_odd,Y,9,ORC4,110,-34.0,7.03,84.92,99.0,79.0,20.1,1.0,boxes,10.7,8.8,1.22,4.0,19.3,False,31.5,0.0,0.95,False,False,-9.3,43.3
orchestra:Y:11,orchestra,side_odd,Y,11,ORC4,110,-35.69,7.03,84.47,99.1,79.4,21.1,1.0,boxes,11.5,8.9,1.3,4.0,18.0,False,31.5,0.0,0.94,False,False,-9.3,40.1
orchestra:Y:13,orchestra,side_odd,Y,13,ORC4,110,-37.37,7.03,83.99,99.3,79.7,22.1,1.0,boxes,12.5,9.0,1.4,4.0,16.6,False,31.5,0.0,0.93,False,False,-9.3,36.8
orchestra:Y:15,orchestra,side_odd,Y,15,ORC4,110,-39.05,7.03,83.5,99.5,80.1,23.1,1.0,boxes,13.6,9.1,1.51,4.0,15.2,True,27.8,0.0,0.92,False,False,-9.4,22.3
orchestra:Y:17,orchestra,side_odd,Y,17,ORC4,110,-40.72,7.03,82.98,99.7,80.5,24.1,1.0,boxes,15.0,9.2,1.64,4.0,13.8,True,25.5,0.0,0.91,False,False,-9.4,12.0
orchestra:Y:19,orchestra,side_odd,Y,19,ORC4,110,-42.39,7.03,82.44,99.9,80.9,25.1,1.0,boxes,16.8,9.3,1.81,4.0,12.3,True,23.0,0.0,0.9,False,False,-9.4,1.0
orchestra:Y:21,orchestra,side_odd,Y,21,ORC4,110,-44.04,7.03,81.87,100.1,81.3,26.1,1.0,boxes,19.2,9.5,2.03,4.0,10.7,True,20.5,0.0,0.89,False,False,-9.4,0.0
orchestra:Y:23,orchestra,side_odd,Y,23,ORC4,110,-45.69,7.03,81.29,100.3,81.7,27.1,1.0,boxes,23.8,9.7,2.45,4.0,8.5,True,17.1,0.0,0.88,False,False,-9.4,0.0
orchestra:Y:2,orchestra,side_even,Y,2,ORC3,180,27.19,7.03,86.52,98.4,77.8,16.0,1.0,boxes,8.3,8.6,0.97,4.0,24.5,False,31.5,0.0,0.99,False,False,-9.3,56.4
orchestra:Y:4,orchestra,side_even,Y,4,ORC3,180,28.9,7.03,86.15,98.5,78.1,17.1,1.0,boxes,8.8,8.6,1.02,4.0,23.3,False,31.5,0.0,0.98,False,False,-9.3,53.2
orchestra:Y:6,orchestra,side_even,Y,6,ORC4,110,30.6,7.03,85.77,98.7,78.4,18.1,1.0,boxes,9.4,8.7,1.08,4.0,22.0,False,31.5,0.0,0.97,False,False,-9.3,49.9
orchestra:Y:8,orchestra,side_even,Y,8,ORC4,110,32.31,7.03,85.36,98.8,78.7,19.1,1.0,boxes,10.0,8.7,1.15,4.0,20.7,False,31.5,0.0,0.96,False,False,-9.3,46.7
orchestra:Y:10,orchestra,side_even,Y,10,ORC4,110,34.0,7.03,84.92,99.0,79.0,20.1,1.0,boxes,10.7,8.8,1.22,4.0,19.3,False,31.5,0.0,0.95,False,False,-9.3,43.3
orchestra:Y:12,orchestra,side_even,Y,12,ORC4,110,35.69,7.03,84.47,99.1,79.4,21.1,1.0,boxes,11.5,8.9,1.3,4.0,18.0,False,31.5,0.0,0.94,False,False,-9.3,40.1
orchestra:Y:14,orchestra,side_even,Y,14,ORC4,110,37.37,7.03,83.99,99.3,79.7,22.1,1.0,boxes,12.5,9.0,1.4,4.0,16.6,False,31.5,0.0,0.93,False,False,-9.3,36.8
orchestra:Y:16,orchestra,side_even,Y,16,ORC4,110,39.05,7.03,83.5,99.5,80.1,23.1,1.0,boxes,13.6,9.1,1.51,4.0,15.2,True,27.8,0.0,0.92,False,False,-9.4,22.3
orchestra:Y:18,orchestra,side_even,Y,18,ORC4,110,40.72,7.03,82.98,99.7,80.5,24.1,1.0,boxes,15.0,9.2,1.64,4.0,13.8,True,25.5,0.0,0.91,False,False,-9.4,12.0
orchestra:Y:20,orchestra,side_even,Y,20,ORC4,110,42.39,7.03,82.44,99.9,80.9,25.1,1.0,boxes,16.8,9.3,1.81,4.0,12.3,True,23.0,0.0,0.9,False,False,-9.4,1.0
orchestra:Y:22,orchestra,side_even,Y,22,ORC4,110,44.04,7.03,81.87,100.1,81.3,26.1,1.0,boxes,19.2,9.5,2.03,4.0,10.7,True,20.5,0.0,0.89,False,False,-9.4,0.0
orchestra:Y:24,orchestra,side_even,Y,24,ORC4,110,45.69,7.03,81.29,100.3,81.7,27.1,1.0,boxes,23.8,9.7,2.45,4.0,8.5,True,17.1,0.0,0.88,False,False,-9.4,0.0
orchestra:Z:101,orchestra,center_odd,Z,101,ORC3,180,-2.87,7.21,92.17,100.2,78.6,1.6,0.9,boxes,8.2,8.2,1.0,3.8,23.8,False,31.5,0.0,1.0,False,False,-9.4,55.8
orchestra:Z:103,orchestra,center_odd,Z,103,ORC3,180,-4.62,7.21,92.12,100.2,78.6,2.6,0.9,boxes,8.3,8.2,1.01,3.8,23.7,False,31.5,0.0,1.0,False,False,-9.4,55.6
orchestra:Z:105,orchestra,center_odd,Z,105,ORC3,180,-6.37,7.21,92.05,100.3,78.7,3.6,0.9,boxes,8.3,8.2,1.01,3.8,23.5,False,31.5,0.0,1.0,False,False,-9.4,55.4
orchestra:Z:107,orchestra,center_odd,Z,107,ORC3,180,-8.12,7.21,91.96,100.3,78.8,4.6,0.9,boxes,8.4,8.2,1.02,3.8,23.3,False,31.5,0.0,1.0,False,False,-9.4,55.1
orchestra:Z:109,orchestra,center_odd,Z,109,ORC3,180,-9.87,7.21,91.84,100.3,78.8,5.6,0.9,boxes,8.5,8.3,1.04,3.8,23.0,False,31.5,0.0,1.0,False,False,-9.4,54.8
orchestra:Z:111,orchestra,center_odd,Z,111,ORC3,180,-11.61,7.21,91.71,100.4,78.9,6.6,0.9,boxes,8.7,8.3,1.05,3.8,22.7,False,31.5,0.0,1.0,False,False,-9.4,54.3
orchestra:Z:113,orchestra,center_odd,Z,113,ORC3,180,-13.35,7.21,91.55,100.5,79.1,7.6,0.9,boxes,8.8,8.3,1.07,3.8,22.3,False,31.5,0.0,1.0,False,False,-9.5,53.8
orchestra:Z:115,orchestra,center_odd,Z,115,ORC3,180,-15.09,7.21,91.37,100.5,79.2,8.6,0.9,boxes,9.0,8.3,1.09,3.8,21.9,False,31.5,0.0,1.0,False,False,-9.5,53.3
orchestra:Z:117,orchestra,center_odd,Z,117,ORC3,180,-16.83,7.21,91.16,100.6,79.4,9.6,0.9,boxes,9.2,8.3,1.11,3.8,21.4,False,31.5,0.0,1.0,False,False,-9.5,52.7
orchestra:Z:119,orchestra,center_odd,Z,119,ORC3,180,-18.57,7.21,90.94,100.7,79.5,10.6,0.9,boxes,9.5,8.4,1.13,3.8,20.9,False,31.5,0.0,1.0,False,False,-9.5,52.0
orchestra:Z:121,orchestra,center_odd,Z,121,ORC3,180,-20.3,7.21,90.69,100.8,79.7,11.6,0.9,boxes,9.8,8.4,1.16,3.8,20.3,False,31.5,0.0,1.0,False,False,-9.5,51.3
orchestra:Z:102,orchestra,center_even,Z,102,ORC3,180,2.87,7.21,92.17,100.2,78.6,1.6,0.9,boxes,8.2,8.2,1.0,3.8,23.8,False,31.5,0.0,1.0,False,False,-9.4,55.8
orchestra:Z:104,orchestra,center_even,Z,104,ORC3,180,4.62,7.21,92.12,100.2,78.6,2.6,0.9,boxes,8.3,8.2,1.01,3.8,23.7,False,31.5,0.0,1.0,False,False,-9.4,55.6
orchestra:Z:106,orchestra,center_even,Z,106,ORC3,180,6.37,7.21,92.05,100.3,78.7,3.6,0.9,boxes,8.3,8.2,1.01,3.8,23.5,False,31.5,0.0,1.0,False,False,-9.4,55.4
orchestra:Z:108,orchestra,center_even,Z,108,ORC3,180,8.12,7.21,91.96,100.3,78.8,4.6,0.9,boxes,8.4,8.2,1.02,3.8,23.3,False,31.5,0.0,1.0,False,False,-9.4,55.1
orchestra:Z:110,orchestra,center_even,Z,110,ORC3,180,9.87,7.21,91.84,100.3,78.8,5.6,0.9,boxes,8.5,8.3,1.04,3.8,23.0,False,31.5,0.0,1.0,False,False,-9.4,54.8
orchestra:Z:112,orchestra,center_even,Z,112,ORC3,180,11.61,7.21,91.71,100.4,78.9,6.6,0.9,boxes,8.7,8.3,1.05,3.8,22.7,False,31.5,0.0,1.0,False,False,-9.4,54.3
orchestra:Z:114,orchestra,center_even,Z,114,ORC3,180,13.35,7.21,91.55,100.5,79.1,7.6,0.9,boxes,8.8,8.3,1.07,3.8,22.3,False,31.5,0.0,1.0,False,False,-9.5,53.8
orchestra:Z:116,orchestra,center_even,Z,116,ORC3,180,15.09,7.21,91.37,100.5,79.2,8.6,0.9,boxes,9.0,8.3,1.09,3.8,21.9,False,31.5,0.0,1.0,False,False,-9.5,53.3
orchestra:Z:118,orchestra,center_even,Z,118,ORC3,180,16.83,7.21,91.16,100.6,79.4,9.6,0.9,boxes,9.2,8.3,1.11,3.8,21.4,False,31.5,0.0,1.0,False,False,-9.5,52.7
orchestra:Z:120,orchestra,center_even,Z,120,ORC3,180,18.57,7.21,90.94,100.7,79.5,10.6,0.9,boxes,9.5,8.4,1.13,3.8,20.9,False,31.5,0.0,1.0,False,False,-9.5,52.0
orchestra:Z:122,orchestra,center_even,Z,122,ORC3,180,20.3,7.21,90.69,100.8,79.7,11.6,0.9,boxes,9.8,8.4,1.16,3.8,20.3,False,31.5,0.0,1.0,False,False,-9.5,51.3
orchestra:Z:1,orchestra,side_odd,Z,1,ORC3,180,-27.19,7.21,89.48,101.2,80.6,15.6,0.9,boxes,11.3,8.6,1.32,3.8,17.7,False,31.5,0.0,0.99,False,False,-9.5,46.8
orchestra:Z:3,orchestra,side_odd,Z,3,ORC3,180,-28.91,7.21,89.12,101.3,80.9,16.6,0.9,boxes,11.8,8.6,1.37,3.8,16.9,False,31.5,0.0,0.98,False,False,-9.5,44.2
orchestra:Z:5,orchestra,side_odd,Z,5,ORC4,110,-30.62,7.21,88.74,101.5,81.1,17.6,0.9,boxes,12.3,8.7,1.42,3.8,16.2,False,31.5,0.0,0.97,False,False,-9.5,41.6
orchestra:Z:7,orchestra,side_odd,Z,7,ORC4,110,-32.32,7.21,88.34,101.6,81.4,18.5,0.9,boxes,13.0,8.7,1.49,3.8,15.4,True,29.5,0.0,0.97,False,False,-9.5,33.7
orchestra:Z:9,orchestra,side_odd,Z,9,ORC4,110,-34.02,7.21,87.92,101.8,81.7,19.5,0.9,boxes,13.7,8.8,1.56,3.8,14.5,True,28.0,0.0,0.96,False,False,-9.6,26.4
orchestra:Z:11,orchestra,side_odd,Z,11,ORC4,110,-35.71,7.21,87.47,101.9,82.1,20.5,0.9,boxes,14.6,8.9,1.64,3.8,13.7,True,26.5,0.0,0.95,False,False,-9.6,19.3
orchestra:Z:13,orchestra,side_odd,Z,13,ORC4,110,-37.4,7.21,87.01,102.1,82.4,21.5,0.9,boxes,15.5,9.0,1.73,3.8,12.8,True,24.9,0.0,0.94,False,False,-9.6,11.8
orchestra:Z:15,orchestra,side_odd,Z,15,ORC4,110,-39.08,7.21,86.52,102.3,82.7,22.5,0.9,boxes,16.7,9.1,1.84,3.8,11.9,True,23.4,0.0,0.93,False,False,-9.6,4.5
orchestra:Z:17,orchestra,side_odd,Z,17,ORC4,110,-40.75,7.21,86.01,102.5,83.1,23.4,0.9,boxes,18.1,9.2,1.97,3.8,10.9,True,21.7,0.0,0.92,False,False,-9.6,0.0
orchestra:Z:19,orchestra,side_odd,Z,19,ORC4,110,-42.42,7.21,85.48,102.7,83.5,24.4,0.9,boxes,19.9,9.3,2.14,3.8,9.9,True,20.0,0.0,0.91,False,False,-9.6,0.0
orchestra:Z:21,orchestra,side_odd,Z,21,ORC4,110,-44.08,7.21,84.93,102.9,83.9,25.4,0.9,boxes,22.3,9.5,2.36,3.8,8.7,True,18.1,0.0,0.9,False,False,-9.7,0.0
orchestra:Z:23,orchestra,side_odd,Z,23,ORC4,110,-45.73,7.21,84.35,103.1,84.3,26.3,0.9,boxes,27.1,9.7,2.79,3.8,7.1,True,15.5,0.0,0.89,False,False,-9.7,0.0
orchestra:Z:2,orchestra,side_even,Z,2,ORC3,180,27.19,7.21,89.48,101.2,80.6,15.6,0.9,boxes,11.3,8.6,1.32,3.8,17.7,False,31.5,0.0,0.99,False,False,-9.5,46.8
orchestra:Z:4,orchestra,side_even,Z,4,ORC3,180,28.91,7.21,89.12,101.3,80.9,16.6,0.9,boxes,11.8,8.6,1.37,3.8,16.9,False,31.5,0.0,0.98,False,False,-9.5,44.2
orchestra:Z:6,orchestra,side_even,Z,6,ORC4,110,30.62,7.21,88.74,101.5,81.1,17.6,0.9,boxes,12.3,8.7,1.42,3.8,16.2,False,31.5,0.0,0.97,False,False,-9.5,41.6
orchestra:Z:8,orchestra,side_even,Z,8,ORC4,110,32.32,7.21,88.34,101.6,81.4,18.5,0.9,boxes,13.0,8.7,1.49,3.8,15.4,True,29.5,0.0,0.97,False,False,-9.5,33.7
orchestra:Z:10,orchestra,side_even,Z,10,ORC4,110,34.02,7.21,87.92,101.8,81.7,19.5,0.9,boxes,13.7,8.8,1.56,3.8,14.5,True,28.0,0.0,0.96,False,False,-9.6,26.4
orchestra:Z:12,orchestra,side_even,Z,12,ORC4,110,35.71,7.21,87.47,101.9,82.1,20.5,0.9,boxes,14.6,8.9,1.64,3.8,13.7,True,26.5,0.0,0.95,False,False,-9.6,19.3
orchestra:Z:14,orchestra,side_even,Z,14,ORC4,110,37.4,7.21,87.01,102.1,82.4,21.5,0.9,boxes,15.5,9.0,1.73,3.8,12.8,True,24.9,0.0,0.94,False,False,-9.6,11.8
orchestra:Z:16,orchestra,side_even,Z,16,ORC4,110,39.08,7.21,86.52,102.3,82.7,22.5,0.9,boxes,16.7,9.1,1.84,3.8,11.9,True,23.4,0.0,0.93,False,False,-9.6,4.5
orchestra:Z:18,orchestra,side_even,Z,18,ORC4,110,40.75,7.21,86.01,102.5,83.1,23.4,0.9,boxes,18.1,9.2,1.97,3.8,10.9,True,21.7,0.0,0.92,False,False,-9.6,0.0
orchestra:Z:20,orchestra,side_even,Z,20,ORC4,110,42.42,7.21,85.48,102.7,83.5,24.4,0.9,boxes,19.9,9.3,2.14,3.8,9.9,True,20.0,0.0,0.91,False,False,-9.6,0.0
orchestra:Z:22,orchestra,side_even,Z,22,ORC4,110,44.08,7.21,84.93,102.9,83.9,25.4,0.9,boxes,22.3,9.5,2.36,3.8,8.7,True,18.1,0.0,0.9,False,False,-9.7,0.0
orchestra:Z:24,orchestra,side_even,Z,24,ORC4,110,45.73,7.21,84.35,103.1,84.3,26.3,0.9,boxes,27.1,9.7,2.79,3.8,7.1,True,15.5,0.0,0.89,False,False,-9.7,0.0
orchestra:ZZ:101,orchestra,center_odd,ZZ,101,ORC4,110,-2.87,7.4,95.07,103.1,81.5,1.6,0.8,boxes,11.1,8.2,1.36,3.6,17.1,False,31.5,0.0,1.0,False,False,-9.7,45.8
orchestra:ZZ:103,orchestra,center_odd,ZZ,103,ORC4,110,-4.62,7.4,95.02,103.1,81.5,2.6,0.8,boxes,11.2,8.2,1.36,3.6,17.1,False,31.5,0.0,1.0,False,False,-9.7,45.8
orchestra:ZZ:105,orchestra,center_odd,ZZ,105,ORC4,110,-6.37,7.4,94.95,103.2,81.6,3.5,0.8,boxes,11.2,8.2,1.37,3.6,17.0,False,31.5,0.0,1.0,False,False,-9.7,45.7
orchestra:ZZ:107,orchestra,center_odd,ZZ,107,ORC4,110,-8.12,7.4,94.86,103.2,81.7,4.5,0.8,boxes,11.3,8.2,1.38,3.6,16.8,False,31.5,0.0,1.0,False,False,-9.7,45.4
orchestra:ZZ:109,orchestra,center_odd,ZZ,109,ORC4,110,-9.87,7.4,94.75,103.2,81.7,5.5,0.8,boxes,11.5,8.3,1.39,3.6,16.7,False,31.5,0.0,1.0,False,False,-9.7,45.3
orchestra:ZZ:111,orchestra,center_odd,ZZ,111,ORC4,110,-11.61,7.4,94.62,103.3,81.8,6.5,0.8,boxes,11.6,8.3,1.4,3.6,16.5,False,31.5,0.0,1.0,False,False,-9.7,45.0
orchestra:ZZ:113,orchestra,center_odd,ZZ,113,ORC4,110,-13.35,7.4,94.46,103.3,81.9,7.4,0.8,boxes,11.8,8.3,1.42,3.6,16.2,False,31.5,0.0,1.0,False,False,-9.7,44.7
orchestra:ZZ:115,orchestra,center_odd,ZZ,115,ORC4,110,-15.1,7.4,94.28,103.4,82.1,8.4,0.8,boxes,11.9,8.3,1.44,3.6,16.0,False,31.5,0.0,1.0,False,False,-9.7,44.4
orchestra:ZZ:117,orchestra,center_odd,ZZ,117,ORC4,110,-16.83,7.4,94.08,103.5,82.2,9.4,0.8,boxes,12.2,8.3,1.46,3.6,15.7,False,31.5,0.0,1.0,False,False,-9.7,44.0
orchestra:ZZ:119,orchestra,center_odd,ZZ,119,ORC4,110,-18.57,7.4,93.86,103.6,82.4,10.3,0.8,boxes,12.4,8.4,1.48,3.6,15.4,False,31.5,0.0,1.0,False,False,-9.7,43.6
orchestra:ZZ:121,orchestra,center_odd,ZZ,121,ORC4,110,-20.3,7.4,93.62,103.6,82.5,11.3,0.8,boxes,12.7,8.4,1.51,3.6,15.0,True,30.4,0.0,1.0,False,False,-9.7,39.8
orchestra:ZZ:123,orchestra,center_odd,ZZ,123,ORC4,110,-22.03,7.4,93.36,103.7,82.7,12.3,0.8,boxes,13.0,8.4,1.54,3.6,14.7,True,29.7,0.0,1.0,False,False,-9.7,37.3
orchestra:ZZ:102,orchestra,center_even,ZZ,102,ORC4,110,2.87,7.4,95.07,103.1,81.5,1.6,0.8,boxes,11.1,8.2,1.36,3.6,17.1,False,31.5,0.0,1.0,False,False,-9.7,45.8
orchestra:ZZ:104,orchestra,center_even,ZZ,104,ORC4,110,4.62,7.4,95.02,103.1,81.5,2.6,0.8,boxes,11.2,8.2,1.36,3.6,17.1,False,31.5,0.0,1.0,False,False,-9.7,45.8
orchestra:ZZ:106,orchestra,center_even,ZZ,106,ORC4,110,6.37,7.4,94.95,103.2,81.6,3.5,0.8,boxes,11.2,8.2,1.37,3.6,17.0,False,31.5,0.0,1.0,False,False,-9.7,45.7
orchestra:ZZ:108,orchestra,center_even,ZZ,108,ORC4,110,8.12,7.4,94.86,103.2,81.7,4.5,0.8,boxes,11.3,8.2,1.38,3.6,16.8,False,31.5,0.0,1.0,False,False,-9.7,45.4
orchestra:ZZ:110,orchestra,center_even,ZZ,110,ORC4,110,9.87,7.4,94.75,103.2,81.7,5.5,0.8,boxes,11.5,8.3,1.39,3.6,16.7,False,31.5,0.0,1.0,False,False,-9.7,45.3
orchestra:ZZ:112,orchestra,center_even,ZZ,112,ORC4,110,11.61,7.4,94.62,103.3,81.8,6.5,0.8,boxes,11.6,8.3,1.4,3.6,16.5,False,31.5,0.0,1.0,False,False,-9.7,45.0
orchestra:ZZ:114,orchestra,center_even,ZZ,114,ORC4,110,13.35,7.4,94.46,103.3,81.9,7.4,0.8,boxes,11.8,8.3,1.42,3.6,16.2,False,31.5,0.0,1.0,False,False,-9.7,44.7
orchestra:ZZ:116,orchestra,center_even,ZZ,116,ORC4,110,15.1,7.4,94.28,103.4,82.1,8.4,0.8,boxes,11.9,8.3,1.44,3.6,16.0,False,31.5,0.0,1.0,False,False,-9.7,44.4
orchestra:ZZ:118,orchestra,center_even,ZZ,118,ORC4,110,16.83,7.4,94.08,103.5,82.2,9.4,0.8,boxes,12.2,8.3,1.46,3.6,15.7,False,31.5,0.0,1.0,False,False,-9.7,44.0
orchestra:ZZ:120,orchestra,center_even,ZZ,120,ORC4,110,18.57,7.4,93.86,103.6,82.4,10.3,0.8,boxes,12.4,8.4,1.48,3.6,15.4,False,31.5,0.0,1.0,False,False,-9.7,43.6
orchestra:ZZ:122,orchestra,center_even,ZZ,122,ORC4,110,20.3,7.4,93.62,103.6,82.5,11.3,0.8,boxes,12.7,8.4,1.51,3.6,15.0,True,30.4,0.0,1.0,False,False,-9.7,39.8
orchestra:ZZ:124,orchestra,center_even,ZZ,124,ORC4,110,22.03,7.4,93.36,103.7,82.7,12.3,0.8,boxes,13.0,8.4,1.54,3.6,14.7,True,29.7,0.0,1.0,False,False,-9.7,37.3
orchestra:ZZ:1,orchestra,side_odd,ZZ,1,ORC4,110,-27.2,7.4,92.43,104.1,83.4,15.2,0.8,boxes,14.2,8.6,1.66,3.6,13.4,True,27.3,0.0,0.99,False,False,-9.8,27.5
orchestra:ZZ:3,orchestra,side_odd,ZZ,3,ORC4,110,-28.92,7.4,92.08,104.2,83.6,16.1,0.8,boxes,14.8,8.6,1.71,3.6,12.9,True,26.4,0.0,0.98,False,False,-9.8,22.7
orchestra:ZZ:5,orchestra,side_odd,ZZ,5,ORC4,110,-30.63,7.4,91.71,104.3,83.9,17.1,0.8,boxes,15.3,8.7,1.77,3.6,12.4,True,25.4,0.0,0.98,False,False,-9.8,18.0
orchestra:ZZ:7,orchestra,side_odd,ZZ,7,ORC4,110,-32.33,7.4,91.32,104.5,84.2,18.0,0.8,boxes,16.0,8.7,1.83,3.6,11.9,True,24.5,0.0,0.97,False,False,-9.8,13.1
orchestra:ZZ:9,orchestra,side_odd,ZZ,9,ORC4,110,-34.03,7.4,90.9,104.6,84.5,19.0,0.8,boxes,16.7,8.8,1.9,3.6,11.4,True,23.5,0.0,0.96,False,False,-9.8,7.9
orchestra:ZZ:11,orchestra,side_odd,ZZ,11,ORC4,110,-35.73,7.4,90.47,104.8,84.8,19.9,0.8,boxes,17.6,8.9,1.98,3.6,10.8,True,22.4,0.0,0.95,False,False,-9.8,2.3
orchestra:ZZ:13,orchestra,side_odd,ZZ,13,ORC4,110,-37.42,7.4,90.01,104.9,85.1,20.9,0.8,boxes,18.6,9.0,2.07,3.6,10.2,True,21.4,0.0,0.94,False,False,-9.8,0.0
orchestra:ZZ:15,orchestra,side_odd,ZZ,15,ORC4,110,-39.1,7.4,89.53,105.1,85.4,21.8,0.8,boxes,19.7,9.1,2.18,3.6,9.5,True,20.2,0.0,0.93,False,False,-9.8,0.0
orchestra:ZZ:17,orchestra,side_odd,ZZ,17,ORC4,110,-40.78,7.4,89.03,105.3,85.8,22.8,0.8,boxes,21.1,9.2,2.31,3.6,8.9,True,19.1,0.0,0.92,False,False,-9.9,0.0
orchestra:ZZ:19,orchestra,side_odd,ZZ,19,ORC4,110,-42.45,7.4,88.51,105.4,86.1,23.7,0.8,boxes,23.0,9.3,2.47,3.6,8.1,True,17.8,0.0,0.91,False,False,-9.9,0.0
orchestra:ZZ:21,orchestra,side_odd,ZZ,21,ORC4,110,-44.11,7.4,87.97,105.6,86.5,24.7,0.8,boxes,25.5,9.5,2.69,3.6,7.2,True,16.3,0.0,0.9,False,False,-9.9,0.0
orchestra:ZZ:23,orchestra,side_odd,ZZ,23,ORC4,110,-45.77,7.4,87.41,105.8,86.9,25.6,0.8,boxes,30.4,9.8,3.12,3.6,6.0,True,14.2,0.0,0.89,False,False,-9.9,0.0
orchestra:ZZ:2,orchestra,side_even,ZZ,2,ORC4,110,27.2,7.4,92.43,104.1,83.4,15.2,0.8,boxes,14.2,8.6,1.66,3.6,13.4,True,27.3,0.0,0.99,False,False,-9.8,27.5
orchestra:ZZ:4,orchestra,side_even,ZZ,4,ORC4,110,28.92,7.4,92.08,104.2,83.6,16.1,0.8,boxes,14.8,8.6,1.71,3.6,12.9,True,26.4,0.0,0.98,False,False,-9.8,22.7
orchestra:ZZ:6,orchestra,side_even,ZZ,6,ORC4,110,30.63,7.4,91.71,104.3,83.9,17.1,0.8,boxes,15.3,8.7,1.77,3.6,12.4,True,25.4,0.0,0.98,False,False,-9.8,18.0
orchestra:ZZ:8,orchestra,side_even,ZZ,8,ORC4,110,32.33,7.4,91.32,104.5,84.2,18.0,0.8,boxes,16.0,8.7,1.83,3.6,11.9,True,24.5,0.0,0.97,False,False,-9.8,13.1
orchestra:ZZ:10,orchestra,side_even,ZZ,10,ORC4,110,34.03,7.4,90.9,104.6,84.5,19.0,0.8,boxes,16.7,8.8,1.9,3.6,11.4,True,23.5,0.0,0.96,False,False,-9.8,7.9
orchestra:ZZ:12,orchestra,side_even,ZZ,12,ORC4,110,35.73,7.4,90.47,104.8,84.8,19.9,0.8,boxes,17.6,8.9,1.98,3.6,10.8,True,22.4,0.0,0.95,False,False,-9.8,2.3
orchestra:ZZ:14,orchestra,side_even,ZZ,14,ORC4,110,37.42,7.4,90.01,104.9,85.1,20.9,0.8,boxes,18.6,9.0,2.07,3.6,10.2,True,21.4,0.0,0.94,False,False,-9.8,0.0
orchestra:ZZ:16,orchestra,side_even,ZZ,16,ORC4,110,39.1,7.4,89.53,105.1,85.4,21.8,0.8,boxes,19.7,9.1,2.18,3.6,9.5,True,20.2,0.0,0.93,False,False,-9.8,0.0
orchestra:ZZ:18,orchestra,side_even,ZZ,18,ORC4,110,40.78,7.4,89.03,105.3,85.8,22.8,0.8,boxes,21.1,9.2,2.31,3.6,8.9,True,19.1,0.0,0.92,False,False,-9.9,0.0
orchestra:ZZ:20,orchestra,side_even,ZZ,20,ORC4,110,42.45,7.4,88.51,105.4,86.1,23.7,0.8,boxes,23.0,9.3,2.47,3.6,8.1,True,17.8,0.0,0.91,False,False,-9.9,0.0
orchestra:ZZ:22,orchestra,side_even,ZZ,22,ORC4,110,44.11,7.4,87.97,105.6,86.5,24.7,0.8,boxes,25.5,9.5,2.69,3.6,7.2,True,16.3,0.0,0.9,False,False,-9.9,0.0
orchestra:ZZ:24,orchestra,side_even,ZZ,24,ORC4,110,45.77,7.4,87.41,105.8,86.9,25.6,0.8,boxes,30.4,9.8,3.12,3.6,6.0,True,14.2,0.0,0.89,False,False,-9.9,0.0
boxes:A:1,boxes,side_box,A,1,BOX,377,-47.5,17.4,33.35,63.6,54.3,49.0,-7.8,none,0.0,,0.0,56.6,97.8,False,31.5,0.83,0.69,True,True,-5.5,40.3
boxes:A:2,boxes,side_box,A,2,BOX,377,-47.5,17.4,31.45,62.3,53.7,50.3,-7.9,none,0.0,,0.0,56.6,97.9,False,31.5,0.83,0.67,True,True,-5.3,38.4
boxes:A:3,boxes,side_box,A,3,BOX,377,-47.5,17.4,29.55,61.2,53.1,51.7,-8.1,none,0.0,,0.0,56.6,98.1,False,31.5,0.92,0.65,True,True,-5.1,37.1
boxes:A:4,boxes,side_box,A,4,BOX,377,-50.5,17.9,29.55,63.6,56.0,53.4,-8.2,none,0.0,,0.0,56.1,98.2,False,31.5,0.92,0.6,True,True,-5.5,31.2
boxes:A:5,boxes,side_box,A,5,BOX,377,-50.5,17.9,31.45,64.7,56.5,52.0,-8.1,none,0.0,,0.0,56.1,98.1,False,31.5,0.83,0.63,True,True,-5.6,33.2
boxes:A:6,boxes,side_box,A,6,BOX,377,-50.5,17.9,33.35,65.9,57.1,50.7,-7.9,none,0.0,,0.0,56.1,97.9,False,31.5,0.83,0.65,True,True,-5.8,35.1
boxes:B:1,boxes,side_box,B,1,BOX,377,-47.5,17.4,40.26,68.3,57.2,44.5,-7.2,none,0.0,,0.0,56.6,97.2,False,31.5,0.67,0.74,True,True,-6.1,44.3
boxes:B:2,boxes,side_box,B,2,BOX,377,-47.5,17.4,38.36,66.9,56.3,45.7,-7.4,none,0.0,,0.0,56.6,97.4,False,31.5,0.75,0.73,True,True,-5.9,43.8
boxes:B:3,boxes,side_box,B,3,BOX,377,-47.5,17.4,36.46,65.6,55.5,46.9,-7.5,none,0.0,,0.0,56.6,97.5,False,31.5,0.75,0.72,True,True,-5.7,42.6
boxes:B:4,boxes,side_box,B,4,BOX,377,-50.5,17.9,36.46,67.9,58.3,48.6,-7.7,none,0.0,,0.0,56.1,97.7,False,31.5,0.75,0.68,True,True,-6.0,37.4
boxes:B:5,boxes,side_box,B,5,BOX,377,-50.5,17.9,38.36,69.2,59.0,47.4,-7.6,none,0.0,,0.0,56.1,97.6,False,31.5,0.75,0.69,True,True,-6.2,38.6
boxes:B:6,boxes,side_box,B,6,BOX,377,-50.5,17.9,40.26,70.4,59.8,46.3,-7.4,none,0.0,,0.0,56.1,97.4,False,31.5,0.67,0.71,True,True,-6.4,39.7
boxes:C:1,boxes,side_box,C,1,BOX,377,-47.5,17.4,47.17,73.3,60.6,40.7,-6.7,none,0.0,,0.0,56.6,96.7,False,31.5,0.5,0.78,True,True,-6.7,46.7
boxes:C:2,boxes,side_box,C,2,BOX,377,-47.5,17.4,45.27,71.9,59.6,41.7,-6.9,none,0.0,,0.0,56.6,96.9,False,31.5,0.58,0.77,True,True,-6.5,46.4
boxes:C:3,boxes,side_box,C,3,BOX,377,-47.5,17.4,43.37,70.5,58.6,42.8,-7.0,none,0.0,,0.0,56.6,97.0,False,31.5,0.58,0.76,True,True,-6.4,45.4
boxes:C:4,boxes,side_box,C,4,BOX,377,-50.5,17.9,43.37,72.6,61.2,44.5,-7.2,none,0.0,,0.0,56.1,97.2,False,31.5,0.67,0.73,True,True,-6.6,41.6
boxes:C:5,boxes,side_box,C,5,BOX,377,-50.5,17.9,45.27,74.0,62.2,43.5,-7.1,none,0.0,,0.0,56.1,97.1,False,31.5,0.58,0.74,True,True,-6.8,41.8
boxes:C:6,boxes,side_box,C,6,BOX,377,-50.5,17.9,47.17,75.3,63.2,42.5,-6.9,none,0.0,,0.0,56.1,96.9,False,31.5,0.58,0.75,True,True,-6.9,42.8
boxes:C:7,boxes,side_box,C,7,BOX,377,-53.5,18.4,46.98,77.3,65.6,44.2,-7.1,none,0.0,,0.0,55.6,97.1,False,31.5,0.58,0.72,True,True,-7.2,38.3
boxes:C:8,boxes,side_box,C,8,BOX,377,-53.5,18.4,43.56,74.9,64.0,46.1,-7.4,none,0.0,,0.0,55.6,97.4,False,31.5,0.67,0.7,True,True,-6.9,37.1
boxes:D:1,boxes,side_box,D,1,BOX,377,-47.5,17.4,54.08,78.6,64.7,37.4,-6.3,none,0.0,,0.0,56.6,96.3,False,31.5,0.42,0.81,True,True,-7.3,48.6
boxes:D:2,boxes,side_box,D,2,BOX,377,-47.5,17.4,52.18,77.1,63.5,38.3,-6.4,none,0.0,,0.0,56.6,96.4,False,31.5,0.42,0.8,True,True,-7.1,47.9
boxes:D:3,boxes,side_box,D,3,BOX,377,-47.5,17.4,50.28,75.7,62.4,39.2,-6.5,none,0.0,,0.0,56.6,96.5,False,31.5,0.5,0.79,True,True,-7.0,47.7
boxes:D:4,boxes,side_box,D,4,BOX,377,-50.5,17.9,50.28,77.6,64.8,40.9,-6.7,none,0.0,,0.0,56.1,96.7,False,31.5,0.5,0.77,True,True,-7.2,43.9
boxes:D:5,boxes,side_box,D,5,BOX,377,-50.5,17.9,52.18,79.1,65.9,40.0,-6.6,none,0.0,,0.0,56.1,96.6,False,31.5,0.5,0.77,True,True,-7.4,44.0
boxes:D:6,boxes,side_box,D,6,BOX,377,-50.5,17.9,54.08,80.5,67.0,39.1,-6.5,none,0.0,,0.0,56.1,96.5,False,31.5,0.42,0.78,True,True,-7.5,44.2
boxes:D:7,boxes,side_box,D,7,BOX,377,-53.5,18.4,53.89,82.4,69.4,40.8,-6.7,none,0.0,,0.0,55.6,96.7,False,31.5,0.42,0.75,True,True,-7.7,39.8
boxes:D:8,boxes,side_box,D,8,BOX,377,-53.5,18.4,50.47,79.8,67.4,42.5,-6.9,none,0.0,,0.0,55.6,96.9,False,31.5,0.5,0.74,True,True,-7.4,39.4
boxes:E:1,boxes,center_box,E,1,CTRBOX,405,-46.69,17.4,60.12,83.0,68.0,34.4,-5.9,none,0.0,,0.0,56.6,95.9,False,31.5,0.25,0.83,True,True,-7.8,49.4
boxes:E:2,boxes,center_box,E,2,CTRBOX,405,-47.07,17.4,58.26,81.7,67.0,35.4,-6.0,none,0.0,,0.0,56.6,96.0,False,31.5,0.33,0.83,True,True,-7.7,49.6
boxes:E:3,boxes,center_box,E,3,CTRBOX,405,-47.45,17.4,56.4,80.5,66.1,36.4,-6.1,none,0.0,,0.0,56.6,96.1,False,31.5,0.33,0.82,True,True,-7.5,48.6
boxes:E:4,boxes,center_box,E,4,CTRBOX,405,-50.39,17.9,57.0,82.7,68.7,37.8,-6.3,none,0.0,,0.0,56.1,96.3,False,31.5,0.33,0.79,True,True,-7.8,44.3
boxes:E:5,boxes,center_box,E,5,CTRBOX,405,-50.01,17.9,58.86,84.0,69.7,36.8,-6.2,none,0.0,,0.0,56.1,96.2,False,31.5,0.33,0.8,True,True,-7.9,45.3
boxes:E:6,boxes,center_box,E,6,CTRBOX,405,-49.63,17.9,60.72,85.3,70.6,35.8,-6.1,none,0.0,,0.0,56.1,96.1,False,31.5,0.33,0.81,True,True,-8.0,46.3
boxes:E:7,boxes,center_box,E,7,CTRBOX,405,-52.6,18.4,61.14,87.4,73.1,37.3,-6.3,none,0.0,,0.0,55.6,96.3,False,31.5,0.33,0.79,True,True,-8.2,42.6
boxes:E:8,boxes,center_box,E,8,CTRBOX,405,-53.29,18.4,57.79,85.2,71.5,39.0,-6.5,none,0.0,,0.0,55.6,96.5,False,31.5,0.33,0.77,True,True,-8.0,40.7
boxes:F:1,boxes,center_box,F,1,CTRBOX,405,-44.28,17.4,65.58,86.3,70.3,31.0,-5.7,none,0.0,,0.0,56.6,95.7,False,31.5,0.17,0.87,True,True,-8.1,52.9
boxes:F:2,boxes,center_box,F,2,CTRBOX,405,-45.12,17.4,63.88,85.3,69.6,32.1,-5.8,none,0.0,,0.0,56.6,95.8,False,31.5,0.17,0.86,True,True,-8.0,51.7
boxes:F:3,boxes,center_box,F,3,CTRBOX,405,-45.96,17.4,62.18,84.3,68.9,33.2,-5.9,none,0.0,,0.0,56.6,95.9,False,31.5,0.25,0.85,True,True,-7.9,51.1
boxes:F:4,boxes,center_box,F,4,CTRBOX,405,-48.65,17.9,63.51,87.0,71.8,34.2,-6.0,none,0.0,,0.0,56.1,96.0,False,31.5,0.25,0.83,True,True,-8.2,47.6
boxes:F:5,boxes,center_box,F,5,CTRBOX,405,-47.81,17.9,65.21,87.9,72.4,33.1,-5.9,none,0.0,,0.0,56.1,95.9,False,31.5,0.25,0.84,True,True,-8.3,48.9
boxes:F:6,boxes,center_box,F,6,CTRBOX,405,-46.97,17.9,66.91,88.9,73.1,32.1,-5.9,none,0.0,,0.0,56.1,95.9,False,31.5,0.17,0.85,True,True,-8.4,49.4
boxes:F:7,boxes,center_box,F,7,CTRBOX,405,-49.74,18.4,68.07,91.4,75.9,33.2,-6.0,none,0.0,,0.0,55.6,96.0,False,31.5,0.17,0.83,True,True,-8.6,45.9
boxes:F:8,boxes,center_box,F,8,CTRBOX,405,-51.26,18.4,65.01,89.7,74.7,35.1,-6.1,none,0.0,,0.0,55.6,96.1,False,31.5,0.25,0.81,True,True,-8.5,44.2
boxes:G:1,boxes,center_box,G,1,CTRBOX,405,-40.5,17.4,70.59,88.8,71.9,27.3,-5.6,none,0.0,,0.0,56.6,95.6,False,31.5,0.08,0.9,True,True,-8.4,56.5
boxes:G:2,boxes,center_box,G,2,CTRBOX,405,-41.7,17.4,69.12,88.1,71.4,28.4,-5.6,none,0.0,,0.0,56.6,95.6,False,31.5,0.08,0.89,True,True,-8.3,55.2
boxes:G:3,boxes,center_box,G,3,CTRBOX,405,-42.91,17.4,67.66,87.4,71.0,29.6,-5.6,none,0.0,,0.0,56.6,95.6,False,31.5,0.17,0.88,True,True,-8.2,54.4
boxes:G:4,boxes,center_box,G,4,CTRBOX,405,-45.23,17.9,69.56,90.2,74.0,30.2,-5.8,none,0.0,,0.0,56.1,95.8,False,31.5,0.17,0.87,True,True,-8.5,51.9
boxes:G:5,boxes,center_box,G,5,CTRBOX,405,-44.02,17.9,71.03,90.9,74.4,29.1,-5.7,none,0.0,,0.0,56.1,95.7,False,31.5,0.08,0.88,True,True,-8.6,52.5
boxes:G:6,boxes,center_box,G,6,CTRBOX,405,-42.81,17.9,72.5,91.6,74.8,28.0,-5.7,none,0.0,,0.0,56.1,95.7,False,31.5,0.08,0.89,True,True,-8.6,53.9
boxes:G:7,boxes,center_box,G,7,CTRBOX,405,-45.25,18.4,74.25,94.4,77.7,28.8,-5.8,grand_tier,1.5,8.0,0.19,3.5,70.2,False,31.5,0.08,0.88,True,False,-8.9,44.9
boxes:G:8,boxes,center_box,G,8,CTRBOX,405,-47.42,18.4,71.61,93.2,77.0,30.8,-5.9,grand_tier,0.1,8.0,0.01,3.1,94.6,False,31.5,0.08,0.86,True,True,-8.8,41.3
boxes:H:1,boxes,center_box,H,1,CTRBOX,405,-35.49,17.4,75.04,90.7,72.8,23.1,-5.4,none,0.0,,0.0,56.6,95.4,False,31.5,0.0,0.94,True,True,-8.6,61.6
boxes:H:2,boxes,center_box,H,2,CTRBOX,405,-36.96,17.4,73.83,90.2,72.6,24.3,-5.5,none,0.0,,0.0,56.6,95.5,False,31.5,0.0,0.93,True,True,-8.5,60.0
boxes:H:3,boxes,center_box,H,3,CTRBOX,405,-38.42,17.4,72.63,89.7,72.3,25.5,-5.5,none,0.0,,0.0,56.6,95.5,False,31.5,0.0,0.92,True,True,-8.5,58.4
boxes:H:4,boxes,center_box,H,4,CTRBOX,405,-40.33,17.9,74.95,92.7,75.4,25.9,-5.6,none,0.0,,0.0,56.1,95.6,False,31.5,0.0,0.91,True,True,-8.7,56.0
boxes:H:5,boxes,center_box,H,5,CTRBOX,405,-38.86,17.9,76.15,93.1,75.6,24.8,-5.6,grand_tier,0.2,8.0,0.02,3.6,92.5,False,31.5,0.0,0.92,True,True,-8.8,51.5
boxes:H:6,boxes,center_box,H,6,CTRBOX,405,-37.39,17.9,77.36,93.6,75.8,23.7,-5.6,grand_tier,0.8,8.0,0.09,3.8,83.8,False,31.5,0.0,0.93,True,True,-8.8,53.5
boxes:H:7,boxes,center_box,H,7,CTRBOX,405,-39.44,18.4,79.56,96.5,78.8,24.2,-5.7,grand_tier,3.9,8.0,0.48,4.0,44.4,False,31.5,0.0,0.92,False,False,-9.1,45.5
boxes:H:8,boxes,center_box,H,8,CTRBOX,405,-42.08,18.4,77.39,95.7,78.4,26.2,-5.8,grand_tier,3.0,8.0,0.37,3.8,52.1,False,31.5,0.0,0.9,False,False,-9.0,42.2
boxes:J:1,boxes,center_box,J,1,CTRBOX,405,-29.4,17.4,78.81,92.1,73.4,18.7,-5.4,none,0.0,,0.0,56.6,95.4,False,31.5,0.0,0.98,True,True,-8.7,67.7
boxes:J:2,boxes,center_box,J,2,CTRBOX,405,-31.05,17.4,77.87,91.7,73.2,19.9,-5.4,none,0.0,,0.0,56.6,95.4,False,31.5,0.0,0.97,True,True,-8.7,66.1
boxes:J:3,boxes,center_box,J,3,CTRBOX,405,-32.7,17.4,76.93,91.4,73.1,21.1,-5.4,none,0.0,,0.0,56.6,95.4,False,31.5,0.0,0.96,True,True,-8.6,64.4
boxes:J:4,boxes,center_box,J,4,CTRBOX,405,-34.19,17.9,79.54,94.4,76.2,21.3,-5.5,grand_tier,1.6,8.0,0.2,4.0,71.3,False,31.5,0.0,0.95,True,True,-8.9,57.2
boxes:J:5,boxes,center_box,J,5,CTRBOX,405,-32.54,17.9,80.48,94.7,76.3,20.2,-5.5,grand_tier,1.9,8.0,0.24,4.1,67.2,False,31.5,0.0,0.96,True,False,-8.9,59.0
boxes:J:6,boxes,center_box,J,6,CTRBOX,405,-30.89,17.9,81.42,95.0,76.4,19.1,-5.5,grand_tier,2.3,8.0,0.29,4.2,63.0,False,31.5,0.0,0.97,True,False,-9.0,60.8
boxes:J:7,boxes,center_box,J,7,CTRBOX,405,-32.54,18.4,83.93,98.0,79.4,19.5,-5.6,grand_tier,5.4,8.0,0.67,4.4,35.5,False,31.5,0.0,0.96,False,False,-9.2,52.9
boxes:J:8,boxes,center_box,J,8,CTRBOX,405,-35.51,18.4,82.23,97.4,79.2,21.5,-5.7,grand_tier,4.8,8.0,0.61,4.3,38.3,False,31.5,0.0,0.94,False,False,-9.2,49.7
boxes:K:1,boxes,center_box,K,1,CTRBOX,405,-22.4,17.4,81.83,93.0,73.6,14.0,-5.3,grand_tier,0.2,8.0,0.02,4.1,92.5,False,31.5,0.0,1.0,True,True,-8.8,67.4
boxes:K:2,boxes,center_box,K,2,CTRBOX,405,-24.17,17.4,81.14,92.8,73.6,15.2,-5.3,none,0.0,,0.0,56.6,95.3,False,31.5,0.0,1.0,True,True,-8.8,72.1
boxes:K:3,boxes,center_box,K,3,CTRBOX,405,-25.94,17.4,80.45,92.6,73.5,16.3,-5.3,none,0.0,,0.0,56.6,95.3,False,31.5,0.0,1.0,True,True,-8.7,71.1
boxes:K:4,boxes,center_box,K,4,CTRBOX,405,-27.03,17.9,83.24,95.6,76.6,16.5,-5.5,grand_tier,2.9,8.0,0.36,4.3,57.0,False,31.5,0.0,0.99,False,False,-9.0,58.6
boxes:K:5,boxes,center_box,K,5,CTRBOX,405,-25.26,17.9,83.93,95.8,76.6,15.4,-5.5,grand_tier,3.0,8.0,0.38,4.3,55.2,False,31.5,0.0,1.0,False,False,-9.0,60.2
boxes:K:6,boxes,center_box,K,6,CTRBOX,405,-23.49,17.9,84.62,96.0,76.7,14.2,-5.4,grand_tier,3.3,8.0,0.41,4.4,53.2,False,31.5,0.0,1.0,False,False,-9.1,60.7
boxes:K:7,boxes,center_box,K,7,CTRBOX,405,-24.76,18.4,87.35,99.0,79.7,14.6,-5.6,grand_tier,6.3,8.0,0.79,4.7,31.7,False,31.5,0.0,1.0,False,False,-9.3,60.0
boxes:K:8,boxes,center_box,K,8,CTRBOX,405,-27.95,18.4,86.11,98.6,79.6,16.5,-5.6,grand_tier,6.0,8.0,0.75,4.6,32.9,False,31.5,0.0,0.99,False,False,-9.3,57.9
boxes:L:1,boxes,center_box,L,1,CTRBOX,405,-14.7,17.4,83.99,93.6,73.7,9.1,-5.3,grand_tier,0.8,8.0,0.1,4.3,84.1,False,31.5,0.0,1.0,True,True,-8.8,67.6
boxes:L:2,boxes,center_box,L,2,CTRBOX,405,-16.54,17.4,83.54,93.4,73.7,10.2,-5.3,grand_tier,0.7,8.0,0.08,4.3,86.0,False,31.5,0.0,1.0,True,True,-8.8,67.7
boxes:L:3,boxes,center_box,L,3,CTRBOX,405,-18.39,17.4,83.09,93.3,73.7,11.4,-5.3,grand_tier,0.6,8.0,0.07,4.2,87.4,False,31.5,0.0,1.0,True,True,-8.8,67.5
boxes:L:4,boxes,center_box,L,4,CTRBOX,405,-19.1,17.9,86.0,96.4,76.7,11.5,-5.4,grand_tier,3.6,8.0,0.45,4.5,50.2,False,31.5,0.0,1.0,False,False,-9.1,60.8
boxes:L:5,boxes,center_box,L,5,CTRBOX,405,-17.26,17.9,86.45,96.4,76.7,10.4,-5.4,grand_tier,3.7,8.0,0.46,4.5,49.5,False,31.5,0.0,1.0,False,False,-9.1,60.8
boxes:L:6,boxes,center_box,L,6,CTRBOX,405,-15.41,17.9,86.9,96.6,76.8,9.2,-5.4,grand_tier,3.8,8.0,0.48,4.5,48.5,False,31.5,0.0,1.0,False,False,-9.1,60.7
boxes:L:7,boxes,center_box,L,7,CTRBOX,405,-16.31,18.4,89.77,99.6,79.8,9.5,-5.5,grand_tier,6.9,8.0,0.86,4.8,29.8,False,31.5,0.0,1.0,False,False,-9.4,60.0
boxes:L:8,boxes,center_box,L,8,CTRBOX,405,-19.63,18.4,88.96,99.4,79.8,11.4,-5.5,grand_tier,6.7,8.0,0.84,4.7,30.3,False,31.5,0.0,1.0,False,False,-9.4,59.8
boxes:M:1,boxes,center_box,M,1,CTRBOX,405,-6.52,17.4,85.23,93.9,73.7,4.0,-5.3,grand_tier,1.1,8.0,0.14,4.4,80.0,False,31.5,0.0,1.0,True,True,-8.9,67.7
boxes:M:2,boxes,center_box,M,2,CTRBOX,405,-8.4,17.4,85.01,93.8,73.7,5.2,-5.3,grand_tier,1.1,8.0,0.13,4.4,80.9,False,31.5,0.0,1.0,True,True,-8.9,67.8
boxes:M:3,boxes,center_box,M,3,CTRBOX,405,-10.29,17.4,84.78,93.7,73.7,6.3,-5.3,grand_tier,1.0,8.0,0.13,4.3,81.4,False,31.5,0.0,1.0,True,True,-8.8,67.6
boxes:M:4,boxes,center_box,M,4,CTRBOX,405,-10.64,17.9,87.76,96.8,76.8,6.3,-5.4,grand_tier,4.0,8.0,0.5,4.6,47.1,False,31.5,0.0,1.0,False,False,-9.1,60.8
boxes:M:5,boxes,center_box,M,5,CTRBOX,405,-8.76,17.9,87.99,96.8,76.7,5.2,-5.4,grand_tier,4.1,8.0,0.51,4.6,46.9,False,31.5,0.0,1.0,False,False,-9.1,60.8
boxes:M:6,boxes,center_box,M,6,CTRBOX,405,-6.87,17.9,88.21,96.9,76.8,4.1,-5.4,grand_tier,4.1,8.0,0.52,4.6,46.5,False,31.5,0.0,1.0,False,False,-9.1,60.8
boxes:M:7,boxes,center_box,M,7,CTRBOX,405,-7.41,18.4,91.17,99.9,79.8,4.3,-5.5,grand_tier,7.1,8.0,0.89,4.9,29.0,False,31.5,0.0,1.0,False,False,-9.4,60.1
boxes:M:8,boxes,center_box,M,8,CTRBOX,405,-10.81,18.4,90.76,99.8,79.8,6.2,-5.5,grand_tier,7.1,8.0,0.88,4.8,29.2,False,31.5,0.0,1.0,False,False,-9.4,59.9
boxes:N:1,boxes,center_box,N,1,CTRBOX,405,1.9,17.4,85.5,93.9,73.7,1.2,-5.3,grand_tier,1.2,7.9,0.15,4.4,79.1,False,31.5,0.0,1.0,True,True,-8.9,67.7
boxes:N:2,boxes,center_box,N,2,CTRBOX,405,-0.0,17.4,85.5,93.9,73.7,0.0,-5.3,grand_tier,1.2,7.9,0.15,4.4,79.4,False,31.5,0.0,1.0,True,True,-8.9,67.7
boxes:N:3,boxes,center_box,N,3,CTRBOX,405,-1.9,17.4,85.5,93.9,73.7,1.2,-5.3,grand_tier,1.2,7.9,0.15,4.4,79.1,False,31.5,0.0,1.0,True,True,-8.9,67.7
boxes:N:4,boxes,center_box,N,4,CTRBOX,405,-1.9,17.9,88.5,96.9,76.8,1.1,-5.4,grand_tier,4.2,7.9,0.53,4.6,46.1,False,31.5,0.0,1.0,False,False,-9.1,60.8
boxes:N:5,boxes,center_box,N,5,CTRBOX,405,-0.0,17.9,88.5,96.9,76.7,0.0,-5.4,grand_tier,4.2,7.9,0.52,4.6,46.2,False,31.5,0.0,1.0,False,False,-9.1,60.8
boxes:N:6,boxes,center_box,N,6,CTRBOX,405,1.9,17.9,88.5,96.9,76.8,1.1,-5.4,grand_tier,4.2,7.9,0.53,4.6,46.1,False,31.5,0.0,1.0,False,False,-9.1,60.8
boxes:N:7,boxes,center_box,N,7,CTRBOX,405,1.71,18.4,91.5,100.0,79.8,1.0,-5.5,grand_tier,7.2,7.9,0.9,4.9,28.8,False,31.5,0.0,1.0,False,False,-9.4,60.0
boxes:N:8,boxes,center_box,N,8,CTRBOX,405,-1.71,18.4,91.5,100.0,79.8,1.0,-5.5,grand_tier,7.2,7.9,0.9,4.9,28.8,False,31.5,0.0,1.0,False,False,-9.4,60.0
boxes:O:1,boxes,center_box,O,1,CTRBOX,405,10.29,17.4,84.78,93.7,73.7,6.3,-5.3,grand_tier,1.0,8.0,0.13,4.3,81.4,False,31.5,0.0,1.0,True,True,-8.8,67.6
boxes:O:2,boxes,center_box,O,2,CTRBOX,405,8.4,17.4,85.01,93.8,73.7,5.2,-5.3,grand_tier,1.1,8.0,0.13,4.4,80.9,False,31.5,0.0,1.0,True,True,-8.9,67.8
boxes:O:3,boxes,center_box,O,3,CTRBOX,405,6.52,17.4,85.23,93.9,73.7,4.0,-5.3,grand_tier,1.1,8.0,0.14,4.4,80.0,False,31.5,0.0,1.0,True,True,-8.9,67.7
boxes:O:4,boxes,center_box,O,4,CTRBOX,405,6.87,17.9,88.21,96.9,76.8,4.1,-5.4,grand_tier,4.1,8.0,0.52,4.6,46.5,False,31.5,0.0,1.0,False,False,-9.1,60.8
boxes:O:5,boxes,center_box,O,5,CTRBOX,405,8.76,17.9,87.99,96.8,76.7,5.2,-5.4,grand_tier,4.1,8.0,0.51,4.6,46.9,False,31.5,0.0,1.0,False,False,-9.1,60.8
boxes:O:6,boxes,center_box,O,6,CTRBOX,405,10.64,17.9,87.76,96.8,76.8,6.3,-5.4,grand_tier,4.0,8.0,0.5,4.6,47.1,False,31.5,0.0,1.0,False,False,-9.1,60.8
boxes:O:7,boxes,center_box,O,7,CTRBOX,405,10.81,18.4,90.76,99.8,79.8,6.2,-5.5,grand_tier,7.1,8.0,0.88,4.8,29.2,False,31.5,0.0,1.0,False,False,-9.4,59.9
boxes:O:8,boxes,center_box,O,8,CTRBOX,405,7.41,18.4,91.17,99.9,79.8,4.3,-5.5,grand_tier,7.1,8.0,0.89,4.9,29.0,False,31.5,0.0,1.0,False,False,-9.4,60.1
boxes:P:1,boxes,center_box,P,1,CTRBOX,405,18.39,17.4,83.09,93.3,73.7,11.4,-5.3,grand_tier,0.6,8.0,0.07,4.2,87.4,False,31.5,0.0,1.0,True,True,-8.8,67.5
boxes:P:2,boxes,center_box,P,2,CTRBOX,405,16.54,17.4,83.54,93.4,73.7,10.2,-5.3,grand_tier,0.7,8.0,0.08,4.3,86.0,False,31.5,0.0,1.0,True,True,-8.8,67.7
boxes:P:3,boxes,center_box,P,3,CTRBOX,405,14.7,17.4,83.99,93.6,73.7,9.1,-5.3,grand_tier,0.8,8.0,0.1,4.3,84.1,False,31.5,0.0,1.0,True,True,-8.8,67.6
boxes:P:4,boxes,center_box,P,4,CTRBOX,405,15.41,17.9,86.9,96.6,76.8,9.2,-5.4,grand_tier,3.8,8.0,0.48,4.5,48.5,False,31.5,0.0,1.0,False,False,-9.1,60.7
boxes:P:5,boxes,center_box,P,5,CTRBOX,405,17.26,17.9,86.45,96.4,76.7,10.4,-5.4,grand_tier,3.7,8.0,0.46,4.5,49.5,False,31.5,0.0,1.0,False,False,-9.1,60.8
boxes:P:6,boxes,center_box,P,6,CTRBOX,405,19.1,17.9,86.0,96.4,76.7,11.5,-5.4,grand_tier,3.6,8.0,0.45,4.5,50.2,False,31.5,0.0,1.0,False,False,-9.1,60.8
boxes:P:7,boxes,center_box,P,7,CTRBOX,405,19.63,18.4,88.96,99.4,79.8,11.4,-5.5,grand_tier,6.7,8.0,0.84,4.7,30.3,False,31.5,0.0,1.0,False,False,-9.4,59.8
boxes:P:8,boxes,center_box,P,8,CTRBOX,405,16.31,18.4,89.77,99.6,79.8,9.5,-5.5,grand_tier,6.9,8.0,0.86,4.8,29.8,False,31.5,0.0,1.0,False,False,-9.4,60.0
boxes:Q:1,boxes,center_box,Q,1,CTRBOX,405,25.94,17.4,80.45,92.6,73.5,16.3,-5.3,none,0.0,,0.0,56.6,95.3,False,31.5,0.0,1.0,True,True,-8.7,71.1
boxes:Q:2,boxes,center_box,Q,2,CTRBOX,405,24.17,17.4,81.14,92.8,73.6,15.2,-5.3,none,0.0,,0.0,56.6,95.3,False,31.5,0.0,1.0,True,True,-8.8,72.1
boxes:Q:3,boxes,center_box,Q,3,CTRBOX,405,22.4,17.4,81.83,93.0,73.6,14.0,-5.3,grand_tier,0.2,8.0,0.02,4.1,92.5,False,31.5,0.0,1.0,True,True,-8.8,67.4
boxes:Q:4,boxes,center_box,Q,4,CTRBOX,405,23.49,17.9,84.62,96.0,76.7,14.2,-5.4,grand_tier,3.3,8.0,0.41,4.4,53.2,False,31.5,0.0,1.0,False,False,-9.1,60.7
boxes:Q:5,boxes,center_box,Q,5,CTRBOX,405,25.26,17.9,83.93,95.8,76.6,15.4,-5.5,grand_tier,3.0,8.0,0.38,4.3,55.2,False,31.5,0.0,1.0,False,False,-9.0,60.2
boxes:Q:6,boxes,center_box,Q,6,CTRBOX,405,27.03,17.9,83.24,95.6,76.6,16.5,-5.5,grand_tier,2.9,8.0,0.36,4.3,57.0,False,31.5,0.0,0.99,False,False,-9.0,58.6
boxes:Q:7,boxes,center_box,Q,7,CTRBOX,405,27.95,18.4,86.11,98.6,79.6,16.5,-5.6,grand_tier,6.0,8.0,0.75,4.6,32.9,False,31.5,0.0,0.99,False,False,-9.3,57.9
boxes:Q:8,boxes,center_box,Q,8,CTRBOX,405,24.76,18.4,87.35,99.0,79.7,14.6,-5.6,grand_tier,6.3,8.0,0.79,4.7,31.7,False,31.5,0.0,1.0,False,False,-9.3,60.0
boxes:R:1,boxes,center_box,R,1,CTRBOX,405,32.7,17.4,76.93,91.4,73.1,21.1,-5.4,none,0.0,,0.0,56.6,95.4,False,31.5,0.0,0.96,True,True,-8.6,64.4
boxes:R:2,boxes,center_box,R,2,CTRBOX,405,31.05,17.4,77.87,91.7,73.2,19.9,-5.4,none,0.0,,0.0,56.6,95.4,False,31.5,0.0,0.97,True,True,-8.7,66.1
boxes:R:3,boxes,center_box,R,3,CTRBOX,405,29.4,17.4,78.81,92.1,73.4,18.7,-5.4,none,0.0,,0.0,56.6,95.4,False,31.5,0.0,0.98,True,True,-8.7,67.7
boxes:R:4,boxes,center_box,R,4,CTRBOX,405,30.89,17.9,81.42,95.0,76.4,19.1,-5.5,grand_tier,2.3,8.0,0.29,4.2,63.0,False,31.5,0.0,0.97,True,False,-9.0,60.8
boxes:R:5,boxes,center_box,R,5,CTRBOX,405,32.54,17.9,80.48,94.7,76.3,20.2,-5.5,grand_tier,1.9,8.0,0.24,4.1,67.2,False,31.5,0.0,0.96,True,False,-8.9,59.0
boxes:R:6,boxes,center_box,R,6,CTRBOX,405,34.19,17.9,79.54,94.4,76.2,21.3,-5.5,grand_tier,1.6,8.0,0.2,4.0,71.3,False,31.5,0.0,0.95,True,True,-8.9,57.2
boxes:R:7,boxes,center_box,R,7,CTRBOX,405,35.51,18.4,82.23,97.4,79.2,21.5,-5.7,grand_tier,4.8,8.0,0.61,4.3,38.3,False,31.5,0.0,0.94,False,False,-9.2,49.7
boxes:R:8,boxes,center_box,R,8,CTRBOX,405,32.54,18.4,83.93,98.0,79.4,19.5,-5.6,grand_tier,5.4,8.0,0.67,4.4,35.5,False,31.5,0.0,0.96,False,False,-9.2,52.9
boxes:S:1,boxes,center_box,S,1,CTRBOX,405,38.42,17.4,72.63,89.7,72.3,25.5,-5.5,none,0.0,,0.0,56.6,95.5,False,31.5,0.0,0.92,True,True,-8.5,58.4
boxes:S:2,boxes,center_box,S,2,CTRBOX,405,36.96,17.4,73.83,90.2,72.6,24.3,-5.5,none,0.0,,0.0,56.6,95.5,False,31.5,0.0,0.93,True,True,-8.5,60.0
boxes:S:3,boxes,center_box,S,3,CTRBOX,405,35.49,17.4,75.04,90.7,72.8,23.1,-5.4,none,0.0,,0.0,56.6,95.4,False,31.5,0.0,0.94,True,True,-8.6,61.6
boxes:S:4,boxes,center_box,S,4,CTRBOX,405,37.39,17.9,77.36,93.6,75.8,23.7,-5.6,grand_tier,0.8,8.0,0.09,3.8,83.8,False,31.5,0.0,0.93,True,True,-8.8,53.5
boxes:S:5,boxes,center_box,S,5,CTRBOX,405,38.86,17.9,76.15,93.1,75.6,24.8,-5.6,grand_tier,0.2,8.0,0.02,3.6,92.5,False,31.5,0.0,0.92,True,True,-8.8,51.5
boxes:S:6,boxes,center_box,S,6,CTRBOX,405,40.33,17.9,74.95,92.7,75.4,25.9,-5.6,none,0.0,,0.0,56.1,95.6,False,31.5,0.0,0.91,True,True,-8.7,56.0
boxes:S:7,boxes,center_box,S,7,CTRBOX,405,42.08,18.4,77.39,95.7,78.4,26.2,-5.8,grand_tier,3.0,8.0,0.37,3.8,52.1,False,31.5,0.0,0.9,False,False,-9.0,42.2
boxes:S:8,boxes,center_box,S,8,CTRBOX,405,39.44,18.4,79.56,96.5,78.8,24.2,-5.7,grand_tier,3.9,8.0,0.48,4.0,44.4,False,31.5,0.0,0.92,False,False,-9.1,45.5
boxes:T:1,boxes,center_box,T,1,CTRBOX,405,42.91,17.4,67.66,87.4,71.0,29.6,-5.6,none,0.0,,0.0,56.6,95.6,False,31.5,0.17,0.88,True,True,-8.2,54.4
boxes:T:2,boxes,center_box,T,2,CTRBOX,405,41.7,17.4,69.12,88.1,71.4,28.4,-5.6,none,0.0,,0.0,56.6,95.6,False,31.5,0.08,0.89,True,True,-8.3,55.2
boxes:T:3,boxes,center_box,T,3,CTRBOX,405,40.5,17.4,70.59,88.8,71.9,27.3,-5.6,none,0.0,,0.0,56.6,95.6,False,31.5,0.08,0.9,True,True,-8.4,56.5
boxes:T:4,boxes,center_box,T,4,CTRBOX,405,42.81,17.9,72.5,91.6,74.8,28.0,-5.7,none,0.0,,0.0,56.1,95.7,False,31.5,0.08,0.89,True,True,-8.6,53.9
boxes:T:5,boxes,center_box,T,5,CTRBOX,405,44.02,17.9,71.03,90.9,74.4,29.1,-5.7,none,0.0,,0.0,56.1,95.7,False,31.5,0.08,0.88,True,True,-8.6,52.5
boxes:T:6,boxes,center_box,T,6,CTRBOX,405,45.23,17.9,69.56,90.2,74.0,30.2,-5.8,none,0.0,,0.0,56.1,95.8,False,31.5,0.17,0.87,True,True,-8.5,51.9
boxes:T:7,boxes,center_box,T,7,CTRBOX,405,47.42,18.4,71.61,93.2,77.0,30.8,-5.9,grand_tier,0.1,8.0,0.01,3.1,94.6,False,31.5,0.08,0.86,True,True,-8.8,41.3
boxes:T:8,boxes,center_box,T,8,CTRBOX,405,45.25,18.4,74.25,94.4,77.7,28.8,-5.8,grand_tier,1.5,8.0,0.19,3.5,70.2,False,31.5,0.08,0.88,True,False,-8.9,44.9
boxes:U:1,boxes,center_box,U,1,CTRBOX,405,45.96,17.4,62.18,84.3,68.9,33.2,-5.9,none,0.0,,0.0,56.6,95.9,False,31.5,0.25,0.85,True,True,-7.9,51.1
boxes:U:2,boxes,center_box,U,2,CTRBOX,405,45.12,17.4,63.88,85.3,69.6,32.1,-5.8,none,0.0,,0.0,56.6,95.8,False,31.5,0.17,0.86,True,True,-8.0,51.7
boxes:U:3,boxes,center_box,U,3,CTRBOX,405,44.28,17.4,65.58,86.3,70.3,31.0,-5.7,none,0.0,,0.0,56.6,95.7,False,31.5,0.17,0.87,True,True,-8.1,52.9
boxes:U:4,boxes,center_box,U,4,CTRBOX,405,46.97,17.9,66.91,88.9,73.1,32.1,-5.9,none,0.0,,0.0,56.1,95.9,False,31.5,0.17,0.85,True,True,-8.4,49.4
boxes:U:5,boxes,center_box,U,5,CTRBOX,405,47.81,17.9,65.21,87.9,72.4,33.1,-5.9,none,0.0,,0.0,56.1,95.9,False,31.5,0.25,0.84,True,True,-8.3,48.9
boxes:U:6,boxes,center_box,U,6,CTRBOX,405,48.65,17.9,63.51,87.0,71.8,34.2,-6.0,none,0.0,,0.0,56.1,96.0,False,31.5,0.25,0.83,True,True,-8.2,47.6
boxes:U:7,boxes,center_box,U,7,CTRBOX,405,51.26,18.4,65.01,89.7,74.7,35.1,-6.1,none,0.0,,0.0,55.6,96.1,False,31.5,0.25,0.81,True,True,-8.5,44.2
boxes:U:8,boxes,center_box,U,8,CTRBOX,405,49.74,18.4,68.07,91.4,75.9,33.2,-6.0,none,0.0,,0.0,55.6,96.0,False,31.5,0.17,0.83,True,True,-8.6,45.9
boxes:V:1,boxes,center_box,V,1,CTRBOX,405,47.45,17.4,56.4,80.5,66.1,36.4,-6.1,none,0.0,,0.0,56.6,96.1,False,31.5,0.33,0.82,True,True,-7.5,48.6
boxes:V:2,boxes,center_box,V,2,CTRBOX,405,47.07,17.4,58.26,81.7,67.0,35.4,-6.0,none,0.0,,0.0,56.6,96.0,False,31.5,0.33,0.83,True,True,-7.7,49.6
boxes:V:3,boxes,center_box,V,3,CTRBOX,405,46.69,17.4,60.12,83.0,68.0,34.4,-5.9,none,0.0,,0.0,56.6,95.9,False,31.5,0.25,0.83,True,True,-7.8,49.4
boxes:V:4,boxes,center_box,V,4,CTRBOX,405,49.63,17.9,60.72,85.3,70.6,35.8,-6.1,none,0.0,,0.0,56.1,96.1,False,31.5,0.33,0.81,True,True,-8.0,46.3
boxes:V:5,boxes,center_box,V,5,CTRBOX,405,50.01,17.9,58.86,84.0,69.7,36.8,-6.2,none,0.0,,0.0,56.1,96.2,False,31.5,0.33,0.8,True,True,-7.9,45.3
boxes:V:6,boxes,center_box,V,6,CTRBOX,405,50.39,17.9,57.0,82.7,68.7,37.8,-6.3,none,0.0,,0.0,56.1,96.3,False,31.5,0.33,0.79,True,True,-7.8,44.3
boxes:V:7,boxes,center_box,V,7,CTRBOX,405,53.29,18.4,57.79,85.2,71.5,39.0,-6.5,none,0.0,,0.0,55.6,96.5,False,31.5,0.33,0.77,True,True,-8.0,40.7
boxes:V:8,boxes,center_box,V,8,CTRBOX,405,52.6,18.4,61.14,87.4,73.1,37.3,-6.3,none,0.0,,0.0,55.6,96.3,False,31.5,0.33,0.79,True,True,-8.2,42.6
boxes:W:1,boxes,side_box,W,1,BOX,377,47.5,17.4,50.28,75.7,62.4,39.2,-6.5,none,0.0,,0.0,56.6,96.5,False,31.5,0.5,0.79,True,True,-7.0,47.7
boxes:W:2,boxes,side_box,W,2,BOX,377,47.5,17.4,52.18,77.1,63.5,38.3,-6.4,none,0.0,,0.0,56.6,96.4,False,31.5,0.42,0.8,True,True,-7.1,47.9
boxes:W:3,boxes,side_box,W,3,BOX,377,47.5,17.4,54.08,78.6,64.7,37.4,-6.3,none,0.0,,0.0,56.6,96.3,False,31.5,0.42,0.81,True,True,-7.3,48.6
boxes:W:4,boxes,side_box,W,4,BOX,377,50.5,17.9,54.08,80.5,67.0,39.1,-6.5,none,0.0,,0.0,56.1,96.5,False,31.5,0.42,0.78,True,True,-7.5,44.2
boxes:W:5,boxes,side_box,W,5,BOX,377,50.5,17.9,52.18,79.1,65.9,40.0,-6.6,none,0.0,,0.0,56.1,96.6,False,31.5,0.5,0.77,True,True,-7.4,44.0
boxes:W:6,boxes,side_box,W,6,BOX,377,50.5,17.9,50.28,77.6,64.8,40.9,-6.7,none,0.0,,0.0,56.1,96.7,False,31.5,0.5,0.77,True,True,-7.2,43.9
boxes:W:7,boxes,side_box,W,7,BOX,377,53.5,18.4,50.47,79.8,67.4,42.5,-6.9,none,0.0,,0.0,55.6,96.9,False,31.5,0.5,0.74,True,True,-7.4,39.4
boxes:W:8,boxes,side_box,W,8,BOX,377,53.5,18.4,53.89,82.4,69.4,40.8,-6.7,none,0.0,,0.0,55.6,96.7,False,31.5,0.42,0.75,True,True,-7.7,39.8
boxes:X:1,boxes,side_box,X,1,BOX,377,47.5,17.4,43.37,70.5,58.6,42.8,-7.0,none,0.0,,0.0,56.6,97.0,False,31.5,0.58,0.76,True,True,-6.4,45.4
boxes:X:2,boxes,side_box,X,2,BOX,377,47.5,17.4,45.27,71.9,59.6,41.7,-6.9,none,0.0,,0.0,56.6,96.9,False,31.5,0.58,0.77,True,True,-6.5,46.4
boxes:X:3,boxes,side_box,X,3,BOX,377,47.5,17.4,47.17,73.3,60.6,40.7,-6.7,none,0.0,,0.0,56.6,96.7,False,31.5,0.5,0.78,True,True,-6.7,46.7
boxes:X:4,boxes,side_box,X,4,BOX,377,50.5,17.9,47.17,75.3,63.2,42.5,-6.9,none,0.0,,0.0,56.1,96.9,False,31.5,0.58,0.75,True,True,-6.9,42.8
boxes:X:5,boxes,side_box,X,5,BOX,377,50.5,17.9,45.27,74.0,62.2,43.5,-7.1,none,0.0,,0.0,56.1,97.1,False,31.5,0.58,0.74,True,True,-6.8,41.8
boxes:X:6,boxes,side_box,X,6,BOX,377,50.5,17.9,43.37,72.6,61.2,44.5,-7.2,none,0.0,,0.0,56.1,97.2,False,31.5,0.67,0.73,True,True,-6.6,41.6
boxes:X:7,boxes,side_box,X,7,BOX,377,53.5,18.4,43.56,74.9,64.0,46.1,-7.4,none,0.0,,0.0,55.6,97.4,False,31.5,0.67,0.7,True,True,-6.9,37.1
boxes:X:8,boxes,side_box,X,8,BOX,377,53.5,18.4,46.98,77.3,65.6,44.2,-7.1,none,0.0,,0.0,55.6,97.1,False,31.5,0.58,0.72,True,True,-7.2,38.3
boxes:Y:1,boxes,side_box,Y,1,BOX,377,47.5,17.4,36.46,65.6,55.5,46.9,-7.5,none,0.0,,0.0,56.6,97.5,False,31.5,0.75,0.72,True,True,-5.7,42.6
boxes:Y:2,boxes,side_box,Y,2,BOX,377,47.5,17.4,38.36,66.9,56.3,45.7,-7.4,none,0.0,,0.0,56.6,97.4,False,31.5,0.75,0.73,True,True,-5.9,43.8
boxes:Y:3,boxes,side_box,Y,3,BOX,377,47.5,17.4,40.26,68.3,57.2,44.5,-7.2,none,0.0,,0.0,56.6,97.2,False,31.5,0.67,0.74,True,True,-6.1,44.3
boxes:Y:4,boxes,side_box,Y,4,BOX,377,50.5,17.9,40.26,70.4,59.8,46.3,-7.4,none,0.0,,0.0,56.1,97.4,False,31.5,0.67,0.71,True,True,-6.4,39.7
boxes:Y:5,boxes,side_box,Y,5,BOX,377,50.5,17.9,38.36,69.2,59.0,47.4,-7.6,none,0.0,,0.0,56.1,97.6,False,31.5,0.75,0.69,True,True,-6.2,38.6
boxes:Y:6,boxes,side_box,Y,6,BOX,377,50.5,17.9,36.46,67.9,58.3,48.6,-7.7,none,0.0,,0.0,56.1,97.7,False,31.5,0.75,0.68,True,True,-6.0,37.4
boxes:Z:1,boxes,side_box,Z,1,BOX,377,47.5,17.4,29.55,61.2,53.1,51.7,-8.1,none,0.0,,0.0,56.6,98.1,False,31.5,0.92,0.65,True,True,-5.1,37.1
boxes:Z:2,boxes,side_box,Z,2,BOX,377,47.5,17.4,31.45,62.3,53.7,50.3,-7.9,none,0.0,,0.0,56.6,97.9,False,31.5,0.83,0.67,True,True,-5.3,38.4
boxes:Z:3,boxes,side_box,Z,3,BOX,377,47.5,17.4,33.35,63.6,54.3,49.0,-7.8,none,0.0,,0.0,56.6,97.8,False,31.5,0.83,0.69,True,True,-5.5,40.3
boxes:Z:4,boxes,side_box,Z,4,BOX,377,50.5,17.9,33.35,65.9,57.1,50.7,-7.9,none,0.0,,0.0,56.1,97.9,False,31.5,0.83,0.65,True,True,-5.8,35.1
boxes:Z:5,boxes,side_box,Z,5,BOX,377,50.5,17.9,31.45,64.7,56.5,52.0,-8.1,none,0.0,,0.0,56.1,98.1,False,31.5,0.83,0.63,True,True,-5.6,33.2
boxes:Z:6,boxes,side_box,Z,6,BOX,377,50.5,17.9,29.55,63.6,56.0,53.4,-8.2,none,0.0,,0.0,56.1,98.2,False,31.5,0.92,0.6,True,True,-5.5,31.2
grand_tier:AA:101,grand_tier,center,AA,101,GTP,310,-11.35,27.9,85.66,96.3,77.9,6.9,-11.4,none,0.0,,0.0,46.1,101.4,False,31.5,0.33,1.0,True,True,-9.1,73.2
grand_tier:AA:102,grand_tier,center,AA,102,GTP,310,-9.61,27.9,85.85,96.3,77.9,5.8,-11.4,none,0.0,,0.0,46.1,101.4,False,31.5,0.33,1.0,True,True,-9.1,73.2
grand_tier:AA:103,grand_tier,center,AA,103,GTP,310,-7.87,27.9,86.01,96.3,77.8,4.8,-11.4,none,0.0,,0.0,46.1,101.4,False,31.5,0.33,1.0,True,True,-9.1,73.2
grand_tier:AA:104,grand_tier,center,AA,104,GTP,310,-6.12,27.9,86.14,96.2,77.8,3.7,-11.4,none,0.0,,0.0,46.1,101.4,False,31.5,0.33,1.0,True,True,-9.1,73.3
grand_tier:AA:105,grand_tier,center,AA,105,GTP,310,-4.37,27.9,86.23,96.2,77.7,2.7,-11.4,none,0.0,,0.0,46.1,101.4,False,31.5,0.33,1.0,True,True,-9.1,73.3
grand_tier:AA:106,grand_tier,center,AA,106,GTP,310,-2.62,27.9,86.29,96.2,77.7,1.6,-11.4,none,0.0,,0.0,46.1,101.4,False,31.5,0.33,1.0,True,True,-9.1,73.3
grand_tier:AA:107,grand_tier,center,AA,107,GTP,310,-0.87,27.9,86.33,96.2,77.7,0.5,-11.4,none,0.0,,0.0,46.1,101.4,False,31.5,0.33,1.0,True,True,-9.1,73.3
grand_tier:AA:108,grand_tier,center,AA,108,GTP,310,0.87,27.9,86.33,96.2,77.7,0.5,-11.4,none,0.0,,0.0,46.1,101.4,False,31.5,0.33,1.0,True,True,-9.1,73.3
grand_tier:AA:109,grand_tier,center,AA,109,GTP,310,2.62,27.9,86.29,96.2,77.7,1.6,-11.4,none,0.0,,0.0,46.1,101.4,False,31.5,0.33,1.0,True,True,-9.1,73.3
grand_tier:AA:110,grand_tier,center,AA,110,GTP,310,4.37,27.9,86.23,96.2,77.7,2.7,-11.4,none,0.0,,0.0,46.1,101.4,False,31.5,0.33,1.0,True,True,-9.1,73.3
grand_tier:AA:111,grand_tier,center,AA,111,GTP,310,6.12,27.9,86.14,96.2,77.8,3.7,-11.4,none,0.0,,0.0,46.1,101.4,False,31.5,0.33,1.0,True,True,-9.1,73.3
grand_tier:AA:112,grand_tier,center,AA,112,GTP,310,7.87,27.9,86.01,96.3,77.8,4.8,-11.4,none,0.0,,0.0,46.1,101.4,False,31.5,0.33,1.0,True,True,-9.1,73.2
grand_tier:AA:113,grand_tier,center,AA,113,GTP,310,9.61,27.9,85.85,96.3,77.9,5.8,-11.4,none,0.0,,0.0,46.1,101.4,False,31.5,0.33,1.0,True,True,-9.1,73.2
grand_tier:AA:114,grand_tier,center,AA,114,GTP,310,11.35,27.9,85.66,96.3,77.9,6.9,-11.4,none,0.0,,0.0,46.1,101.4,False,31.5,0.33,1.0,True,True,-9.1,73.2
grand_tier:AA:1,grand_tier,side_odd,AA,1,GTP,310,-16.54,27.9,84.9,96.3,78.1,10.1,-11.4,none,0.0,,0.0,46.1,101.4,False,31.5,0.33,1.0,True,True,-9.1,73.2
grand_tier:AA:3,grand_tier,side_odd,AA,3,GTP,310,-18.26,27.9,84.58,96.3,78.2,11.2,-11.4,none,0.0,,0.0,46.1,101.4,False,31.5,0.33,1.0,True,True,-9.1,73.2
grand_tier:AA:5,grand_tier,side_odd,AA,5,GTP,310,-19.98,27.9,84.24,96.3,78.4,12.2,-11.4,none,0.0,,0.0,46.1,101.4,False,31.5,0.33,1.0,True,True,-9.1,73.2
grand_tier:AA:7,grand_tier,side_odd,AA,7,GTP,310,-21.69,27.9,83.86,96.3,78.5,13.3,-11.4,none,0.0,,0.0,46.1,101.4,False,31.5,0.33,1.0,True,True,-9.1,73.2
grand_tier:AA:9,grand_tier,side_odd,AA,9,GTP,310,-23.39,27.9,83.45,96.3,78.6,14.3,-11.4,none,0.0,,0.0,46.1,101.4,False,31.5,0.33,1.0,True,True,-9.1,73.2
grand_tier:AA:11,grand_tier,side_odd,AA,11,GTP,310,-25.08,27.9,83.01,96.3,78.7,15.4,-11.4,none,0.0,,0.0,46.1,101.4,False,31.5,0.33,1.0,True,True,-9.1,72.8
grand_tier:AA:13,grand_tier,side_odd,AA,13,GTP,310,-26.77,27.9,82.54,96.3,78.9,16.5,-11.4,none,0.0,,0.0,46.1,101.4,False,31.5,0.33,1.0,True,True,-9.1,71.7
grand_tier:AA:15,grand_tier,side_odd,AA,15,GTP,310,-28.44,27.9,82.03,96.3,79.0,17.5,-11.4,none,0.0,,0.0,46.1,101.4,False,31.5,0.33,0.99,True,True,-9.1,70.1
grand_tier:AA:17,grand_tier,side_odd,AA,17,GTP,310,-30.11,27.9,81.5,96.3,79.2,18.6,-11.4,none,0.0,,0.0,46.1,101.4,False,31.5,0.33,0.98,True,True,-9.1,68.4
grand_tier:AA:19,grand_tier,side_odd,AA,19,GTP2,260,-31.77,27.9,80.94,96.4,79.4,19.7,-11.4,none,0.0,,0.0,46.1,101.4,False,31.5,0.33,0.97,True,True,-9.1,66.7
grand_tier:AA:21,grand_tier,side_odd,AA,21,GTP2,260,-33.42,27.9,80.35,96.4,79.5,20.7,-11.4,none,0.0,,0.0,46.1,101.4,False,31.5,0.33,0.96,True,True,-9.1,65.1
grand_tier:AA:23,grand_tier,side_odd,AA,23,GTP2,260,-35.05,27.9,79.73,96.4,79.7,21.8,-11.4,none,0.0,,0.0,46.1,101.4,False,31.5,0.33,0.95,True,True,-9.1,63.4
grand_tier:AA:25,grand_tier,side_odd,AA,25,GTP2,260,-36.68,27.9,79.08,96.4,79.9,22.8,-11.4,none,0.0,,0.0,46.1,101.4,False,31.5,0.42,0.94,True,True,-9.1,62.5
grand_tier:AA:27,grand_tier,side_odd,AA,27,GTP2,260,-38.29,27.9,78.39,96.4,80.1,23.9,-11.4,none,0.0,,0.0,46.1,101.4,False,31.5,0.42,0.92,True,True,-9.1,60.2
grand_tier:AA:2,grand_tier,side_even,AA,2,GTP,310,16.54,27.9,84.9,96.3,78.1,10.1,-11.4,none,0.0,,0.0,46.1,101.4,False,31.5,0.33,1.0,True,True,-9.1,73.2
grand_tier:AA:4,grand_tier,side_even,AA,4,GTP,310,18.26,27.9,84.58,96.3,78.2,11.2,-11.4,none,0.0,,0.0,46.1,101.4,False,31.5,0.33,1.0,True,True,-9.1,73.2
grand_tier:AA:6,grand_tier,side_even,AA,6,GTP,310,19.98,27.9,84.24,96.3,78.4,12.2,-11.4,none,0.0,,0.0,46.1,101.4,False,31.5,0.33,1.0,True,True,-9.1,73.2
grand_tier:AA:8,grand_tier,side_even,AA,8,GTP,310,21.69,27.9,83.86,96.3,78.5,13.3,-11.4,none,0.0,,0.0,46.1,101.4,False,31.5,0.33,1.0,True,True,-9.1,73.2
grand_tier:AA:10,grand_tier,side_even,AA,10,GTP,310,23.39,27.9,83.45,96.3,78.6,14.3,-11.4,none,0.0,,0.0,46.1,101.4,False,31.5,0.33,1.0,True,True,-9.1,73.2
grand_tier:AA:12,grand_tier,side_even,AA,12,GTP,310,25.08,27.9,83.01,96.3,78.7,15.4,-11.4,none,0.0,,0.0,46.1,101.4,False,31.5,0.33,1.0,True,True,-9.1,72.8
grand_tier:AA:14,grand_tier,side_even,AA,14,GTP,310,26.77,27.9,82.54,96.3,78.9,16.5,-11.4,none,0.0,,0.0,46.1,101.4,False,31.5,0.33,1.0,True,True,-9.1,71.7
grand_tier:AA:16,grand_tier,side_even,AA,16,GTP,310,28.44,27.9,82.03,96.3,79.0,17.5,-11.4,none,0.0,,0.0,46.1,101.4,False,31.5,0.33,0.99,True,True,-9.1,70.1
grand_tier:AA:18,grand_tier,side_even,AA,18,GTP,310,30.11,27.9,81.5,96.3,79.2,18.6,-11.4,none,0.0,,0.0,46.1,101.4,False,31.5,0.33,0.98,True,True,-9.1,68.4
grand_tier:AA:20,grand_tier,side_even,AA,20,GTP2,260,31.77,27.9,80.94,96.4,79.4,19.7,-11.4,none,0.0,,0.0,46.1,101.4,False,31.5,0.33,0.97,True,True,-9.1,66.7
grand_tier:AA:22,grand_tier,side_even,AA,22,GTP2,260,33.42,27.9,80.35,96.4,79.5,20.7,-11.4,none,0.0,,0.0,46.1,101.4,False,31.5,0.33,0.96,True,True,-9.1,65.1
grand_tier:AA:24,grand_tier,side_even,AA,24,GTP2,260,35.05,27.9,79.73,96.4,79.7,21.8,-11.4,none,0.0,,0.0,46.1,101.4,False,31.5,0.33,0.95,True,True,-9.1,63.4
grand_tier:AA:26,grand_tier,side_even,AA,26,GTP2,260,36.68,27.9,79.08,96.4,79.9,22.8,-11.4,none,0.0,,0.0,46.1,101.4,False,31.5,0.42,0.94,True,True,-9.1,62.5
grand_tier:AA:28,grand_tier,side_even,AA,28,GTP2,260,38.29,27.9,78.39,96.4,80.1,23.9,-11.4,none,0.0,,0.0,46.1,101.4,False,31.5,0.42,0.92,True,True,-9.1,60.2
grand_tier:AA:29,grand_tier,far_odd,AA,29,GT,180,-43.05,27.9,76.18,96.5,80.8,27.1,-11.4,none,0.0,,0.0,46.1,101.4,False,31.5,0.42,0.89,True,True,-9.1,55.1
grand_tier:AA:31,grand_tier,far_odd,AA,31,GT,180,-44.6,27.9,75.38,96.5,81.0,28.1,-11.4,none,0.0,,0.0,46.1,101.4,False,31.5,0.42,0.88,True,True,-9.1,53.5
grand_tier:AA:33,grand_tier,far_odd,AA,33,GT,180,-46.15,27.9,74.56,96.5,81.3,29.2,-11.4,none,0.0,,0.0,46.1,101.4,False,31.5,0.42,0.87,True,True,-9.1,51.8
grand_tier:AA:35,grand_tier,far_odd,AA,35,GT,180,-47.68,27.9,73.7,96.5,81.5,30.3,-11.4,none,0.0,,0.0,46.1,101.4,False,31.5,0.42,0.86,True,True,-9.1,50.1
grand_tier:AA:37,grand_tier,far_odd,AA,37,GT,180,-49.19,27.9,72.82,96.5,81.8,31.3,-11.4,none,0.0,,0.0,46.1,101.4,False,31.5,0.42,0.85,True,True,-9.1,48.5
grand_tier:AA:39,grand_tier,far_odd,AA,39,GT,180,-50.69,27.9,71.92,96.5,82.0,32.4,-11.4,none,0.0,,0.0,46.1,101.4,False,31.5,0.42,0.83,True,True,-9.1,46.2
grand_tier:AA:30,grand_tier,far_even,AA,30,GT,180,43.05,27.9,76.18,96.5,80.8,27.1,-11.4,none,0.0,,0.0,46.1,101.4,False,31.5,0.42,0.89,True,True,-9.1,55.1
grand_tier:AA:32,grand_tier,far_even,AA,32,GT,180,44.6,27.9,75.38,96.5,81.0,28.1,-11.4,none,0.0,,0.0,46.1,101.4,False,31.5,0.42,0.88,True,True,-9.1,53.5
grand_tier:AA:34,grand_tier,far_even,AA,34,GT,180,46.15,27.9,74.56,96.5,81.3,29.2,-11.4,none,0.0,,0.0,46.1,101.4,False,31.5,0.42,0.87,True,True,-9.1,51.8
grand_tier:AA:36,grand_tier,far_even,AA,36,GT,180,47.68,27.9,73.7,96.5,81.5,30.3,-11.4,none,0.0,,0.0,46.1,101.4,False,31.5,0.42,0.86,True,True,-9.1,50.1
grand_tier:AA:38,grand_tier,far_even,AA,38,GT,180,49.19,27.9,72.82,96.5,81.8,31.3,-11.4,none,0.0,,0.0,46.1,101.4,False,31.5,0.42,0.85,True,True,-9.1,48.5
grand_tier:AA:40,grand_tier,far_even,AA,40,GT,180,50.69,27.9,71.92,96.5,82.0,32.4,-11.4,none,0.0,,0.0,46.1,101.4,False,31.5,0.42,0.83,True,True,-9.1,46.2
grand_tier:BB:101,grand_tier,center,BB,101,GTP,310,-10.48,28.6,88.62,99.2,80.8,6.2,-11.5,dress_circle,0.9,7.1,0.12,3.2,85.1,False,31.5,0.25,1.0,True,True,-9.3,64.2
grand_tier:BB:102,grand_tier,center,BB,102,GTP,310,-8.74,28.6,88.79,99.2,80.7,5.2,-11.5,dress_circle,0.9,7.1,0.12,3.2,85.1,False,31.5,0.25,1.0,True,True,-9.3,64.2
grand_tier:BB:103,grand_tier,center,BB,103,GTP,310,-6.99,28.6,88.93,99.2,80.7,4.1,-11.5,dress_circle,0.9,7.1,0.12,3.2,85.1,False,31.5,0.25,1.0,True,True,-9.3,64.2
grand_tier:BB:104,grand_tier,center,BB,104,GTP,310,-5.25,28.6,89.04,99.2,80.7,3.1,-11.5,dress_circle,0.9,7.0,0.12,3.2,85.1,False,31.5,0.25,1.0,True,True,-9.3,64.2
grand_tier:BB:105,grand_tier,center,BB,105,GTP,310,-3.5,28.6,89.12,99.2,80.6,2.1,-11.5,dress_circle,0.9,7.0,0.12,3.2,85.2,False,31.5,0.25,1.0,True,True,-9.3,64.2
grand_tier:BB:106,grand_tier,center,BB,106,GTP,310,-1.75,28.6,89.16,99.2,80.6,1.0,-11.5,dress_circle,0.9,7.0,0.12,3.2,85.2,False,31.5,0.25,1.0,True,True,-9.3,64.2
grand_tier:BB:107,grand_tier,center,BB,107,GTP,310,0.0,28.6,89.18,99.2,80.6,0.0,-11.5,dress_circle,0.8,7.0,0.12,3.2,85.2,False,31.5,0.25,1.0,True,True,-9.3,64.2
grand_tier:BB:108,grand_tier,center,BB,108,GTP,310,1.75,28.6,89.16,99.2,80.6,1.0,-11.5,dress_circle,0.9,7.0,0.12,3.2,85.2,False,31.5,0.25,1.0,True,True,-9.3,64.2
grand_tier:BB:109,grand_tier,center,BB,109,GTP,310,3.5,28.6,89.12,99.2,80.6,2.1,-11.5,dress_circle,0.9,7.0,0.12,3.2,85.2,False,31.5,0.25,1.0,True,True,-9.3,64.2
grand_tier:BB:110,grand_tier,center,BB,110,GTP,310,5.25,28.6,89.04,99.2,80.7,3.1,-11.5,dress_circle,0.9,7.0,0.12,3.2,85.1,False,31.5,0.25,1.0,True,True,-9.3,64.2
grand_tier:BB:111,grand_tier,center,BB,111,GTP,310,6.99,28.6,88.93,99.2,80.7,4.1,-11.5,dress_circle,0.9,7.1,0.12,3.2,85.1,False,31.5,0.25,1.0,True,True,-9.3,64.2
grand_tier:BB:112,grand_tier,center,BB,112,GTP,310,8.74,28.6,88.79,99.2,80.7,5.2,-11.5,dress_circle,0.9,7.1,0.12,3.2,85.1,False,31.5,0.25,1.0,True,True,-9.3,64.2
grand_tier:BB:113,grand_tier,center,BB,113,GTP,310,10.48,28.6,88.62,99.2,80.8,6.2,-11.5,dress_circle,0.9,7.1,0.12,3.2,85.1,False,31.5,0.25,1.0,True,True,-9.3,64.2
grand_tier:BB:1,grand_tier,side_odd,BB,1,GTP,310,-16.55,28.6,87.79,99.2,81.0,9.8,-11.5,dress_circle,0.9,7.4,0.12,3.2,84.9,False,31.5,0.33,1.0,True,True,-9.3,64.8
grand_tier:BB:3,grand_tier,side_odd,BB,3,GTP,310,-18.27,28.6,87.48,99.2,81.1,10.8,-11.5,dress_circle,0.9,7.4,0.12,3.2,84.9,False,31.5,0.33,1.0,True,True,-9.3,64.8
grand_tier:BB:5,grand_tier,side_odd,BB,5,GTP,310,-19.99,28.6,87.15,99.2,81.2,11.9,-11.5,dress_circle,0.9,7.5,0.12,3.2,84.8,False,31.5,0.33,1.0,True,True,-9.3,64.8
grand_tier:BB:7,grand_tier,side_odd,BB,7,GTP,310,-21.7,28.6,86.78,99.2,81.3,12.9,-11.5,dress_circle,0.9,7.5,0.12,3.2,84.8,False,31.5,0.33,1.0,True,True,-9.3,64.8
grand_tier:BB:9,grand_tier,side_odd,BB,9,GTP,310,-23.4,28.6,86.38,99.2,81.4,13.9,-11.5,dress_circle,0.9,7.5,0.12,3.2,84.7,False,31.5,0.33,1.0,True,True,-9.3,64.8
grand_tier:BB:11,grand_tier,side_odd,BB,11,GTP,310,-25.1,28.6,85.95,99.2,81.6,15.0,-11.5,dress_circle,0.9,7.5,0.12,3.2,84.6,False,31.5,0.33,1.0,True,True,-9.3,64.8
grand_tier:BB:13,grand_tier,side_odd,BB,13,GTP,310,-26.79,28.6,85.49,99.3,81.7,16.0,-11.5,dress_circle,0.9,7.5,0.12,3.2,84.6,False,31.5,0.33,1.0,True,True,-9.3,63.8
grand_tier:BB:15,grand_tier,side_odd,BB,15,GTP,310,-28.47,28.6,85.01,99.3,81.8,17.0,-11.5,dress_circle,0.9,7.5,0.12,3.2,84.5,False,31.5,0.33,0.99,True,True,-9.3,62.2
grand_tier:BB:17,grand_tier,side_odd,BB,17,GTP,310,-30.14,28.6,84.49,99.3,82.0,18.0,-11.5,dress_circle,0.9,7.5,0.12,3.2,84.4,False,31.5,0.33,0.98,True,True,-9.3,60.6
grand_tier:BB:19,grand_tier,side_odd,BB,19,GTP2,260,-31.8,28.6,83.94,99.3,82.2,19.1,-11.5,dress_circle,0.9,7.5,0.12,3.2,84.3,False,31.5,0.33,0.97,True,True,-9.3,58.9
grand_tier:BB:21,grand_tier,side_odd,BB,21,GTP2,260,-33.46,28.6,83.37,99.3,82.3,20.1,-11.5,dress_circle,0.9,7.5,0.12,3.2,84.2,False,31.5,0.33,0.96,True,True,-9.3,57.3
grand_tier:BB:23,grand_tier,side_odd,BB,23,GTP2,260,-35.1,28.6,82.76,99.3,82.5,21.1,-11.5,dress_circle,0.9,7.5,0.12,3.2,84.1,False,31.5,0.33,0.95,True,True,-9.3,55.7
grand_tier:BB:25,grand_tier,side_odd,BB,25,GTP2,260,-36.73,28.6,82.13,99.3,82.7,22.2,-11.5,dress_circle,0.9,7.5,0.12,3.2,84.0,False,31.5,0.33,0.94,True,True,-9.3,54.0
grand_tier:BB:27,grand_tier,side_odd,BB,27,GTP2,260,-38.35,28.6,81.47,99.3,82.9,23.2,-11.5,dress_circle,0.9,7.5,0.12,3.2,83.9,False,31.5,0.33,0.93,True,True,-9.3,52.4
grand_tier:BB:2,grand_tier,side_even,BB,2,GTP,310,16.55,28.6,87.79,99.2,81.0,9.8,-11.5,dress_circle,0.9,7.4,0.12,3.2,84.9,False,31.5,0.33,1.0,True,True,-9.3,64.8
grand_tier:BB:4,grand_tier,side_even,BB,4,GTP,310,18.27,28.6,87.48,99.2,81.1,10.8,-11.5,dress_circle,0.9,7.4,0.12,3.2,84.9,False,31.5,0.33,1.0,True,True,-9.3,64.8
grand_tier:BB:6,grand_tier,side_even,BB,6,GTP,310,19.99,28.6,87.15,99.2,81.2,11.9,-11.5,dress_circle,0.9,7.5,0.12,3.2,84.8,False,31.5,0.33,1.0,True,True,-9.3,64.8
grand_tier:BB:8,grand_tier,side_even,BB,8,GTP,310,21.7,28.6,86.78,99.2,81.3,12.9,-11.5,dress_circle,0.9,7.5,0.12,3.2,84.8,False,31.5,0.33,1.0,True,True,-9.3,64.8
grand_tier:BB:10,grand_tier,side_even,BB,10,GTP,310,23.4,28.6,86.38,99.2,81.4,13.9,-11.5,dress_circle,0.9,7.5,0.12,3.2,84.7,False,31.5,0.33,1.0,True,True,-9.3,64.8
grand_tier:BB:12,grand_tier,side_even,BB,12,GTP,310,25.1,28.6,85.95,99.2,81.6,15.0,-11.5,dress_circle,0.9,7.5,0.12,3.2,84.6,False,31.5,0.33,1.0,True,True,-9.3,64.8
grand_tier:BB:14,grand_tier,side_even,BB,14,GTP,310,26.79,28.6,85.49,99.3,81.7,16.0,-11.5,dress_circle,0.9,7.5,0.12,3.2,84.6,False,31.5,0.33,1.0,True,True,-9.3,63.8
grand_tier:BB:16,grand_tier,side_even,BB,16,GTP,310,28.47,28.6,85.01,99.3,81.8,17.0,-11.5,dress_circle,0.9,7.5,0.12,3.2,84.5,False,31.5,0.33,0.99,True,True,-9.3,62.2
grand_tier:BB:18,grand_tier,side_even,BB,18,GTP,310,30.14,28.6,84.49,99.3,82.0,18.0,-11.5,dress_circle,0.9,7.5,0.12,3.2,84.4,False,31.5,0.33,0.98,True,True,-9.3,60.6
grand_tier:BB:20,grand_tier,side_even,BB,20,GTP2,260,31.8,28.6,83.94,99.3,82.2,19.1,-11.5,dress_circle,0.9,7.5,0.12,3.2,84.3,False,31.5,0.33,0.97,True,True,-9.3,58.9
grand_tier:BB:22,grand_tier,side_even,BB,22,GTP2,260,33.46,28.6,83.37,99.3,82.3,20.1,-11.5,dress_circle,0.9,7.5,0.12,3.2,84.2,False,31.5,0.33,0.96,True,True,-9.3,57.3
grand_tier:BB:24,grand_tier,side_even,BB,24,GTP2,260,35.1,28.6,82.76,99.3,82.5,21.1,-11.5,dress_circle,0.9,7.5,0.12,3.2,84.1,False,31.5,0.33,0.95,True,True,-9.3,55.7
grand_tier:BB:26,grand_tier,side_even,BB,26,GTP2,260,36.73,28.6,82.13,99.3,82.7,22.2,-11.5,dress_circle,0.9,7.5,0.12,3.2,84.0,False,31.5,0.33,0.94,True,True,-9.3,54.0
grand_tier:BB:28,grand_tier,side_even,BB,28,GTP2,260,38.35,28.6,81.47,99.3,82.9,23.2,-11.5,dress_circle,0.9,7.5,0.12,3.2,83.9,False,31.5,0.33,0.93,True,True,-9.3,52.4
grand_tier:BB:29,grand_tier,far_odd,BB,29,GT,180,-43.13,28.6,79.31,99.4,83.5,26.3,-11.5,dress_circle,0.9,7.5,0.13,3.2,83.5,False,31.5,0.42,0.9,True,True,-9.4,48.1
grand_tier:BB:31,grand_tier,far_odd,BB,31,GT,180,-44.7,28.6,78.53,99.4,83.7,27.3,-11.5,dress_circle,1.0,7.5,0.13,3.2,83.3,False,31.5,0.42,0.89,True,True,-9.4,46.5
grand_tier:BB:33,grand_tier,far_odd,BB,33,GT,180,-46.26,28.6,77.73,99.4,84.0,28.4,-11.5,dress_circle,1.0,7.5,0.13,3.2,83.1,False,31.5,0.42,0.87,True,True,-9.4,44.2
grand_tier:BB:35,grand_tier,far_odd,BB,35,GT,180,-47.8,28.6,76.9,99.4,84.2,29.4,-11.5,dress_circle,1.0,7.5,0.13,3.2,83.0,False,31.5,0.42,0.86,True,True,-9.4,42.6
grand_tier:BB:37,grand_tier,far_odd,BB,37,GT,180,-49.33,28.6,76.04,99.4,84.4,30.4,-11.5,dress_circle,1.0,7.5,0.13,3.2,82.8,False,31.5,0.42,0.85,True,True,-9.4,41.0
grand_tier:BB:39,grand_tier,far_odd,BB,39,GT,180,-50.84,28.6,75.16,99.5,84.7,31.4,-11.5,dress_circle,1.0,7.5,0.13,3.2,82.6,False,31.5,0.42,0.84,True,True,-9.4,39.4
grand_tier:BB:30,grand_tier,far_even,BB,30,GT,180,43.13,28.6,79.31,99.4,83.5,26.3,-11.5,dress_circle,0.9,7.5,0.13,3.2,83.5,False,31.5,0.42,0.9,True,True,-9.4,48.1
grand_tier:BB:32,grand_tier,far_even,BB,32,GT,180,44.7,28.6,78.53,99.4,83.7,27.3,-11.5,dress_circle,1.0,7.5,0.13,3.2,83.3,False,31.5,0.42,0.89,True,True,-9.4,46.5
grand_tier:BB:34,grand_tier,far_even,BB,34,GT,180,46.26,28.6,77.73,99.4,84.0,28.4,-11.5,dress_circle,1.0,7.5,0.13,3.2,83.1,False,31.5,0.42,0.87,True,True,-9.4,44.2
grand_tier:BB:36,grand_tier,far_even,BB,36,GT,180,47.8,28.6,76.9,99.4,84.2,29.4,-11.5,dress_circle,1.0,7.5,0.13,3.2,83.0,False,31.5,0.42,0.86,True,True,-9.4,42.6
grand_tier:BB:38,grand_tier,far_even,BB,38,GT,180,49.33,28.6,76.04,99.4,84.4,30.4,-11.5,dress_circle,1.0,7.5,0.13,3.2,82.8,False,31.5,0.42,0.85,True,True,-9.4,41.0
grand_tier:BB:40,grand_tier,far_even,BB,40,GT,180,50.84,28.6,75.16,99.5,84.7,31.4,-11.5,dress_circle,1.0,7.5,0.13,3.2,82.6,False,31.5,0.42,0.84,True,True,-9.4,39.4
grand_tier:CC:101,grand_tier,center,CC,101,GTP,310,-11.35,29.3,91.4,102.1,83.7,6.5,-11.6,dress_circle,3.7,7.2,0.52,3.5,42.2,False,31.5,0.25,1.0,False,False,-9.6,57.5
grand_tier:CC:102,grand_tier,center,CC,102,GTP,310,-9.61,29.3,91.58,102.1,83.7,5.5,-11.6,dress_circle,3.7,7.1,0.52,3.5,42.2,False,31.5,0.25,1.0,False,False,-9.6,57.5
grand_tier:CC:103,grand_tier,center,CC,103,GTP,310,-7.87,29.3,91.73,102.1,83.6,4.5,-11.6,dress_circle,3.7,7.1,0.52,3.5,42.3,False,31.5,0.25,1.0,False,False,-9.6,57.5
grand_tier:CC:104,grand_tier,center,CC,104,GTP,310,-6.12,29.3,91.85,102.1,83.6,3.5,-11.6,dress_circle,3.7,7.1,0.53,3.5,42.3,False,31.5,0.25,1.0,False,False,-9.6,57.5
grand_tier:CC:105,grand_tier,center,CC,105,GTP,310,-4.37,29.3,91.94,102.1,83.6,2.5,-11.6,dress_circle,3.7,7.0,0.53,3.5,42.3,False,31.5,0.25,1.0,False,False,-9.6,57.5
grand_tier:CC:106,grand_tier,center,CC,106,GTP,310,-2.62,29.3,92.0,102.1,83.5,1.5,-11.6,dress_circle,3.7,7.0,0.53,3.5,42.3,False,31.5,0.25,1.0,False,False,-9.6,57.5
grand_tier:CC:107,grand_tier,center,CC,107,GTP,310,-0.87,29.3,92.03,102.1,83.5,0.5,-11.6,dress_circle,3.7,7.0,0.53,3.5,42.3,False,31.5,0.25,1.0,False,False,-9.6,57.5
grand_tier:CC:108,grand_tier,center,CC,108,GTP,310,0.87,29.3,92.03,102.1,83.5,0.5,-11.6,dress_circle,3.7,7.0,0.53,3.5,42.3,False,31.5,0.25,1.0,False,False,-9.6,57.5
grand_tier:CC:109,grand_tier,center,CC,109,GTP,310,2.62,29.3,92.0,102.1,83.5,1.5,-11.6,dress_circle,3.7,7.0,0.53,3.5,42.3,False,31.5,0.25,1.0,False,False,-9.6,57.5
grand_tier:CC:110,grand_tier,center,CC,110,GTP,310,4.37,29.3,91.94,102.1,83.6,2.5,-11.6,dress_circle,3.7,7.0,0.53,3.5,42.3,False,31.5,0.25,1.0,False,False,-9.6,57.5
grand_tier:CC:111,grand_tier,center,CC,111,GTP,310,6.12,29.3,91.85,102.1,83.6,3.5,-11.6,dress_circle,3.7,7.1,0.53,3.5,42.3,False,31.5,0.25,1.0,False,False,-9.6,57.5
grand_tier:CC:112,grand_tier,center,CC,112,GTP,310,7.87,29.3,91.73,102.1,83.6,4.5,-11.6,dress_circle,3.7,7.1,0.52,3.5,42.3,False,31.5,0.25,1.0,False,False,-9.6,57.5
grand_tier:CC:113,grand_tier,center,CC,113,GTP,310,9.61,29.3,91.58,102.1,83.7,5.5,-11.6,dress_circle,3.7,7.1,0.52,3.5,42.2,False,31.5,0.25,1.0,False,False,-9.6,57.5
grand_tier:CC:114,grand_tier,center,CC,114,GTP,310,11.35,29.3,91.4,102.1,83.7,6.5,-11.6,dress_circle,3.7,7.2,0.52,3.5,42.2,False,31.5,0.25,1.0,False,False,-9.6,57.5
grand_tier:CC:1,grand_tier,side_odd,CC,1,GTP,310,-16.55,29.3,90.68,102.1,83.9,9.5,-11.6,dress_circle,3.8,7.4,0.51,3.5,42.0,False,31.5,0.25,1.0,False,False,-9.6,57.5
grand_tier:CC:3,grand_tier,side_odd,CC,3,GTP,310,-18.28,29.3,90.38,102.1,84.0,10.5,-11.6,dress_circle,3.8,7.4,0.51,3.5,41.9,False,31.5,0.25,1.0,False,False,-9.6,57.5
grand_tier:CC:5,grand_tier,side_odd,CC,5,GTP,310,-19.99,29.3,90.05,102.1,84.1,11.5,-11.6,dress_circle,3.8,7.5,0.5,3.5,41.8,False,31.5,0.25,1.0,False,False,-9.6,57.5
grand_tier:CC:7,grand_tier,side_odd,CC,7,GTP,310,-21.71,29.3,89.69,102.2,84.2,12.5,-11.6,dress_circle,3.8,7.5,0.51,3.5,41.7,False,31.5,0.33,1.0,False,False,-9.6,58.1
grand_tier:CC:9,grand_tier,side_odd,CC,9,GTP,310,-23.41,29.3,89.31,102.2,84.3,13.5,-11.6,dress_circle,3.8,7.5,0.51,3.5,41.6,False,31.5,0.33,1.0,False,False,-9.6,58.1
grand_tier:CC:11,grand_tier,side_odd,CC,11,GTP,310,-25.11,29.3,88.89,102.2,84.4,14.5,-11.6,dress_circle,3.8,7.5,0.51,3.5,41.5,False,31.5,0.33,1.0,False,False,-9.6,58.1
grand_tier:CC:13,grand_tier,side_odd,CC,13,GTP,310,-26.81,29.3,88.45,102.2,84.6,15.5,-11.6,dress_circle,3.8,7.5,0.51,3.5,41.4,False,31.5,0.33,1.0,False,False,-9.6,57.6
grand_tier:CC:15,grand_tier,side_odd,CC,15,GTP,310,-28.49,29.3,87.97,102.2,84.7,16.5,-11.6,dress_circle,3.9,7.5,0.51,3.6,41.3,False,31.5,0.33,0.99,False,False,-9.6,56.3
grand_tier:CC:17,grand_tier,side_odd,CC,17,GTP,310,-30.17,29.3,87.47,102.2,84.8,17.5,-11.6,dress_circle,3.9,7.5,0.52,3.6,41.2,False,31.5,0.33,0.98,False,False,-9.6,54.7
grand_tier:CC:19,grand_tier,side_odd,CC,19,GTP2,260,-31.83,29.3,86.94,102.2,85.0,18.5,-11.6,dress_circle,3.9,7.5,0.52,3.6,41.0,False,31.5,0.33,0.97,False,False,-9.6,53.1
grand_tier:CC:21,grand_tier,side_odd,CC,21,GTP2,260,-33.49,29.3,86.38,102.2,85.1,19.5,-11.6,dress_circle,3.9,7.5,0.52,3.6,40.9,False,31.5,0.33,0.96,False,False,-9.6,51.5
grand_tier:CC:23,grand_tier,side_odd,CC,23,GTP2,260,-35.14,29.3,85.79,102.2,85.3,20.5,-11.6,dress_circle,4.0,7.5,0.53,3.6,40.7,False,31.5,0.33,0.95,False,False,-9.6,49.9
grand_tier:CC:25,grand_tier,side_odd,CC,25,GTP2,260,-36.78,29.3,85.17,102.2,85.5,21.5,-11.6,dress_circle,4.0,7.5,0.53,3.6,40.5,False,31.5,0.33,0.94,False,False,-9.6,48.3
grand_tier:CC:27,grand_tier,side_odd,CC,27,GTP2,260,-38.4,29.3,84.53,102.3,85.7,22.5,-11.6,dress_circle,4.0,7.5,0.53,3.6,40.4,False,31.5,0.33,0.93,False,False,-9.6,46.6
grand_tier:CC:2,grand_tier,side_even,CC,2,GTP,310,16.55,29.3,90.68,102.1,83.9,9.5,-11.6,dress_circle,3.8,7.4,0.51,3.5,42.0,False,31.5,0.25,1.0,False,False,-9.6,57.5
grand_tier:CC:4,grand_tier,side_even,CC,4,GTP,310,18.28,29.3,90.38,102.1,84.0,10.5,-11.6,dress_circle,3.8,7.4,0.51,3.5,41.9,False,31.5,0.25,1.0,False,False,-9.6,57.5
grand_tier:CC:6,grand_tier,side_even,CC,6,GTP,310,19.99,29.3,90.05,102.1,84.1,11.5,-11.6,dress_circle,3.8,7.5,0.5,3.5,41.8,False,31.5,0.25,1.0,False,False,-9.6,57.5
grand_tier:CC:8,grand_tier,side_even,CC,8,GTP,310,21.71,29.3,89.69,102.2,84.2,12.5,-11.6,dress_circle,3.8,7.5,0.51,3.5,41.7,False,31.5,0.33,1.0,False,False,-9.6,58.1
grand_tier:CC:10,grand_tier,side_even,CC,10,GTP,310,23.41,29.3,89.31,102.2,84.3,13.5,-11.6,dress_circle,3.8,7.5,0.51,3.5,41.6,False,31.5,0.33,1.0,False,False,-9.6,58.1
grand_tier:CC:12,grand_tier,side_even,CC,12,GTP,310,25.11,29.3,88.89,102.2,84.4,14.5,-11.6,dress_circle,3.8,7.5,0.51,3.5,41.5,False,31.5,0.33,1.0,False,False,-9.6,58.1
grand_tier:CC:14,grand_tier,side_even,CC,14,GTP,310,26.81,29.3,88.45,102.2,84.6,15.5,-11.6,dress_circle,3.8,7.5,0.51,3.5,41.4,False,31.5,0.33,1.0,False,False,-9.6,57.6
grand_tier:CC:16,grand_tier,side_even,CC,16,GTP,310,28.49,29.3,87.97,102.2,84.7,16.5,-11.6,dress_circle,3.9,7.5,0.51,3.6,41.3,False,31.5,0.33,0.99,False,False,-9.6,56.3
grand_tier:CC:18,grand_tier,side_even,CC,18,GTP,310,30.17,29.3,87.47,102.2,84.8,17.5,-11.6,dress_circle,3.9,7.5,0.52,3.6,41.2,False,31.5,0.33,0.98,False,False,-9.6,54.7
grand_tier:CC:20,grand_tier,side_even,CC,20,GTP2,260,31.83,29.3,86.94,102.2,85.0,18.5,-11.6,dress_circle,3.9,7.5,0.52,3.6,41.0,False,31.5,0.33,0.97,False,False,-9.6,53.1
grand_tier:CC:22,grand_tier,side_even,CC,22,GTP2,260,33.49,29.3,86.38,102.2,85.1,19.5,-11.6,dress_circle,3.9,7.5,0.52,3.6,40.9,False,31.5,0.33,0.96,False,False,-9.6,51.5
grand_tier:CC:24,grand_tier,side_even,CC,24,GTP2,260,35.14,29.3,85.79,102.2,85.3,20.5,-11.6,dress_circle,4.0,7.5,0.53,3.6,40.7,False,31.5,0.33,0.95,False,False,-9.6,49.9
grand_tier:CC:26,grand_tier,side_even,CC,26,GTP2,260,36.78,29.3,85.17,102.2,85.5,21.5,-11.6,dress_circle,4.0,7.5,0.53,3.6,40.5,False,31.5,0.33,0.94,False,False,-9.6,48.3
grand_tier:CC:28,grand_tier,side_even,CC,28,GTP2,260,38.4,29.3,84.53,102.3,85.7,22.5,-11.6,dress_circle,4.0,7.5,0.53,3.6,40.4,False,31.5,0.33,0.93,False,False,-9.6,46.6
grand_tier:CC:29,grand_tier,far_odd,CC,29,GT,180,-43.22,29.3,82.43,102.3,86.2,25.5,-11.6,dress_circle,4.1,7.5,0.55,3.6,39.8,False,31.5,0.33,0.9,False,False,-9.6,41.8
grand_tier:CC:31,grand_tier,far_odd,CC,31,GT,180,-44.79,29.3,81.67,102.3,86.5,26.5,-11.6,dress_circle,4.1,7.5,0.55,3.7,39.6,False,31.5,0.42,0.89,False,False,-9.6,41.2
grand_tier:CC:33,grand_tier,far_odd,CC,33,GT,180,-46.36,29.3,80.89,102.3,86.7,27.5,-11.6,dress_circle,4.2,7.5,0.56,3.7,39.4,False,31.5,0.42,0.88,False,False,-9.6,39.6
grand_tier:CC:35,grand_tier,far_odd,CC,35,GT,180,-47.91,29.3,80.08,102.3,86.9,28.5,-11.6,dress_circle,4.2,7.5,0.56,3.7,39.2,False,31.5,0.42,0.87,False,False,-9.6,38.0
grand_tier:CC:37,grand_tier,far_odd,CC,37,GT,180,-49.45,29.3,79.25,102.4,87.1,29.5,-11.6,dress_circle,4.3,7.5,0.57,3.7,38.9,False,31.5,0.42,0.86,False,False,-9.6,36.4
grand_tier:CC:39,grand_tier,far_odd,CC,39,GT,180,-50.97,29.3,78.38,102.4,87.4,30.5,-11.6,dress_circle,4.3,7.5,0.57,3.7,38.7,False,31.5,0.42,0.85,False,False,-9.6,34.8
grand_tier:CC:30,grand_tier,far_even,CC,30,GT,180,43.22,29.3,82.43,102.3,86.2,25.5,-11.6,dress_circle,4.1,7.5,0.55,3.6,39.8,False,31.5,0.33,0.9,False,False,-9.6,41.8
grand_tier:CC:32,grand_tier,far_even,CC,32,GT,180,44.79,29.3,81.67,102.3,86.5,26.5,-11.6,dress_circle,4.1,7.5,0.55,3.7,39.6,False,31.5,0.42,0.89,False,False,-9.6,41.2
grand_tier:CC:34,grand_tier,far_even,CC,34,GT,180,46.36,29.3,80.89,102.3,86.7,27.5,-11.6,dress_circle,4.2,7.5,0.56,3.7,39.4,False,31.5,0.42,0.88,False,False,-9.6,39.6
grand_tier:CC:36,grand_tier,far_even,CC,36,GT,180,47.91,29.3,80.08,102.3,86.9,28.5,-11.6,dress_circle,4.2,7.5,0.56,3.7,39.2,False,31.5,0.42,0.87,False,False,-9.6,38.0
grand_tier:CC:38,grand_tier,far_even,CC,38,GT,180,49.45,29.3,79.25,102.4,87.1,29.5,-11.6,dress_circle,4.3,7.5,0.57,3.7,38.9,False,31.5,0.42,0.86,False,False,-9.6,36.4
grand_tier:CC:40,grand_tier,far_even,CC,40,GT,180,50.97,29.3,78.38,102.4,87.4,30.5,-11.6,dress_circle,4.3,7.5,0.57,3.7,38.7,False,31.5,0.42,0.85,False,False,-9.6,34.8
grand_tier:DD:101,grand_tier,center,DD,101,GTP,310,-10.48,30.0,94.35,105.1,86.6,5.8,-11.6,dress_circle,6.6,7.1,0.92,3.8,24.4,False,31.5,0.25,1.0,False,False,-9.8,56.1
grand_tier:DD:102,grand_tier,center,DD,102,GTP,310,-8.74,30.0,94.52,105.0,86.5,4.9,-11.6,dress_circle,6.6,7.1,0.93,3.8,24.5,False,31.5,0.25,1.0,False,False,-9.8,56.3
grand_tier:DD:103,grand_tier,center,DD,103,GTP,310,-6.99,30.0,94.65,105.0,86.5,3.9,-11.6,dress_circle,6.6,7.1,0.93,3.8,24.5,False,31.5,0.25,1.0,False,False,-9.8,56.3
grand_tier:DD:104,grand_tier,center,DD,104,GTP,310,-5.25,30.0,94.75,105.0,86.5,2.9,-11.6,dress_circle,6.6,7.0,0.93,3.8,24.5,False,31.5,0.25,1.0,False,False,-9.8,56.3
grand_tier:DD:105,grand_tier,center,DD,105,GTP,310,-3.5,30.0,94.82,105.0,86.5,1.9,-11.6,dress_circle,6.6,7.0,0.93,3.8,24.5,False,31.5,0.25,1.0,False,False,-9.8,56.3
grand_tier:DD:106,grand_tier,center,DD,106,GTP,310,-1.75,30.0,94.87,105.0,86.4,1.0,-11.6,dress_circle,6.6,7.0,0.93,3.8,24.5,False,31.5,0.25,1.0,False,False,-9.8,56.3
grand_tier:DD:107,grand_tier,center,DD,107,GTP,310,0.0,30.0,94.88,105.0,86.4,0.0,-11.6,dress_circle,6.5,7.0,0.93,3.8,24.5,False,31.5,0.25,1.0,False,False,-9.8,56.3
grand_tier:DD:108,grand_tier,center,DD,108,GTP,310,1.75,30.0,94.87,105.0,86.4,1.0,-11.6,dress_circle,6.6,7.0,0.93,3.8,24.5,False,31.5,0.25,1.0,False,False,-9.8,56.3
grand_tier:DD:109,grand_tier,center,DD,109,GTP,310,3.5,30.0,94.82,105.0,86.5,1.9,-11.6,dress_circle,6.6,7.0,0.93,3.8,24.5,False,31.5,0.25,1.0,False,False,-9.8,56.3
grand_tier:DD:110,grand_tier,center,DD,110,GTP,310,5.25,30.0,94.75,105.0,86.5,2.9,-11.6,dress_circle,6.6,7.0,0.93,3.8,24.5,False,31.5,0.25,1.0,False,False,-9.8,56.3
grand_tier:DD:111,grand_tier,center,DD,111,GTP,310,6.99,30.0,94.65,105.0,86.5,3.9,-11.6,dress_circle,6.6,7.1,0.93,3.8,24.5,False,31.5,0.25,1.0,False,False,-9.8,56.3
grand_tier:DD:112,grand_tier,center,DD,112,GTP,310,8.74,30.0,94.52,105.0,86.5,4.9,-11.6,dress_circle,6.6,7.1,0.93,3.8,24.5,False,31.5,0.25,1.0,False,False,-9.8,56.3
grand_tier:DD:113,grand_tier,center,DD,113,GTP,310,10.48,30.0,94.35,105.1,86.6,5.8,-11.6,dress_circle,6.6,7.1,0.92,3.8,24.4,False,31.5,0.25,1.0,False,False,-9.8,56.1
grand_tier:DD:1,grand_tier,side_odd,DD,1,GTP,310,-16.56,30.0,93.57,105.1,86.8,9.3,-11.6,dress_circle,6.6,7.4,0.9,3.8,24.3,False,31.5,0.25,1.0,False,False,-9.8,56.0
grand_tier:DD:3,grand_tier,side_odd,DD,3,GTP,310,-18.28,30.0,93.27,105.1,86.9,10.2,-11.6,dress_circle,6.7,7.4,0.9,3.8,24.3,False,31.5,0.25,1.0,False,False,-9.8,56.0
grand_tier:DD:5,grand_tier,side_odd,DD,5,GTP,310,-20.0,30.0,92.96,105.1,87.0,11.2,-11.6,dress_circle,6.7,7.5,0.89,3.8,24.3,False,31.5,0.25,1.0,False,False,-9.8,56.0
grand_tier:DD:7,grand_tier,side_odd,DD,7,GTP,310,-21.72,30.0,92.61,105.1,87.1,12.2,-11.6,dress_circle,6.7,7.5,0.89,3.9,24.2,False,31.5,0.25,1.0,False,False,-9.8,56.1
grand_tier:DD:9,grand_tier,side_odd,DD,9,GTP,310,-23.43,30.0,92.23,105.1,87.2,13.2,-11.6,dress_circle,6.7,7.5,0.9,3.9,24.2,False,31.5,0.25,1.0,False,False,-9.8,56.1
grand_tier:DD:11,grand_tier,side_odd,DD,11,GTP,310,-25.13,30.0,91.83,105.1,87.3,14.1,-11.6,dress_circle,6.8,7.5,0.9,3.9,24.1,False,31.5,0.33,1.0,False,False,-9.8,56.7
grand_tier:DD:13,grand_tier,side_odd,DD,13,GTP,310,-26.82,30.0,91.39,105.1,87.4,15.1,-11.6,dress_circle,6.8,7.5,0.91,3.9,24.1,False,31.5,0.33,1.0,False,False,-9.8,56.6
grand_tier:DD:15,grand_tier,side_odd,DD,15,GTP,310,-28.51,30.0,90.93,105.1,87.5,16.1,-11.6,dress_circle,6.8,7.5,0.91,3.9,24.0,False,31.5,0.33,0.99,False,False,-9.8,54.8
grand_tier:DD:17,grand_tier,side_odd,DD,17,GTP,310,-30.19,30.0,90.44,105.1,87.7,17.1,-11.6,dress_circle,6.9,7.5,0.91,3.9,23.9,False,31.5,0.33,0.98,False,False,-9.8,53.1
grand_tier:DD:19,grand_tier,side_odd,DD,19,GTP2,260,-31.86,30.0,89.92,105.1,87.8,18.0,-11.6,dress_circle,6.9,7.5,0.92,3.9,23.9,False,31.5,0.33,0.97,False,False,-9.8,51.6
grand_tier:DD:21,grand_tier,side_odd,DD,21,GTP2,260,-33.53,30.0,89.38,105.1,88.0,19.0,-11.6,dress_circle,6.9,7.5,0.93,3.9,23.8,False,31.5,0.33,0.96,False,False,-9.8,49.9
grand_tier:DD:23,grand_tier,side_odd,DD,23,GTP2,260,-35.18,30.0,88.8,105.2,88.1,20.0,-11.6,dress_circle,7.0,7.5,0.93,3.9,23.7,False,31.5,0.33,0.95,False,False,-9.8,48.1
grand_tier:DD:25,grand_tier,side_odd,DD,25,GTP2,260,-36.82,30.0,88.2,105.2,88.3,20.9,-11.6,dress_circle,7.0,7.5,0.94,4.0,23.6,False,31.5,0.33,0.94,False,False,-9.8,46.8
grand_tier:DD:27,grand_tier,side_odd,DD,27,GTP2,260,-38.46,30.0,87.58,105.2,88.4,21.9,-11.6,dress_circle,7.1,7.5,0.94,4.0,23.6,False,31.5,0.33,0.93,False,False,-9.8,45.2
grand_tier:DD:2,grand_tier,side_even,DD,2,GTP,310,16.56,30.0,93.57,105.1,86.8,9.3,-11.6,dress_circle,6.6,7.4,0.9,3.8,24.3,False,31.5,0.25,1.0,False,False,-9.8,56.0
grand_tier:DD:4,grand_tier,side_even,DD,4,GTP,310,18.28,30.0,93.27,105.1,86.9,10.2,-11.6,dress_circle,6.7,7.4,0.9,3.8,24.3,False,31.5,0.25,1.0,False,False,-9.8,56.0
grand_tier:DD:6,grand_tier,side_even,DD,6,GTP,310,20.0,30.0,92.96,105.1,87.0,11.2,-11.6,dress_circle,6.7,7.5,0.89,3.8,24.3,False,31.5,0.25,1.0,False,False,-9.8,56.0
grand_tier:DD:8,grand_tier,side_even,DD,8,GTP,310,21.72,30.0,92.61,105.1,87.1,12.2,-11.6,dress_circle,6.7,7.5,0.89,3.9,24.2,False,31.5,0.25,1.0,False,False,-9.8,56.1
grand_tier:DD:10,grand_tier,side_even,DD,10,GTP,310,23.43,30.0,92.23,105.1,87.2,13.2,-11.6,dress_circle,6.7,7.5,0.9,3.9,24.2,False,31.5,0.25,1.0,False,False,-9.8,56.1
grand_tier:DD:12,grand_tier,side_even,DD,12,GTP,310,25.13,30.0,91.83,105.1,87.3,14.1,-11.6,dress_circle,6.8,7.5,0.9,3.9,24.1,False,31.5,0.33,1.0,False,False,-9.8,56.7
grand_tier:DD:14,grand_tier,side_even,DD,14,GTP,310,26.82,30.0,91.39,105.1,87.4,15.1,-11.6,dress_circle,6.8,7.5,0.91,3.9,24.1,False,31.5,0.33,1.0,False,False,-9.8,56.6
grand_tier:DD:16,grand_tier,side_even,DD,16,GTP,310,28.51,30.0,90.93,105.1,87.5,16.1,-11.6,dress_circle,6.8,7.5,0.91,3.9,24.0,False,31.5,0.33,0.99,False,False,-9.8,54.8
grand_tier:DD:18,grand_tier,side_even,DD,18,GTP,310,30.19,30.0,90.44,105.1,87.7,17.1,-11.6,dress_circle,6.9,7.5,0.91,3.9,23.9,False,31.5,0.33,0.98,False,False,-9.8,53.1
grand_tier:DD:20,grand_tier,side_even,DD,20,GTP2,260,31.86,30.0,89.92,105.1,87.8,18.0,-11.6,dress_circle,6.9,7.5,0.92,3.9,23.9,False,31.5,0.33,0.97,False,False,-9.8,51.6
grand_tier:DD:22,grand_tier,side_even,DD,22,GTP2,260,33.53,30.0,89.38,105.1,88.0,19.0,-11.6,dress_circle,6.9,7.5,0.93,3.9,23.8,False,31.5,0.33,0.96,False,False,-9.8,49.9
grand_tier:DD:24,grand_tier,side_even,DD,24,GTP2,260,35.18,30.0,88.8,105.2,88.1,20.0,-11.6,dress_circle,7.0,7.5,0.93,3.9,23.7,False,31.5,0.33,0.95,False,False,-9.8,48.1
grand_tier:DD:26,grand_tier,side_even,DD,26,GTP2,260,36.82,30.0,88.2,105.2,88.3,20.9,-11.6,dress_circle,7.0,7.5,0.94,4.0,23.6,False,31.5,0.33,0.94,False,False,-9.8,46.8
grand_tier:DD:28,grand_tier,side_even,DD,28,GTP2,260,38.46,30.0,87.58,105.2,88.4,21.9,-11.6,dress_circle,7.1,7.5,0.94,4.0,23.6,False,31.5,0.33,0.93,False,False,-9.8,45.2
grand_tier:DD:29,grand_tier,far_odd,DD,29,GT,180,-43.29,30.0,85.53,105.2,89.0,24.8,-11.6,dress_circle,7.2,7.5,0.97,4.0,23.3,False,31.5,0.33,0.9,False,False,-9.8,40.1
grand_tier:DD:31,grand_tier,far_odd,DD,31,GT,180,-44.88,30.0,84.79,105.2,89.2,25.8,-11.6,dress_circle,7.3,7.5,0.97,4.1,23.2,False,31.5,0.33,0.89,False,False,-9.8,38.6
grand_tier:DD:33,grand_tier,far_odd,DD,33,GT,180,-46.45,30.0,84.03,105.2,89.4,26.8,-11.6,dress_circle,7.4,7.5,0.98,4.1,23.1,False,31.5,0.33,0.88,False,False,-9.8,36.9
grand_tier:DD:35,grand_tier,far_odd,DD,35,GT,180,-48.02,30.0,83.24,105.3,89.6,27.8,-11.6,dress_circle,7.4,7.5,0.99,4.1,23.0,False,31.5,0.42,0.87,False,False,-9.9,35.9
grand_tier:DD:37,grand_tier,far_odd,DD,37,GT,180,-49.57,30.0,82.43,105.3,89.8,28.7,-11.6,dress_circle,7.5,7.5,1.0,4.1,22.9,False,31.5,0.42,0.86,False,False,-9.9,34.2
grand_tier:DD:39,grand_tier,far_odd,DD,39,GT,180,-51.1,30.0,81.59,105.3,90.1,29.7,-11.6,dress_circle,7.6,7.5,1.01,4.2,22.8,False,31.5,0.42,0.85,False,False,-9.9,32.8
grand_tier:DD:30,grand_tier,far_even,DD,30,GT,180,43.29,30.0,85.53,105.2,89.0,24.8,-11.6,dress_circle,7.2,7.5,0.97,4.0,23.3,False,31.5,0.33,0.9,False,False,-9.8,40.1
grand_tier:DD:32,grand_tier,far_even,DD,32,GT,180,44.88,30.0,84.79,105.2,89.2,25.8,-11.6,dress_circle,7.3,7.5,0.97,4.1,23.2,False,31.5,0.33,0.89,False,False,-9.8,38.6
grand_tier:DD:34,grand_tier,far_even,DD,34,GT,180,46.45,30.0,84.03,105.2,89.4,26.8,-11.6,dress_circle,7.4,7.5,0.98,4.1,23.1,False,31.5,0.33,0.88,False,False,-9.8,36.9
grand_tier:DD:36,grand_tier,far_even,DD,36,GT,180,48.02,30.0,83.24,105.3,89.6,27.8,-11.6,dress_circle,7.4,7.5,0.99,4.1,23.0,False,31.5,0.42,0.87,False,False,-9.9,35.9
grand_tier:DD:38,grand_tier,far_even,DD,38,GT,180,49.57,30.0,82.43,105.3,89.8,28.7,-11.6,dress_circle,7.5,7.5,1.0,4.1,22.9,False,31.5,0.42,0.86,False,False,-9.9,34.2
grand_tier:DD:40,grand_tier,far_even,DD,40,GT,180,51.1,30.0,81.59,105.3,90.1,29.7,-11.6,dress_circle,7.6,7.5,1.01,4.2,22.8,False,31.5,0.42,0.85,False,False,-9.9,32.8
grand_tier:EE:101,grand_tier,center,EE,101,GTP,310,-11.35,30.7,97.13,108.0,89.5,6.2,-11.7,dress_circle,9.5,7.2,1.32,4.1,16.5,False,31.5,0.25,1.0,False,False,-10.1,46.0
grand_tier:EE:102,grand_tier,center,EE,102,GTP,310,-9.61,30.7,97.3,108.0,89.5,5.2,-11.7,dress_circle,9.4,7.1,1.33,4.1,16.5,False,31.5,0.25,1.0,False,False,-10.1,46.0
grand_tier:EE:103,grand_tier,center,EE,103,GTP,310,-7.87,30.7,97.44,108.0,89.4,4.3,-11.7,dress_circle,9.4,7.1,1.33,4.1,16.6,False,31.5,0.25,1.0,False,False,-10.1,46.1
grand_tier:EE:104,grand_tier,center,EE,104,GTP,310,-6.12,30.7,97.56,108.0,89.4,3.3,-11.7,dress_circle,9.4,7.1,1.33,4.1,16.6,False,31.5,0.25,1.0,False,False,-10.1,46.1
grand_tier:EE:105,grand_tier,center,EE,105,GTP,310,-4.37,30.7,97.64,108.0,89.4,2.4,-11.7,dress_circle,9.4,7.0,1.34,4.1,16.6,False,31.5,0.25,1.0,False,False,-10.1,46.1
grand_tier:EE:106,grand_tier,center,EE,106,GTP,310,-2.62,30.7,97.7,108.0,89.4,1.4,-11.7,dress_circle,9.4,7.0,1.34,4.1,16.6,False,31.5,0.25,1.0,False,False,-10.1,46.1
grand_tier:EE:107,grand_tier,center,EE,107,GTP,310,-0.87,30.7,97.73,108.0,89.4,0.5,-11.7,dress_circle,9.4,7.0,1.34,4.1,16.6,False,31.5,0.25,1.0,False,False,-10.1,46.1
grand_tier:EE:108,grand_tier,center,EE,108,GTP,310,0.87,30.7,97.73,108.0,89.4,0.5,-11.7,dress_circle,9.4,7.0,1.34,4.1,16.6,False,31.5,0.25,1.0,False,False,-10.1,46.1
grand_tier:EE:109,grand_tier,center,EE,109,GTP,310,2.62,30.7,97.7,108.0,89.4,1.4,-11.7,dress_circle,9.4,7.0,1.34,4.1,16.6,False,31.5,0.25,1.0,False,False,-10.1,46.1
grand_tier:EE:110,grand_tier,center,EE,110,GTP,310,4.37,30.7,97.64,108.0,89.4,2.4,-11.7,dress_circle,9.4,7.0,1.34,4.1,16.6,False,31.5,0.25,1.0,False,False,-10.1,46.1
grand_tier:EE:111,grand_tier,center,EE,111,GTP,310,6.12,30.7,97.56,108.0,89.4,3.3,-11.7,dress_circle,9.4,7.1,1.33,4.1,16.6,False,31.5,0.25,1.0,False,False,-10.1,46.1
grand_tier:EE:112,grand_tier,center,EE,112,GTP,310,7.87,30.7,97.44,108.0,89.4,4.3,-11.7,dress_circle,9.4,7.1,1.33,4.1,16.6,False,31.5,0.25,1.0,False,False,-10.1,46.1
grand_tier:EE:113,grand_tier,center,EE,113,GTP,310,9.61,30.7,97.3,108.0,89.5,5.2,-11.7,dress_circle,9.4,7.1,1.33,4.1,16.5,False,31.5,0.25,1.0,False,False,-10.1,46.0
grand_tier:EE:114,grand_tier,center,EE,114,GTP,310,11.35,30.7,97.13,108.0,89.5,6.2,-11.7,dress_circle,9.5,7.2,1.32,4.1,16.5,False,31.5,0.25,1.0,False,False,-10.1,46.0
grand_tier:EE:1,grand_tier,side_odd,EE,1,GTP,310,-16.56,30.7,96.45,108.0,89.7,9.0,-11.7,dress_circle,9.5,7.4,1.3,4.1,16.5,False,31.5,0.25,1.0,False,False,-10.1,46.0
grand_tier:EE:3,grand_tier,side_odd,EE,3,GTP,310,-18.29,30.7,96.17,108.0,89.8,10.0,-11.7,dress_circle,9.6,7.4,1.29,4.2,16.5,False,31.5,0.25,1.0,False,False,-10.1,46.3
grand_tier:EE:5,grand_tier,side_odd,EE,5,GTP,310,-20.01,30.7,95.86,108.0,89.9,10.9,-11.7,dress_circle,9.6,7.5,1.28,4.2,16.5,False,31.5,0.25,1.0,False,False,-10.1,46.3
grand_tier:EE:7,grand_tier,side_odd,EE,7,GTP,310,-21.72,30.7,95.52,108.0,89.9,11.9,-11.7,dress_circle,9.6,7.5,1.28,4.2,16.5,False,31.5,0.25,1.0,False,False,-10.1,46.3
grand_tier:EE:9,grand_tier,side_odd,EE,9,GTP,310,-23.44,30.7,95.15,108.0,90.0,12.8,-11.7,dress_circle,9.7,7.5,1.29,4.2,16.4,False,31.5,0.25,1.0,False,False,-10.1,46.1
grand_tier:EE:11,grand_tier,side_odd,EE,11,GTP,310,-25.14,30.7,94.76,108.0,90.1,13.7,-11.7,dress_circle,9.7,7.5,1.29,4.2,16.4,False,31.5,0.25,1.0,False,False,-10.1,46.1
grand_tier:EE:13,grand_tier,side_odd,EE,13,GTP,310,-26.84,30.7,94.33,108.0,90.3,14.7,-11.7,dress_circle,9.7,7.5,1.3,4.2,16.4,False,31.5,0.25,1.0,False,False,-10.1,46.1
grand_tier:EE:15,grand_tier,side_odd,EE,15,GTP,310,-28.53,30.7,93.88,108.0,90.4,15.6,-11.7,dress_circle,9.8,7.5,1.3,4.2,16.4,False,31.5,0.25,0.99,False,False,-10.1,44.9
grand_tier:EE:17,grand_tier,side_odd,EE,17,GTP,310,-30.21,30.7,93.41,108.1,90.5,16.6,-11.7,dress_circle,9.8,7.5,1.31,4.3,16.4,False,31.5,0.33,0.98,False,False,-10.1,44.2
grand_tier:EE:19,grand_tier,side_odd,EE,19,GTP2,260,-31.89,30.7,92.9,108.1,90.6,17.5,-11.7,dress_circle,9.9,7.5,1.32,4.3,16.3,False,31.5,0.33,0.97,False,False,-10.1,42.6
grand_tier:EE:21,grand_tier,side_odd,EE,21,GTP2,260,-33.56,30.7,92.37,108.1,90.8,18.5,-11.7,dress_circle,9.9,7.5,1.33,4.3,16.3,False,31.5,0.33,0.96,False,False,-10.1,41.0
grand_tier:EE:23,grand_tier,side_odd,EE,23,GTP2,260,-35.22,30.7,91.81,108.1,90.9,19.4,-11.7,dress_circle,10.0,7.5,1.33,4.3,16.3,False,31.5,0.33,0.95,False,False,-10.1,39.5
grand_tier:EE:25,grand_tier,side_odd,EE,25,GTP2,260,-36.86,30.7,91.23,108.1,91.1,20.4,-11.7,dress_circle,10.1,7.5,1.34,4.3,16.2,False,31.5,0.33,0.94,False,False,-10.1,37.7
grand_tier:EE:27,grand_tier,side_odd,EE,27,GTP2,260,-38.5,30.7,90.61,108.1,91.2,21.3,-11.7,dress_circle,10.1,7.5,1.35,4.4,16.2,False,31.5,0.33,0.93,False,False,-10.1,36.5
grand_tier:EE:2,grand_tier,side_even,EE,2,GTP,310,16.56,30.7,96.45,108.0,89.7,9.0,-11.7,dress_circle,9.5,7.4,1.3,4.1,16.5,False,31.5,0.25,1.0,False,False,-10.1,46.0
grand_tier:EE:4,grand_tier,side_even,EE,4,GTP,310,18.29,30.7,96.17,108.0,89.8,10.0,-11.7,dress_circle,9.6,7.4,1.29,4.2,16.5,False,31.5,0.25,1.0,False,False,-10.1,46.3
grand_tier:EE:6,grand_tier,side_even,EE,6,GTP,310,20.01,30.7,95.86,108.0,89.9,10.9,-11.7,dress_circle,9.6,7.5,1.28,4.2,16.5,False,31.5,0.25,1.0,False,False,-10.1,46.3
grand_tier:EE:8,grand_tier,side_even,EE,8,GTP,310,21.72,30.7,95.52,108.0,89.9,11.9,-11.7,dress_circle,9.6,7.5,1.28,4.2,16.5,False,31.5,0.25,1.0,False,False,-10.1,46.3
grand_tier:EE:10,grand_tier,side_even,EE,10,GTP,310,23.44,30.7,95.15,108.0,90.0,12.8,-11.7,dress_circle,9.7,7.5,1.29,4.2,16.4,False,31.5,0.25,1.0,False,False,-10.1,46.1
grand_tier:EE:12,grand_tier,side_even,EE,12,GTP,310,25.14,30.7,94.76,108.0,90.1,13.7,-11.7,dress_circle,9.7,7.5,1.29,4.2,16.4,False,31.5,0.25,1.0,False,False,-10.1,46.1
grand_tier:EE:14,grand_tier,side_even,EE,14,GTP,310,26.84,30.7,94.33,108.0,90.3,14.7,-11.7,dress_circle,9.7,7.5,1.3,4.2,16.4,False,31.5,0.25,1.0,False,False,-10.1,46.1
grand_tier:EE:16,grand_tier,side_even,EE,16,GTP,310,28.53,30.7,93.88,108.0,90.4,15.6,-11.7,dress_circle,9.8,7.5,1.3,4.2,16.4,False,31.5,0.25,0.99,False,False,-10.1,44.9
grand_tier:EE:18,grand_tier,side_even,EE,18,GTP,310,30.21,30.7,93.41,108.1,90.5,16.6,-11.7,dress_circle,9.8,7.5,1.31,4.3,16.4,False,31.5,0.33,0.98,False,False,-10.1,44.2
grand_tier:EE:20,grand_tier,side_even,EE,20,GTP2,260,31.89,30.7,92.9,108.1,90.6,17.5,-11.7,dress_circle,9.9,7.5,1.32,4.3,16.3,False,31.5,0.33,0.97,False,False,-10.1,42.6
grand_tier:EE:22,grand_tier,side_even,EE,22,GTP2,260,33.56,30.7,92.37,108.1,90.8,18.5,-11.7,dress_circle,9.9,7.5,1.33,4.3,16.3,False,31.5,0.33,0.96,False,False,-10.1,41.0
grand_tier:EE:24,grand_tier,side_even,EE,24,GTP2,260,35.22,30.7,91.81,108.1,90.9,19.4,-11.7,dress_circle,10.0,7.5,1.33,4.3,16.3,False,31.5,0.33,0.95,False,False,-10.1,39.5
grand_tier:EE:26,grand_tier,side_even,EE,26,GTP2,260,36.86,30.7,91.23,108.1,91.1,20.4,-11.7,dress_circle,10.1,7.5,1.34,4.3,16.2,False,31.5,0.33,0.94,False,False,-10.1,37.7
grand_tier:EE:28,grand_tier,side_even,EE,28,GTP2,260,38.5,30.7,90.61,108.1,91.2,21.3,-11.7,dress_circle,10.1,7.5,1.35,4.4,16.2,False,31.5,0.33,0.93,False,False,-10.1,36.5
grand_tier:EE:29,grand_tier,far_odd,EE,29,GT,180,-43.36,30.7,88.62,108.1,91.8,24.2,-11.7,dress_circle,10.4,7.5,1.38,4.4,16.1,False,31.5,0.33,0.91,False,False,-10.1,32.3
grand_tier:EE:31,grand_tier,far_odd,EE,31,GT,180,-44.96,30.7,87.9,108.2,92.0,25.1,-11.7,dress_circle,10.5,7.5,1.39,4.5,16.1,False,31.5,0.33,0.9,False,False,-10.1,31.0
grand_tier:EE:33,grand_tier,far_odd,EE,33,GT,180,-46.54,30.7,87.16,108.2,92.1,26.1,-11.7,dress_circle,10.5,7.5,1.41,4.5,16.0,False,31.5,0.33,0.89,False,False,-10.1,29.3
grand_tier:EE:35,grand_tier,far_odd,EE,35,GT,180,-48.11,30.7,86.39,108.2,92.3,27.0,-11.7,dress_circle,10.6,7.5,1.42,4.5,16.0,False,31.5,0.33,0.88,False,False,-10.1,27.8
grand_tier:EE:30,grand_tier,far_even,EE,30,GT,180,43.36,30.7,88.62,108.1,91.8,24.2,-11.7,dress_circle,10.4,7.5,1.38,4.4,16.1,False,31.5,0.33,0.91,False,False,-10.1,32.3
grand_tier:EE:32,grand_tier,far_even,EE,32,GT,180,44.96,30.7,87.9,108.2,92.0,25.1,-11.7,dress_circle,10.5,7.5,1.39,4.5,16.1,False,31.5,0.33,0.9,False,False,-10.1,31.0
grand_tier:EE:34,grand_tier,far_even,EE,34,GT,180,46.54,30.7,87.16,108.2,92.1,26.1,-11.7,dress_circle,10.5,7.5,1.41,4.5,16.0,False,31.5,0.33,0.89,False,False,-10.1,29.3
grand_tier:EE:36,grand_tier,far_even,EE,36,GT,180,48.11,30.7,86.39,108.2,92.3,27.0,-11.7,dress_circle,10.6,7.5,1.42,4.5,16.0,False,31.5,0.33,0.88,False,False,-10.1,27.8
dress_circle:A:101,dress_circle,center_odd,A,101,DCP,220,-0.87,37.9,90.33,102.5,85.4,0.5,-16.5,none,0.0,,0.0,36.1,106.5,False,31.5,0.5,1.0,True,True,-9.6,71.6
dress_circle:A:103,dress_circle,center_odd,A,103,DCP,220,-2.62,37.9,90.3,102.5,85.5,1.5,-16.5,none,0.0,,0.0,36.1,106.5,False,31.5,0.5,1.0,True,True,-9.6,71.6
dress_circle:A:105,dress_circle,center_odd,A,105,DCP,220,-4.37,37.9,90.23,102.5,85.5,2.5,-16.5,none,0.0,,0.0,36.1,106.5,False,31.5,0.5,1.0,True,True,-9.6,71.6
dress_circle:A:107,dress_circle,center_odd,A,107,DCP,220,-6.12,37.9,90.14,102.5,85.5,3.6,-16.5,none,0.0,,0.0,36.1,106.5,False,31.5,0.5,1.0,True,True,-9.6,71.6
dress_circle:A:109,dress_circle,center_odd,A,109,DCP,220,-7.87,37.9,90.02,102.6,85.5,4.6,-16.5,none,0.0,,0.0,36.1,106.5,False,31.5,0.5,1.0,True,True,-9.6,71.6
dress_circle:A:111,dress_circle,center_odd,A,111,DCP,220,-9.61,37.9,89.87,102.6,85.6,5.6,-16.5,none,0.0,,0.0,36.1,106.5,False,31.5,0.5,1.0,True,True,-9.6,71.6
dress_circle:A:113,dress_circle,center_odd,A,113,DCP,220,-11.35,37.9,89.69,102.6,85.6,6.6,-16.5,none,0.0,,0.0,36.1,106.5,False,31.5,0.5,1.0,True,True,-9.6,71.6
dress_circle:A:115,dress_circle,center_odd,A,115,DCP,220,-13.09,37.9,89.47,102.6,85.7,7.6,-16.5,none,0.0,,0.0,36.1,106.5,False,31.5,0.5,1.0,True,True,-9.6,71.6
dress_circle:A:117,dress_circle,center_odd,A,117,DCP,220,-14.82,37.9,89.23,102.6,85.8,8.7,-16.5,none,0.0,,0.0,36.1,106.5,False,31.5,0.5,1.0,True,True,-9.6,71.6
dress_circle:A:119,dress_circle,center_odd,A,119,DCP,220,-16.55,37.9,88.96,102.6,85.8,9.7,-16.5,none,0.0,,0.0,36.1,106.5,False,31.5,0.5,1.0,True,True,-9.6,71.6
dress_circle:A:121,dress_circle,center_odd,A,121,DCP,220,-18.27,37.9,88.65,102.6,85.9,10.7,-16.5,none,0.0,,0.0,36.1,106.5,False,31.5,0.5,1.0,True,True,-9.6,71.6
dress_circle:A:123,dress_circle,center_odd,A,123,DCP,220,-19.99,37.9,88.32,102.6,86.0,11.7,-16.5,none,0.0,,0.0,36.1,106.5,False,31.5,0.5,1.0,True,True,-9.6,71.6
dress_circle:A:125,dress_circle,center_odd,A,125,DCP,220,-21.7,37.9,87.95,102.6,86.1,12.7,-16.5,none,0.0,,0.0,36.1,106.5,False,31.5,0.5,1.0,True,True,-9.6,71.6
dress_circle:A:127,dress_circle,center_odd,A,127,DCP,220,-23.41,37.9,87.56,102.6,86.2,13.8,-16.5,none,0.0,,0.0,36.1,106.5,False,31.5,0.5,1.0,True,True,-9.6,71.6
dress_circle:A:102,dress_circle,center_even,A,102,DCP,220,0.87,37.9,90.33,102.5,85.4,0.5,-16.5,none,0.0,,0.0,36.1,106.5,False,31.5,0.5,1.0,True,True,-9.6,71.6
dress_circle:A:104,dress_circle,center_even,A,104,DCP,220,2.62,37.9,90.3,102.5,85.5,1.5,-16.5,none,0.0,,0.0,36.1,106.5,False,31.5,0.5,1.0,True,True,-9.6,71.6
dress_circle:A:106,dress_circle,center_even,A,106,DCP,220,4.37,37.9,90.23,102.5,85.5,2.5,-16.5,none,0.0,,0.0,36.1,106.5,False,31.5,0.5,1.0,True,True,-9.6,71.6
dress_circle:A:108,dress_circle,center_even,A,108,DCP,220,6.12,37.9,90.14,102.5,85.5,3.6,-16.5,none,0.0,,0.0,36.1,106.5,False,31.5,0.5,1.0,True,True,-9.6,71.6
dress_circle:A:110,dress_circle,center_even,A,110,DCP,220,7.87,37.9,90.02,102.6,85.5,4.6,-16.5,none,0.0,,0.0,36.1,106.5,False,31.5,0.5,1.0,True,True,-9.6,71.6
dress_circle:A:112,dress_circle,center_even,A,112,DCP,220,9.61,37.9,89.87,102.6,85.6,5.6,-16.5,none,0.0,,0.0,36.1,106.5,False,31.5,0.5,1.0,True,True,-9.6,71.6
dress_circle:A:114,dress_circle,center_even,A,114,DCP,220,11.35,37.9,89.69,102.6,85.6,6.6,-16.5,none,0.0,,0.0,36.1,106.5,False,31.5,0.5,1.0,True,True,-9.6,71.6
dress_circle:A:116,dress_circle,center_even,A,116,DCP,220,13.09,37.9,89.47,102.6,85.7,7.6,-16.5,none,0.0,,0.0,36.1,106.5,False,31.5,0.5,1.0,True,True,-9.6,71.6
dress_circle:A:118,dress_circle,center_even,A,118,DCP,220,14.82,37.9,89.23,102.6,85.8,8.7,-16.5,none,0.0,,0.0,36.1,106.5,False,31.5,0.5,1.0,True,True,-9.6,71.6
dress_circle:A:120,dress_circle,center_even,A,120,DCP,220,16.55,37.9,88.96,102.6,85.8,9.7,-16.5,none,0.0,,0.0,36.1,106.5,False,31.5,0.5,1.0,True,True,-9.6,71.6
dress_circle:A:122,dress_circle,center_even,A,122,DCP,220,18.27,37.9,88.65,102.6,85.9,10.7,-16.5,none,0.0,,0.0,36.1,106.5,False,31.5,0.5,1.0,True,True,-9.6,71.6
dress_circle:A:124,dress_circle,center_even,A,124,DCP,220,19.99,37.9,88.32,102.6,86.0,11.7,-16.5,none,0.0,,0.0,36.1,106.5,False,31.5,0.5,1.0,True,True,-9.6,71.6
dress_circle:A:126,dress_circle,center_even,A,126,DCP,220,21.7,37.9,87.95,102.6,86.1,12.7,-16.5,none,0.0,,0.0,36.1,106.5,False,31.5,0.5,1.0,True,True,-9.6,71.6
dress_circle:A:128,dress_circle,center_even,A,128,DCP,220,23.41,37.9,87.56,102.6,86.2,13.8,-16.5,none,0.0,,0.0,36.1,106.5,False,31.5,0.5,1.0,True,True,-9.6,71.6
dress_circle:A:1,dress_circle,side_odd,A,1,DCP,220,-28.48,37.9,86.2,102.6,86.6,16.8,-16.5,none,0.0,,0.0,36.1,106.5,False,31.5,0.5,0.99,True,True,-9.6,69.2
dress_circle:A:3,dress_circle,side_odd,A,3,DCP,220,-30.15,37.9,85.69,102.6,86.7,17.8,-16.5,none,0.0,,0.0,36.1,106.5,False,31.5,0.5,0.98,True,True,-9.6,67.6
dress_circle:A:5,dress_circle,side_odd,A,5,DCP,220,-31.82,37.9,85.15,102.6,86.9,18.9,-16.5,none,0.0,,0.0,36.1,106.5,False,31.5,0.5,0.97,True,True,-9.6,65.9
dress_circle:A:7,dress_circle,side_odd,A,7,DCP,220,-33.47,37.9,84.58,102.7,87.0,19.9,-16.5,none,0.0,,0.0,36.1,106.5,False,31.5,0.5,0.96,True,True,-9.6,64.2
dress_circle:A:9,dress_circle,side_odd,A,9,DC,150,-35.12,37.9,83.98,102.7,87.2,20.9,-16.5,none,0.0,,0.0,36.1,106.5,False,31.5,0.5,0.95,True,True,-9.6,62.6
dress_circle:A:11,dress_circle,side_odd,A,11,DC,150,-36.75,37.9,83.36,102.7,87.4,21.9,-16.5,none,0.0,,0.0,36.1,106.5,False,31.5,0.5,0.94,True,True,-9.6,61.0
dress_circle:A:13,dress_circle,side_odd,A,13,DC,150,-38.37,37.9,82.7,102.7,87.6,22.9,-16.5,none,0.0,,0.0,36.1,106.5,False,31.5,0.5,0.93,True,True,-9.6,59.4
dress_circle:A:15,dress_circle,side_odd,A,15,DC,150,-39.98,37.9,82.02,102.7,87.7,23.9,-16.5,none,0.0,,0.0,36.1,106.5,False,31.5,0.5,0.92,True,True,-9.6,57.8
dress_circle:A:17,dress_circle,side_odd,A,17,DC,150,-41.58,37.9,81.31,102.7,87.9,25.0,-16.5,none,0.0,,0.0,36.1,106.5,False,31.5,0.5,0.91,True,True,-9.6,56.1
dress_circle:A:19,dress_circle,side_odd,A,19,DC,150,-43.17,37.9,80.57,102.7,88.1,26.0,-16.5,none,0.0,,0.0,36.1,106.5,False,31.5,0.58,0.9,True,True,-9.6,55.1
dress_circle:A:21,dress_circle,side_odd,A,21,DC,150,-44.74,37.9,79.8,102.8,88.4,27.0,-16.5,none,0.0,,0.0,36.1,106.5,False,31.5,0.58,0.89,True,True,-9.6,53.5
dress_circle:A:23,dress_circle,side_odd,A,23,DC,150,-46.3,37.9,79.01,102.8,88.6,28.0,-16.4,none,0.0,,0.0,36.1,106.4,False,31.5,0.58,0.88,True,True,-9.6,51.9
dress_circle:A:25,dress_circle,side_odd,A,25,DC,150,-47.85,37.9,78.19,102.8,88.8,29.0,-16.4,none,0.0,,0.0,36.1,106.4,False,31.5,0.58,0.87,True,True,-9.6,50.3
dress_circle:A:27,dress_circle,side_odd,A,27,DC,150,-49.38,37.9,77.34,102.8,89.0,30.1,-16.4,none,0.0,,0.0,36.1,106.4,False,31.5,0.58,0.85,True,True,-9.6,48.0
dress_circle:A:2,dress_circle,side_even,A,2,DCP,220,28.48,37.9,86.2,102.6,86.6,16.8,-16.5,none,0.0,,0.0,36.1,106.5,False,31.5,0.5,0.99,True,True,-9.6,69.2
dress_circle:A:4,dress_circle,side_even,A,4,DCP,220,30.15,37.9,85.69,102.6,86.7,17.8,-16.5,none,0.0,,0.0,36.1,106.5,False,31.5,0.5,0.98,True,True,-9.6,67.6
dress_circle:A:6,dress_circle,side_even,A,6,DCP,220,31.82,37.9,85.15,102.6,86.9,18.9,-16.5,none,0.0,,0.0,36.1,106.5,False,31.5,0.5,0.97,True,True,-9.6,65.9
dress_circle:A:8,dress_circle,side_even,A,8,DCP,220,33.47,37.9,84.58,102.7,87.0,19.9,-16.5,none,0.0,,0.0,36.1,106.5,False,31.5,0.5,0.96,True,True,-9.6,64.2
dress_circle:A:10,dress_circle,side_even,A,10,DC,150,35.12,37.9,83.98,102.7,87.2,20.9,-16.5,none,0.0,,0.0,36.1,106.5,False,31.5,0.5,0.95,True,True,-9.6,62.6
dress_circle:A:12,dress_circle,side_even,A,12,DC,150,36.75,37.9,83.36,102.7,87.4,21.9,-16.5,none,0.0,,0.0,36.1,106.5,False,31.5,0.5,0.94,True,True,-9.6,61.0
dress_circle:A:14,dress_circle,side_even,A,14,DC,150,38.37,37.9,82.7,102.7,87.6,22.9,-16.5,none,0.0,,0.0,36.1,106.5,False,31.5,0.5,0.93,True,True,-9.6,59.4
dress_circle:A:16,dress_circle,side_even,A,16,DC,150,39.98,37.9,82.02,102.7,87.7,23.9,-16.5,none,0.0,,0.0,36.1,106.5,False,31.5,0.5,0.92,True,True,-9.6,57.8
dress_circle:A:18,dress_circle,side_even,A,18,DC,150,41.58,37.9,81.31,102.7,87.9,25.0,-16.5,none,0.0,,0.0,36.1,106.5,False,31.5,0.5,0.91,True,True,-9.6,56.1
dress_circle:A:20,dress_circle,side_even,A,20,DC,150,43.17,37.9,80.57,102.7,88.1,26.0,-16.5,none,0.0,,0.0,36.1,106.5,False,31.5,0.58,0.9,True,True,-9.6,55.1
dress_circle:A:22,dress_circle,side_even,A,22,DC,150,44.74,37.9,79.8,102.8,88.4,27.0,-16.5,none,0.0,,0.0,36.1,106.5,False,31.5,0.58,0.89,True,True,-9.6,53.5
dress_circle:A:24,dress_circle,side_even,A,24,DC,150,46.3,37.9,79.01,102.8,88.6,28.0,-16.4,none,0.0,,0.0,36.1,106.4,False,31.5,0.58,0.88,True,True,-9.6,51.9
dress_circle:A:26,dress_circle,side_even,A,26,DC,150,47.85,37.9,78.19,102.8,88.8,29.0,-16.4,none,0.0,,0.0,36.1,106.4,False,31.5,0.58,0.87,True,True,-9.6,50.3
dress_circle:A:28,dress_circle,side_even,A,28,DC,150,49.38,37.9,77.34,102.8,89.0,30.1,-16.4,none,0.0,,0.0,36.1,106.4,False,31.5,0.58,0.85,True,True,-9.6,48.0
dress_circle:B:101,dress_circle,center_odd,B,101,DCP,220,-0.87,38.9,93.18,105.6,88.4,0.5,-16.6,upper_tier,0.9,9.8,0.09,6.0,98.0,False,31.5,0.5,1.0,True,True,-9.9,70.1
dress_circle:B:103,dress_circle,center_odd,B,103,DCP,220,-2.62,38.9,93.15,105.6,88.5,1.5,-16.6,upper_tier,0.9,9.8,0.09,6.0,98.0,False,31.5,0.5,1.0,True,True,-9.9,70.1
dress_circle:B:105,dress_circle,center_odd,B,105,DCP,220,-4.37,38.9,93.09,105.6,88.5,2.5,-16.6,upper_tier,0.9,9.8,0.09,6.0,98.0,False,31.5,0.5,1.0,True,True,-9.9,70.1
dress_circle:B:107,dress_circle,center_odd,B,107,DCP,220,-6.12,38.9,93.0,105.6,88.5,3.5,-16.6,upper_tier,0.9,9.9,0.09,6.0,98.0,False,31.5,0.5,1.0,True,True,-9.9,70.1
dress_circle:B:109,dress_circle,center_odd,B,109,DCP,220,-7.87,38.9,92.88,105.6,88.5,4.5,-16.6,upper_tier,0.9,9.9,0.09,6.0,97.9,False,31.5,0.5,1.0,True,True,-9.9,70.1
dress_circle:B:111,dress_circle,center_odd,B,111,DCP,220,-9.61,38.9,92.73,105.6,88.6,5.5,-16.6,upper_tier,0.9,10.0,0.09,6.0,97.9,False,31.5,0.5,1.0,True,True,-9.9,70.1
dress_circle:B:113,dress_circle,center_odd,B,113,DCP,220,-11.35,38.9,92.55,105.6,88.6,6.4,-16.6,upper_tier,0.9,10.0,0.09,6.0,97.9,False,31.5,0.5,1.0,True,True,-9.9,70.1
dress_circle:B:115,dress_circle,center_odd,B,115,DCP,220,-13.09,38.9,92.35,105.6,88.7,7.4,-16.6,upper_tier,0.9,10.1,0.08,6.0,97.9,False,31.5,0.5,1.0,True,True,-9.9,70.1
dress_circle:B:117,dress_circle,center_odd,B,117,DCP,220,-14.82,38.9,92.11,105.6,88.7,8.4,-16.6,upper_tier,0.9,10.2,0.08,6.0,97.9,False,31.5,0.5,1.0,True,True,-9.9,70.1
dress_circle:B:119,dress_circle,center_odd,B,119,DCP,220,-16.55,38.9,91.84,105.6,88.8,9.4,-16.6,upper_tier,0.9,10.3,0.08,6.0,97.9,False,31.5,0.5,1.0,True,True,-9.9,70.1
dress_circle:B:121,dress_circle,center_odd,B,121,DCP,220,-18.28,38.9,91.55,105.6,88.9,10.4,-16.6,upper_tier,0.9,10.4,0.08,6.0,97.8,False,31.5,0.5,1.0,True,True,-9.9,70.1
dress_circle:B:123,dress_circle,center_odd,B,123,DCP,220,-20.0,38.9,91.22,105.6,89.0,11.4,-16.6,upper_tier,0.9,10.5,0.08,6.0,97.8,False,31.5,0.5,1.0,True,True,-9.9,70.1
dress_circle:B:125,dress_circle,center_odd,B,125,DCP,220,-21.71,38.9,90.87,105.6,89.1,12.4,-16.6,upper_tier,0.9,10.5,0.08,6.0,97.8,False,31.5,0.5,1.0,True,True,-9.9,70.1
dress_circle:B:102,dress_circle,center_even,B,102,DCP,220,0.87,38.9,93.18,105.6,88.4,0.5,-16.6,upper_tier,0.9,9.8,0.09,6.0,98.0,False,31.5,0.5,1.0,True,True,-9.9,70.1
dress_circle:B:104,dress_circle,center_even,B,104,DCP,220,2.62,38.9,93.15,105.6,88.5,1.5,-16.6,upper_tier,0.9,9.8,0.09,6.0,98.0,False,31.5,0.5,1.0,True,True,-9.9,70.1
dress_circle:B:106,dress_circle,center_even,B,106,DCP,220,4.37,38.9,93.09,105.6,88.5,2.5,-16.6,upper_tier,0.9,9.8,0.09,6.0,98.0,False,31.5,0.5,1.0,True,True,-9.9,70.1
dress_circle:B:108,dress_circle,center_even,B,108,DCP,220,6.12,38.9,93.0,105.6,88.5,3.5,-16.6,upper_tier,0.9,9.9,0.09,6.0,98.0,False,31.5,0.5,1.0,True,True,-9.9,70.1
dress_circle:B:110,dress_circle,center_even,B,110,DCP,220,7.87,38.9,92.88,105.6,88.5,4.5,-16.6,upper_tier,0.9,9.9,0.09,6.0,97.9,False,31.5,0.5,1.0,True,True,-9.9,70.1
dress_circle:B:112,dress_circle,center_even,B,112,DCP,220,9.61,38.9,92.73,105.6,88.6,5.5,-16.6,upper_tier,0.9,10.0,0.09,6.0,97.9,False,31.5,0.5,1.0,True,True,-9.9,70.1
dress_circle:B:114,dress_circle,center_even,B,114,DCP,220,11.35,38.9,92.55,105.6,88.6,6.4,-16.6,upper_tier,0.9,10.0,0.09,6.0,97.9,False,31.5,0.5,1.0,True,True,-9.9,70.1
dress_circle:B:116,dress_circle,center_even,B,116,DCP,220,13.09,38.9,92.35,105.6,88.7,7.4,-16.6,upper_tier,0.9,10.1,0.08,6.0,97.9,False,31.5,0.5,1.0,True,True,-9.9,70.1
dress_circle:B:118,dress_circle,center_even,B,118,DCP,220,14.82,38.9,92.11,105.6,88.7,8.4,-16.6,upper_tier,0.9,10.2,0.08,6.0,97.9,False,31.5,0.5,1.0,True,True,-9.9,70.1
dress_circle:B:120,dress_circle,center_even,B,120,DCP,220,16.55,38.9,91.84,105.6,88.8,9.4,-16.6,upper_tier,0.9,10.3,0.08,6.0,97.9,False,31.5,0.5,1.0,True,True,-9.9,70.1
dress_circle:B:122,dress_circle,center_even,B,122,DCP,220,18.28,38.9,91.55,105.6,88.9,10.4,-16.6,upper_tier,0.9,10.4,0.08,6.0,97.8,False,31.5,0.5,1.0,True,True,-9.9,70.1
dress_circle:B:124,dress_circle,center_even,B,124,DCP,220,20.0,38.9,91.22,105.6,89.0,11.4,-16.6,upper_tier,0.9,10.5,0.08,6.0,97.8,False,31.5,0.5,1.0,True,True,-9.9,70.1
dress_circle:B:126,dress_circle,center_even,B,126,DCP,220,21.71,38.9,90.87,105.6,89.1,12.4,-16.6,upper_tier,0.9,10.5,0.08,6.0,97.8,False,31.5,0.5,1.0,True,True,-9.9,70.1
dress_circle:B:1,dress_circle,side_odd,B,1,DCP,220,-28.5,38.9,89.17,105.6,89.5,16.3,-16.6,upper_tier,0.9,10.5,0.08,6.0,97.6,False,31.5,0.5,0.99,True,True,-9.9,68.2
dress_circle:B:3,dress_circle,side_odd,B,3,DCP,220,-30.18,38.9,88.67,105.6,89.7,17.3,-16.6,upper_tier,0.9,10.5,0.08,6.0,97.6,False,31.5,0.5,0.98,True,True,-9.9,66.6
dress_circle:B:5,dress_circle,side_odd,B,5,DCP,220,-31.85,38.9,88.14,105.7,89.8,18.3,-16.6,upper_tier,0.9,10.5,0.09,6.0,97.5,False,31.5,0.5,0.97,True,True,-9.9,65.0
dress_circle:B:7,dress_circle,side_odd,B,7,DCP,220,-33.51,38.9,87.59,105.7,89.9,19.3,-16.6,upper_tier,0.9,10.5,0.09,6.0,97.5,False,31.5,0.5,0.96,True,True,-9.9,63.4
dress_circle:B:9,dress_circle,side_odd,B,9,DC,150,-35.16,38.9,87.01,105.7,90.1,20.3,-16.5,upper_tier,0.9,10.5,0.09,6.0,97.3,False,31.5,0.5,0.95,True,True,-9.9,61.8
dress_circle:B:11,dress_circle,side_odd,B,11,DC,150,-36.8,38.9,86.4,105.7,90.3,21.3,-16.5,upper_tier,0.9,10.5,0.09,6.0,97.3,False,31.5,0.5,0.94,True,True,-9.9,60.2
dress_circle:B:13,dress_circle,side_odd,B,13,DC,150,-38.43,38.9,85.76,105.7,90.4,22.3,-16.5,upper_tier,0.9,10.5,0.09,6.0,97.2,False,31.5,0.5,0.93,True,True,-9.9,58.6
dress_circle:B:15,dress_circle,side_odd,B,15,DC,150,-40.04,38.9,85.09,105.7,90.6,23.3,-16.5,upper_tier,0.9,10.5,0.09,6.0,97.1,False,31.5,0.5,0.92,True,True,-9.9,57.0
dress_circle:B:17,dress_circle,side_odd,B,17,DC,150,-41.65,38.9,84.4,105.7,90.8,24.3,-16.5,upper_tier,0.9,10.5,0.09,6.0,97.1,False,31.5,0.5,0.91,True,True,-9.9,55.4
dress_circle:B:19,dress_circle,side_odd,B,19,DC,150,-43.25,38.9,83.68,105.7,91.0,25.3,-16.5,upper_tier,0.9,10.5,0.09,6.0,97.0,False,31.5,0.5,0.9,True,True,-9.9,53.8
dress_circle:B:21,dress_circle,side_odd,B,21,DC,150,-44.83,38.9,82.93,105.8,91.2,26.2,-16.5,upper_tier,0.9,10.5,0.09,6.0,96.9,False,31.5,0.5,0.89,True,True,-9.9,52.2
dress_circle:B:23,dress_circle,side_odd,B,23,DC,150,-46.4,38.9,82.16,105.8,91.4,27.2,-16.5,upper_tier,1.0,10.5,0.09,6.0,96.8,False,31.5,0.58,0.88,True,True,-9.9,51.3
dress_circle:B:25,dress_circle,side_odd,B,25,DC,150,-47.96,38.9,81.36,105.8,91.6,28.2,-16.5,upper_tier,1.0,10.5,0.09,6.0,96.8,False,31.5,0.58,0.87,True,True,-9.9,49.7
dress_circle:B:27,dress_circle,side_odd,B,27,DC,150,-49.5,38.9,80.53,105.8,91.8,29.2,-16.5,upper_tier,1.0,10.5,0.09,6.0,96.7,False,31.5,0.58,0.86,True,True,-9.9,48.1
dress_circle:B:2,dress_circle,side_even,B,2,DCP,220,28.5,38.9,89.17,105.6,89.5,16.3,-16.6,upper_tier,0.9,10.5,0.08,6.0,97.6,False,31.5,0.5,0.99,True,True,-9.9,68.2
dress_circle:B:4,dress_circle,side_even,B,4,DCP,220,30.18,38.9,88.67,105.6,89.7,17.3,-16.6,upper_tier,0.9,10.5,0.08,6.0,97.6,False,31.5,0.5,0.98,True,True,-9.9,66.6
dress_circle:B:6,dress_circle,side_even,B,6,DCP,220,31.85,38.9,88.14,105.7,89.8,18.3,-16.6,upper_tier,0.9,10.5,0.09,6.0,97.5,False,31.5,0.5,0.97,True,True,-9.9,65.0
dress_circle:B:8,dress_circle,side_even,B,8,DCP,220,33.51,38.9,87.59,105.7,89.9,19.3,-16.6,upper_tier,0.9,10.5,0.09,6.0,97.5,False,31.5,0.5,0.96,True,True,-9.9,63.4
dress_circle:B:10,dress_circle,side_even,B,10,DC,150,35.16,38.9,87.01,105.7,90.1,20.3,-16.5,upper_tier,0.9,10.5,0.09,6.0,97.3,False,31.5,0.5,0.95,True,True,-9.9,61.8
dress_circle:B:12,dress_circle,side_even,B,12,DC,150,36.8,38.9,86.4,105.7,90.3,21.3,-16.5,upper_tier,0.9,10.5,0.09,6.0,97.3,False,31.5,0.5,0.94,True,True,-9.9,60.2
dress_circle:B:14,dress_circle,side_even,B,14,DC,150,38.43,38.9,85.76,105.7,90.4,22.3,-16.5,upper_tier,0.9,10.5,0.09,6.0,97.2,False,31.5,0.5,0.93,True,True,-9.9,58.6
dress_circle:B:16,dress_circle,side_even,B,16,DC,150,40.04,38.9,85.09,105.7,90.6,23.3,-16.5,upper_tier,0.9,10.5,0.09,6.0,97.1,False,31.5,0.5,0.92,True,True,-9.9,57.0
dress_circle:B:18,dress_circle,side_even,B,18,DC,150,41.65,38.9,84.4,105.7,90.8,24.3,-16.5,upper_tier,0.9,10.5,0.09,6.0,97.1,False,31.5,0.5,0.91,True,True,-9.9,55.4
dress_circle:B:20,dress_circle,side_even,B,20,DC,150,43.25,38.9,83.68,105.7,91.0,25.3,-16.5,upper_tier,0.9,10.5,0.09,6.0,97.0,False,31.5,0.5,0.9,True,True,-9.9,53.8
dress_circle:B:22,dress_circle,side_even,B,22,DC,150,44.83,38.9,82.93,105.8,91.2,26.2,-16.5,upper_tier,0.9,10.5,0.09,6.0,96.9,False,31.5,0.5,0.89,True,True,-9.9,52.2
dress_circle:B:24,dress_circle,side_even,B,24,DC,150,46.4,38.9,82.16,105.8,91.4,27.2,-16.5,upper_tier,1.0,10.5,0.09,6.0,96.8,False,31.5,0.58,0.88,True,True,-9.9,51.3
dress_circle:B:26,dress_circle,side_even,B,26,DC,150,47.96,38.9,81.36,105.8,91.6,28.2,-16.5,upper_tier,1.0,10.5,0.09,6.0,96.8,False,31.5,0.58,0.87,True,True,-9.9,49.7
dress_circle:B:28,dress_circle,side_even,B,28,DC,150,49.5,38.9,80.53,105.8,91.8,29.2,-16.5,upper_tier,1.0,10.5,0.09,6.0,96.7,False,31.5,0.58,0.86,True,True,-9.9,48.1
dress_circle:C:101,dress_circle,center_odd,C,101,DC,150,-0.87,39.9,96.03,108.6,91.4,0.5,-16.6,upper_tier,3.7,9.8,0.38,6.3,67.8,False,31.5,0.42,1.0,True,False,-10.1,68.0
dress_circle:C:103,dress_circle,center_odd,C,103,DC,150,-2.62,39.9,96.0,108.6,91.4,1.4,-16.6,upper_tier,3.7,9.8,0.38,6.3,67.8,False,31.5,0.42,1.0,True,False,-10.1,68.0
dress_circle:C:105,dress_circle,center_odd,C,105,DC,150,-4.37,39.9,95.94,108.6,91.5,2.4,-16.6,upper_tier,3.7,9.8,0.38,6.3,67.8,False,31.5,0.42,1.0,True,False,-10.1,68.0
dress_circle:C:107,dress_circle,center_odd,C,107,DC,150,-6.12,39.9,95.85,108.6,91.5,3.4,-16.6,upper_tier,3.7,9.9,0.38,6.3,67.7,False,31.5,0.42,1.0,True,False,-10.1,68.0
dress_circle:C:109,dress_circle,center_odd,C,109,DC,150,-7.87,39.9,95.74,108.6,91.5,4.3,-16.6,upper_tier,3.7,9.9,0.37,6.3,67.7,False,31.5,0.42,1.0,True,False,-10.1,68.0
dress_circle:C:111,dress_circle,center_odd,C,111,DC,150,-9.61,39.9,95.59,108.6,91.6,5.3,-16.6,upper_tier,3.7,10.0,0.37,6.3,67.7,False,31.5,0.42,1.0,True,False,-10.1,68.0
dress_circle:C:113,dress_circle,center_odd,C,113,DC,150,-11.35,39.9,95.42,108.6,91.6,6.3,-16.6,upper_tier,3.7,10.0,0.37,6.3,67.6,False,31.5,0.42,1.0,True,False,-10.1,68.0
dress_circle:C:115,dress_circle,center_odd,C,115,DC,150,-13.09,39.9,95.22,108.6,91.7,7.2,-16.6,upper_tier,3.7,10.1,0.37,6.3,67.6,False,31.5,0.5,1.0,True,False,-10.1,68.7
dress_circle:C:117,dress_circle,center_odd,C,117,DC,150,-14.83,39.9,94.99,108.6,91.7,8.2,-16.6,upper_tier,3.7,10.2,0.37,6.3,67.5,False,31.5,0.5,1.0,True,False,-10.1,68.7
dress_circle:C:119,dress_circle,center_odd,C,119,DC,150,-16.56,39.9,94.73,108.6,91.8,9.2,-16.6,upper_tier,3.7,10.3,0.36,6.3,67.4,False,31.5,0.5,1.0,True,False,-10.1,68.7
dress_circle:C:121,dress_circle,center_odd,C,121,DC,150,-18.28,39.9,94.44,108.6,91.9,10.1,-16.6,upper_tier,3.8,10.4,0.36,6.3,67.4,False,31.5,0.5,1.0,True,False,-10.1,68.7
dress_circle:C:123,dress_circle,center_odd,C,123,DC,150,-20.0,39.9,94.13,108.6,91.9,11.1,-16.6,upper_tier,3.8,10.5,0.36,6.3,67.3,False,31.5,0.5,1.0,True,False,-10.1,68.7
dress_circle:C:125,dress_circle,center_odd,C,125,DC,150,-21.72,39.9,93.78,108.6,92.0,12.0,-16.6,upper_tier,3.8,10.5,0.36,6.3,67.2,False,31.5,0.5,1.0,True,False,-10.1,68.7
dress_circle:C:127,dress_circle,center_odd,C,127,DC,150,-23.43,39.9,93.41,108.6,92.1,13.0,-16.6,upper_tier,3.8,10.5,0.36,6.3,67.1,False,31.5,0.5,1.0,True,False,-10.1,68.7
dress_circle:C:102,dress_circle,center_even,C,102,DC,150,0.87,39.9,96.03,108.6,91.4,0.5,-16.6,upper_tier,3.7,9.8,0.38,6.3,67.8,False,31.5,0.42,1.0,True,False,-10.1,68.0
dress_circle:C:104,dress_circle,center_even,C,104,DC,150,2.62,39.9,96.0,108.6,91.4,1.4,-16.6,upper_tier,3.7,9.8,0.38,6.3,67.8,False,31.5,0.42,1.0,True,False,-10.1,68.0
dress_circle:C:106,dress_circle,center_even,C,106,DC,150,4.37,39.9,95.94,108.6,91.5,2.4,-16.6,upper_tier,3.7,9.8,0.38,6.3,67.8,False,31.5,0.42,1.0,True,False,-10.1,68.0
dress_circle:C:108,dress_circle,center_even,C,108,DC,150,6.12,39.9,95.85,108.6,91.5,3.4,-16.6,upper_tier,3.7,9.9,0.38,6.3,67.7,False,31.5,0.42,1.0,True,False,-10.1,68.0
dress_circle:C:110,dress_circle,center_even,C,110,DC,150,7.87,39.9,95.74,108.6,91.5,4.3,-16.6,upper_tier,3.7,9.9,0.37,6.3,67.7,False,31.5,0.42,1.0,True,False,-10.1,68.0
dress_circle:C:112,dress_circle,center_even,C,112,DC,150,9.61,39.9,95.59,108.6,91.6,5.3,-16.6,upper_tier,3.7,10.0,0.37,6.3,67.7,False,31.5,0.42,1.0,True,False,-10.1,68.0
dress_circle:C:114,dress_circle,center_even,C,114,DC,150,11.35,39.9,95.42,108.6,91.6,6.3,-16.6,upper_tier,3.7,10.0,0.37,6.3,67.6,False,31.5,0.42,1.0,True,False,-10.1,68.0
dress_circle:C:116,dress_circle,center_even,C,116,DC,150,13.09,39.9,95.22,108.6,91.7,7.2,-16.6,upper_tier,3.7,10.1,0.37,6.3,67.6,False,31.5,0.5,1.0,True,False,-10.1,68.7
dress_circle:C:118,dress_circle,center_even,C,118,DC,150,14.83,39.9,94.99,108.6,91.7,8.2,-16.6,upper_tier,3.7,10.2,0.37,6.3,67.5,False,31.5,0.5,1.0,True,False,-10.1,68.7
dress_circle:C:120,dress_circle,center_even,C,120,DC,150,16.56,39.9,94.73,108.6,91.8,9.2,-16.6,upper_tier,3.7,10.3,0.36,6.3,67.4,False,31.5,0.5,1.0,True,False,-10.1,68.7
dress_circle:C:122,dress_circle,center_even,C,122,DC,150,18.28,39.9,94.44,108.6,91.9,10.1,-16.6,upper_tier,3.8,10.4,0.36,6.3,67.4,False,31.5,0.5,1.0,True,False,-10.1,68.7
dress_circle:C:124,dress_circle,center_even,C,124,DC,150,20.0,39.9,94.13,108.6,91.9,11.1,-16.6,upper_tier,3.8,10.5,0.36,6.3,67.3,False,31.5,0.5,1.0,True,False,-10.1,68.7
dress_circle:C:126,dress_circle,center_even,C,126,DC,150,21.72,39.9,93.78,108.6,92.0,12.0,-16.6,upper_tier,3.8,10.5,0.36,6.3,67.2,False,31.5,0.5,1.0,True,False,-10.1,68.7
dress_circle:C:128,dress_circle,center_even,C,128,DC,150,23.43,39.9,93.41,108.6,92.1,13.0,-16.6,upper_tier,3.8,10.5,0.36,6.3,67.1,False,31.5,0.5,1.0,True,False,-10.1,68.7
dress_circle:C:1,dress_circle,side_odd,C,1,DCP,220,-28.52,39.9,92.12,108.7,92.5,15.9,-16.6,upper_tier,3.8,10.5,0.37,6.4,66.7,False,31.5,0.5,0.99,True,False,-10.1,67.1
dress_circle:C:3,dress_circle,side_odd,C,3,DCP,220,-30.2,39.9,91.64,108.7,92.6,16.9,-16.6,upper_tier,3.9,10.5,0.37,6.4,66.6,False,31.5,0.5,0.98,True,False,-10.1,65.5
dress_circle:C:5,dress_circle,side_odd,C,5,DCP,220,-31.87,39.9,91.13,108.7,92.7,17.8,-16.6,upper_tier,3.9,10.5,0.37,6.4,66.4,False,31.5,0.5,0.97,True,False,-10.1,64.0
dress_circle:C:7,dress_circle,side_odd,C,7,DCP,220,-33.54,39.9,90.59,108.7,92.9,18.8,-16.6,upper_tier,3.9,10.5,0.37,6.4,66.2,False,31.5,0.5,0.96,True,False,-10.1,62.4
dress_circle:C:9,dress_circle,side_odd,C,9,DC,150,-35.19,39.9,90.02,108.7,93.0,19.8,-16.6,upper_tier,3.9,10.5,0.37,6.4,66.1,False,31.5,0.5,0.95,True,False,-10.1,60.8
dress_circle:C:11,dress_circle,side_odd,C,11,DC,150,-36.84,39.9,89.42,108.7,93.2,20.7,-16.6,upper_tier,4.0,10.5,0.38,6.4,65.9,False,31.5,0.5,0.94,True,False,-10.1,59.3
dress_circle:C:13,dress_circle,side_odd,C,13,DC,150,-38.48,39.9,88.8,108.7,93.3,21.7,-16.6,upper_tier,4.0,10.5,0.38,6.4,65.7,False,31.5,0.5,0.93,True,False,-10.1,57.7
dress_circle:C:15,dress_circle,side_odd,C,15,DC,150,-40.1,39.9,88.15,108.7,93.5,22.6,-16.6,upper_tier,4.0,10.5,0.38,6.4,65.5,False,31.5,0.5,0.92,True,False,-10.1,56.2
dress_circle:C:17,dress_circle,side_odd,C,17,DC,150,-41.72,39.9,87.48,108.7,93.7,23.6,-16.6,upper_tier,4.0,10.5,0.38,6.4,65.3,False,31.5,0.5,0.91,True,False,-10.1,54.6
dress_circle:C:19,dress_circle,side_odd,C,19,DC,150,-43.32,39.9,86.78,108.7,93.8,24.6,-16.6,upper_tier,4.1,10.5,0.39,6.5,65.1,False,31.5,0.5,0.9,True,False,-10.1,53.0
dress_circle:C:21,dress_circle,side_odd,C,21,DC,150,-44.91,39.9,86.05,108.8,94.0,25.5,-16.6,upper_tier,4.1,10.5,0.39,6.5,64.9,False,31.5,0.5,0.89,True,False,-10.1,51.5
dress_circle:C:23,dress_circle,side_odd,C,23,DC,150,-46.49,39.9,85.29,108.8,94.2,26.5,-16.6,upper_tier,4.1,10.5,0.39,6.5,64.6,False,31.5,0.5,0.88,True,False,-10.1,49.9
dress_circle:C:25,dress_circle,side_odd,C,25,DC,150,-48.06,39.9,84.51,108.8,94.4,27.4,-16.6,upper_tier,4.2,10.5,0.4,6.5,64.4,False,31.5,0.5,0.87,True,False,-10.1,48.4
dress_circle:C:27,dress_circle,side_odd,C,27,DC,150,-49.61,39.9,83.71,108.8,94.6,28.4,-16.6,upper_tier,4.2,10.5,0.4,6.5,64.1,False,31.5,0.58,0.86,True,False,-10.1,47.4
dress_circle:C:2,dress_circle,side_even,C,2,DCP,220,28.52,39.9,92.12,108.7,92.5,15.9,-16.6,upper_tier,3.8,10.5,0.37,6.4,66.7,False,31.5,0.5,0.99,True,False,-10.1,67.1
dress_circle:C:4,dress_circle,side_even,C,4,DCP,220,30.2,39.9,91.64,108.7,92.6,16.9,-16.6,upper_tier,3.9,10.5,0.37,6.4,66.6,False,31.5,0.5,0.98,True,False,-10.1,65.5
dress_circle:C:6,dress_circle,side_even,C,6,DCP,220,31.87,39.9,91.13,108.7,92.7,17.8,-16.6,upper_tier,3.9,10.5,0.37,6.4,66.4,False,31.5,0.5,0.97,True,False,-10.1,64.0
dress_circle:C:8,dress_circle,side_even,C,8,DCP,220,33.54,39.9,90.59,108.7,92.9,18.8,-16.6,upper_tier,3.9,10.5,0.37,6.4,66.2,False,31.5,0.5,0.96,True,False,-10.1,62.4
dress_circle:C:10,dress_circle,side_even,C,10,DC,150,35.19,39.9,90.02,108.7,93.0,19.8,-16.6,upper_tier,3.9,10.5,0.37,6.4,66.1,False,31.5,0.5,0.95,True,False,-10.1,60.8
dress_circle:C:12,dress_circle,side_even,C,12,DC,150,36.84,39.9,89.42,108.7,93.2,20.7,-16.6,upper_tier,4.0,10.5,0.38,6.4,65.9,False,31.5,0.5,0.94,True,False,-10.1,59.3
dress_circle:C:14,dress_circle,side_even,C,14,DC,150,38.48,39.9,88.8,108.7,93.3,21.7,-16.6,upper_tier,4.0,10.5,0.38,6.4,65.7,False,31.5,0.5,0.93,True,False,-10.1,57.7
dress_circle:C:16,dress_circle,side_even,C,16,DC,150,40.1,39.9,88.15,108.7,93.5,22.6,-16.6,upper_tier,4.0,10.5,0.38,6.4,65.5,False,31.5,0.5,0.92,True,False,-10.1,56.2
dress_circle:C:18,dress_circle,side_even,C,18,DC,150,41.72,39.9,87.48,108.7,93.7,23.6,-16.6,upper_tier,4.0,10.5,0.38,6.4,65.3,False,31.5,0.5,0.91,True,False,-10.1,54.6
dress_circle:C:20,dress_circle,side_even,C,20,DC,150,43.32,39.9,86.78,108.7,93.8,24.6,-16.6,upper_tier,4.1,10.5,0.39,6.5,65.1,False,31.5,0.5,0.9,True,False,-10.1,53.0
dress_circle:C:22,dress_circle,side_even,C,22,DC,150,44.91,39.9,86.05,108.8,94.0,25.5,-16.6,upper_tier,4.1,10.5,0.39,6.5,64.9,False,31.5,0.5,0.89,True,False,-10.1,51.5
dress_circle:C:24,dress_circle,side_even,C,24,DC,150,46.49,39.9,85.29,108.8,94.2,26.5,-16.6,upper_tier,4.1,10.5,0.39,6.5,64.6,False,31.5,0.5,0.88,True,False,-10.1,49.9
dress_circle:C:26,dress_circle,side_even,C,26,DC,150,48.06,39.9,84.51,108.8,94.4,27.4,-16.6,upper_tier,4.2,10.5,0.4,6.5,64.4,False,31.5,0.5,0.87,True,False,-10.1,48.4
dress_circle:C:28,dress_circle,side_even,C,28,DC,150,49.61,39.9,83.71,108.8,94.6,28.4,-16.6,upper_tier,4.2,10.5,0.4,6.5,64.1,False,31.5,0.58,0.86,True,False,-10.1,47.4
dress_circle:D:101,dress_circle,center_odd,D,101,DC,150,-0.87,40.9,98.88,111.6,94.4,0.5,-16.7,upper_tier,6.6,9.8,0.67,6.6,45.5,False,31.5,0.42,1.0,False,False,-10.4,60.6
dress_circle:D:103,dress_circle,center_odd,D,103,DC,150,-2.62,40.9,98.85,111.6,94.4,1.4,-16.7,upper_tier,6.6,9.8,0.67,6.6,45.5,False,31.5,0.42,1.0,False,False,-10.4,60.6
dress_circle:D:105,dress_circle,center_odd,D,105,DC,150,-4.37,40.9,98.79,111.6,94.5,2.3,-16.7,upper_tier,6.6,9.8,0.67,6.6,45.5,False,31.5,0.42,1.0,False,False,-10.4,60.6
dress_circle:D:107,dress_circle,center_odd,D,107,DC,150,-6.12,40.9,98.71,111.6,94.5,3.3,-16.7,upper_tier,6.6,9.9,0.67,6.6,45.5,False,31.5,0.42,1.0,False,False,-10.4,60.6
dress_circle:D:109,dress_circle,center_odd,D,109,DC,150,-7.87,40.9,98.6,111.6,94.5,4.2,-16.7,upper_tier,6.6,9.9,0.66,6.6,45.4,False,31.5,0.42,1.0,False,False,-10.4,60.6
dress_circle:D:111,dress_circle,center_odd,D,111,DC,150,-9.61,40.9,98.45,111.6,94.5,5.2,-16.7,upper_tier,6.6,10.0,0.66,6.6,45.4,False,31.5,0.42,1.0,False,False,-10.4,60.6
dress_circle:D:113,dress_circle,center_odd,D,113,DC,150,-11.35,40.9,98.29,111.6,94.6,6.1,-16.7,upper_tier,6.6,10.0,0.66,6.6,45.4,False,31.5,0.42,1.0,False,False,-10.4,60.6
dress_circle:D:115,dress_circle,center_odd,D,115,DC,150,-13.09,40.9,98.09,111.6,94.6,7.0,-16.7,upper_tier,6.6,10.1,0.65,6.6,45.3,False,31.5,0.42,1.0,False,False,-10.4,60.6
dress_circle:D:117,dress_circle,center_odd,D,117,DC,150,-14.83,40.9,97.87,111.6,94.7,8.0,-16.7,upper_tier,6.6,10.2,0.65,6.6,45.3,False,31.5,0.42,1.0,False,False,-10.4,60.6
dress_circle:D:119,dress_circle,center_odd,D,119,DC,150,-16.56,40.9,97.61,111.6,94.8,8.9,-16.7,upper_tier,6.6,10.3,0.65,6.6,45.2,False,31.5,0.42,1.0,False,False,-10.4,60.6
dress_circle:D:121,dress_circle,center_odd,D,121,DC,150,-18.29,40.9,97.33,111.6,94.8,9.8,-16.7,upper_tier,6.7,10.4,0.64,6.6,45.1,False,31.5,0.42,1.0,False,False,-10.4,60.6
dress_circle:D:123,dress_circle,center_odd,D,123,DC,150,-20.01,40.9,97.03,111.6,94.9,10.8,-16.7,upper_tier,6.7,10.5,0.64,6.6,45.1,False,31.5,0.5,1.0,False,False,-10.4,61.2
dress_circle:D:125,dress_circle,center_odd,D,125,DC,150,-21.73,40.9,96.69,111.6,95.0,11.7,-16.7,upper_tier,6.7,10.5,0.64,6.7,45.0,False,31.5,0.5,1.0,False,False,-10.4,61.2
dress_circle:D:102,dress_circle,center_even,D,102,DC,150,0.87,40.9,98.88,111.6,94.4,0.5,-16.7,upper_tier,6.6,9.8,0.67,6.6,45.5,False,31.5,0.42,1.0,False,False,-10.4,60.6
dress_circle:D:104,dress_circle,center_even,D,104,DC,150,2.62,40.9,98.85,111.6,94.4,1.4,-16.7,upper_tier,6.6,9.8,0.67,6.6,45.5,False,31.5,0.42,1.0,False,False,-10.4,60.6
dress_circle:D:106,dress_circle,center_even,D,106,DC,150,4.37,40.9,98.79,111.6,94.5,2.3,-16.7,upper_tier,6.6,9.8,0.67,6.6,45.5,False,31.5,0.42,1.0,False,False,-10.4,60.6
dress_circle:D:108,dress_circle,center_even,D,108,DC,150,6.12,40.9,98.71,111.6,94.5,3.3,-16.7,upper_tier,6.6,9.9,0.67,6.6,45.5,False,31.5,0.42,1.0,False,False,-10.4,60.6
dress_circle:D:110,dress_circle,center_even,D,110,DC,150,7.87,40.9,98.6,111.6,94.5,4.2,-16.7,upper_tier,6.6,9.9,0.66,6.6,45.4,False,31.5,0.42,1.0,False,False,-10.4,60.6
dress_circle:D:112,dress_circle,center_even,D,112,DC,150,9.61,40.9,98.45,111.6,94.5,5.2,-16.7,upper_tier,6.6,10.0,0.66,6.6,45.4,False,31.5,0.42,1.0,False,False,-10.4,60.6
dress_circle:D:114,dress_circle,center_even,D,114,DC,150,11.35,40.9,98.29,111.6,94.6,6.1,-16.7,upper_tier,6.6,10.0,0.66,6.6,45.4,False,31.5,0.42,1.0,False,False,-10.4,60.6
dress_circle:D:116,dress_circle,center_even,D,116,DC,150,13.09,40.9,98.09,111.6,94.6,7.0,-16.7,upper_tier,6.6,10.1,0.65,6.6,45.3,False,31.5,0.42,1.0,False,False,-10.4,60.6
dress_circle:D:118,dress_circle,center_even,D,118,DC,150,14.83,40.9,97.87,111.6,94.7,8.0,-16.7,upper_tier,6.6,10.2,0.65,6.6,45.3,False,31.5,0.42,1.0,False,False,-10.4,60.6
dress_circle:D:120,dress_circle,center_even,D,120,DC,150,16.56,40.9,97.61,111.6,94.8,8.9,-16.7,upper_tier,6.6,10.3,0.65,6.6,45.2,False,31.5,0.42,1.0,False,False,-10.4,60.6
dress_circle:D:122,dress_circle,center_even,D,122,DC,150,18.29,40.9,97.33,111.6,94.8,9.8,-16.7,upper_tier,6.7,10.4,0.64,6.6,45.1,False,31.5,0.42,1.0,False,False,-10.4,60.6
dress_circle:D:124,dress_circle,center_even,D,124,DC,150,20.01,40.9,97.03,111.6,94.9,10.8,-16.7,upper_tier,6.7,10.5,0.64,6.6,45.1,False,31.5,0.5,1.0,False,False,-10.4,61.2
dress_circle:D:126,dress_circle,center_even,D,126,DC,150,21.73,40.9,96.69,111.6,95.0,11.7,-16.7,upper_tier,6.7,10.5,0.64,6.7,45.0,False,31.5,0.5,1.0,False,False,-10.4,61.2
dress_circle:D:1,dress_circle,side_odd,D,1,DC,150,-28.54,40.9,95.07,111.7,95.4,15.5,-16.7,upper_tier,6.8,10.5,0.65,6.7,44.6,False,31.5,0.5,0.99,False,False,-10.4,60.1
dress_circle:D:3,dress_circle,side_odd,D,3,DC,150,-30.22,40.9,94.6,111.7,95.5,16.4,-16.7,upper_tier,6.8,10.5,0.65,6.7,44.5,False,31.5,0.5,0.98,False,False,-10.4,58.6
dress_circle:D:5,dress_circle,side_odd,D,5,DC,150,-31.9,40.9,94.1,111.7,95.6,17.4,-16.7,upper_tier,6.9,10.5,0.65,6.7,44.4,False,31.5,0.5,0.97,False,False,-10.4,57.0
dress_circle:D:7,dress_circle,side_odd,D,7,DC,150,-33.57,40.9,93.58,111.7,95.8,18.3,-16.7,upper_tier,6.9,10.5,0.66,6.8,44.2,False,31.5,0.5,0.96,False,False,-10.4,55.5
dress_circle:D:9,dress_circle,side_odd,D,9,DC,150,-35.23,40.9,93.02,111.7,95.9,19.2,-16.7,upper_tier,6.9,10.5,0.66,6.8,44.1,False,31.5,0.5,0.95,False,False,-10.4,54.0
dress_circle:D:11,dress_circle,side_odd,D,11,DC,150,-36.88,40.9,92.44,111.7,96.1,20.2,-16.7,upper_tier,7.0,10.5,0.67,6.8,43.9,False,31.5,0.5,0.94,False,False,-10.4,52.4
dress_circle:D:13,dress_circle,side_odd,D,13,DC,150,-38.52,40.9,91.84,111.7,96.2,21.1,-16.7,upper_tier,7.0,10.5,0.67,6.8,43.8,False,31.5,0.5,0.93,False,False,-10.4,50.9
dress_circle:D:15,dress_circle,side_odd,D,15,DC,150,-40.15,40.9,91.21,111.7,96.4,22.0,-16.7,upper_tier,7.1,10.5,0.67,6.8,43.6,False,31.5,0.5,0.93,False,False,-10.4,50.0
dress_circle:D:17,dress_circle,side_odd,D,17,DC,150,-41.78,40.9,90.55,111.7,96.5,23.0,-16.7,upper_tier,7.1,10.5,0.68,6.9,43.5,False,31.5,0.5,0.92,False,False,-10.4,48.4
dress_circle:D:19,dress_circle,side_odd,D,19,DC,150,-43.39,40.9,89.86,111.8,96.7,23.9,-16.7,upper_tier,7.2,10.5,0.68,6.9,43.3,False,31.5,0.5,0.91,False,False,-10.4,46.8
dress_circle:D:21,dress_circle,side_odd,D,21,DC,150,-44.99,40.9,89.15,111.8,96.9,24.8,-16.7,upper_tier,7.2,10.5,0.69,6.9,43.1,False,31.5,0.5,0.9,False,False,-10.4,45.3
dress_circle:D:23,dress_circle,side_odd,D,23,DC,150,-46.57,40.9,88.42,111.8,97.1,25.8,-16.7,upper_tier,7.3,10.5,0.7,6.9,43.0,False,31.5,0.5,0.89,False,False,-10.4,43.7
dress_circle:D:25,dress_circle,side_odd,D,25,DC,150,-48.15,40.9,87.66,111.8,97.2,26.7,-16.7,upper_tier,7.4,10.5,0.7,7.0,42.8,False,31.5,0.5,0.88,False,False,-10.4,42.2
dress_circle:D:27,dress_circle,side_odd,D,27,DC,150,-49.71,40.9,86.87,111.8,97.4,27.7,-16.7,upper_tier,7.4,10.5,0.71,7.0,42.6,False,31.5,0.5,0.87,False,False,-10.4,40.6
dress_circle:D:2,dress_circle,side_even,D,2,DC,150,28.54,40.9,95.07,111.7,95.4,15.5,-16.7,upper_tier,6.8,10.5,0.65,6.7,44.6,False,31.5,0.5,0.99,False,False,-10.4,60.1
dress_circle:D:4,dress_circle,side_even,D,4,DC,150,30.22,40.9,94.6,111.7,95.5,16.4,-16.7,upper_tier,6.8,10.5,0.65,6.7,44.5,False,31.5,0.5,0.98,False,False,-10.4,58.6
dress_circle:D:6,dress_circle,side_even,D,6,DC,150,31.9,40.9,94.1,111.7,95.6,17.4,-16.7,upper_tier,6.9,10.5,0.65,6.7,44.4,False,31.5,0.5,0.97,False,False,-10.4,57.0
dress_circle:D:8,dress_circle,side_even,D,8,DC,150,33.57,40.9,93.58,111.7,95.8,18.3,-16.7,upper_tier,6.9,10.5,0.66,6.8,44.2,False,31.5,0.5,0.96,False,False,-10.4,55.5
dress_circle:D:10,dress_circle,side_even,D,10,DC,150,35.23,40.9,93.02,111.7,95.9,19.2,-16.7,upper_tier,6.9,10.5,0.66,6.8,44.1,False,31.5,0.5,0.95,False,False,-10.4,54.0
dress_circle:D:12,dress_circle,side_even,D,12,DC,150,36.88,40.9,92.44,111.7,96.1,20.2,-16.7,upper_tier,7.0,10.5,0.67,6.8,43.9,False,31.5,0.5,0.94,False,False,-10.4,52.4
dress_circle:D:14,dress_circle,side_even,D,14,DC,150,38.52,40.9,91.84,111.7,96.2,21.1,-16.7,upper_tier,7.0,10.5,0.67,6.8,43.8,False,31.5,0.5,0.93,False,False,-10.4,50.9
dress_circle:D:16,dress_circle,side_even,D,16,DC,150,40.15,40.9,91.21,111.7,96.4,22.0,-16.7,upper_tier,7.1,10.5,0.67,6.8,43.6,False,31.5,0.5,0.93,False,False,-10.4,50.0
dress_circle:D:18,dress_circle,side_even,D,18,DC,150,41.78,40.9,90.55,111.7,96.5,23.0,-16.7,upper_tier,7.1,10.5,0.68,6.9,43.5,False,31.5,0.5,0.92,False,False,-10.4,48.4
dress_circle:D:20,dress_circle,side_even,D,20,DC,150,43.39,40.9,89.86,111.8,96.7,23.9,-16.7,upper_tier,7.2,10.5,0.68,6.9,43.3,False,31.5,0.5,0.91,False,False,-10.4,46.8
dress_circle:D:22,dress_circle,side_even,D,22,DC,150,44.99,40.9,89.15,111.8,96.9,24.8,-16.7,upper_tier,7.2,10.5,0.69,6.9,43.1,False,31.5,0.5,0.9,False,False,-10.4,45.3
dress_circle:D:24,dress_circle,side_even,D,24,DC,150,46.57,40.9,88.42,111.8,97.1,25.8,-16.7,upper_tier,7.3,10.5,0.7,6.9,43.0,False,31.5,0.5,0.89,False,False,-10.4,43.7
dress_circle:D:26,dress_circle,side_even,D,26,DC,150,48.15,40.9,87.66,111.8,97.2,26.7,-16.7,upper_tier,7.4,10.5,0.7,7.0,42.8,False,31.5,0.5,0.88,False,False,-10.4,42.2
dress_circle:D:28,dress_circle,side_even,D,28,DC,150,49.71,40.9,86.87,111.8,97.4,27.7,-16.7,upper_tier,7.4,10.5,0.71,7.0,42.6,False,31.5,0.5,0.87,False,False,-10.4,40.6
dress_circle:E:101,dress_circle,center_odd,E,101,DC,150,-0.87,41.9,101.73,114.6,97.4,0.5,-16.8,upper_tier,9.4,9.8,0.96,6.9,32.3,False,31.5,0.42,1.0,False,False,-10.6,59.2
dress_circle:E:103,dress_circle,center_odd,E,103,DC,150,-2.62,41.9,101.7,114.6,97.4,1.4,-16.8,upper_tier,9.4,9.8,0.96,6.9,32.3,False,31.5,0.42,1.0,False,False,-10.6,59.2
dress_circle:E:105,dress_circle,center_odd,E,105,DC,150,-4.37,41.9,101.64,114.6,97.5,2.3,-16.8,upper_tier,9.4,9.8,0.96,6.9,32.2,False,31.5,0.42,1.0,False,False,-10.6,59.2
dress_circle:E:107,dress_circle,center_odd,E,107,DC,150,-6.12,41.9,101.56,114.6,97.5,3.2,-16.8,upper_tier,9.4,9.9,0.95,6.9,32.2,False,31.5,0.42,1.0,False,False,-10.6,59.2
dress_circle:E:109,dress_circle,center_odd,E,109,DC,150,-7.87,41.9,101.45,114.6,97.5,4.1,-16.8,upper_tier,9.4,9.9,0.95,6.9,32.2,False,31.5,0.42,1.0,False,False,-10.6,59.2
dress_circle:E:111,dress_circle,center_odd,E,111,DC,150,-9.61,41.9,101.32,114.6,97.5,5.0,-16.8,upper_tier,9.4,10.0,0.95,6.9,32.2,False,31.5,0.42,1.0,False,False,-10.6,59.2
dress_circle:E:113,dress_circle,center_odd,E,113,DC,150,-11.36,41.9,101.15,114.6,97.6,5.9,-16.8,upper_tier,9.5,10.0,0.94,6.9,32.2,False,31.5,0.42,1.0,False,False,-10.6,59.2
dress_circle:E:115,dress_circle,center_odd,E,115,DC,150,-13.09,41.9,100.96,114.6,97.6,6.9,-16.8,upper_tier,9.5,10.1,0.94,6.9,32.2,False,31.5,0.42,1.0,False,False,-10.6,59.2
dress_circle:E:117,dress_circle,center_odd,E,117,DC,150,-14.83,41.9,100.74,114.6,97.7,7.8,-16.8,upper_tier,9.5,10.2,0.93,6.9,32.1,False,31.5,0.42,1.0,False,False,-10.6,59.2
dress_circle:E:119,dress_circle,center_odd,E,119,DC,150,-16.56,41.9,100.5,114.6,97.7,8.7,-16.8,upper_tier,9.5,10.3,0.93,6.9,32.1,False,31.5,0.42,1.0,False,False,-10.6,59.2
dress_circle:E:121,dress_circle,center_odd,E,121,DC,150,-18.29,41.9,100.22,114.6,97.8,9.6,-16.8,upper_tier,9.5,10.4,0.92,7.0,32.0,False,31.5,0.42,1.0,False,False,-10.6,59.2
dress_circle:E:123,dress_circle,center_odd,E,123,DC,150,-20.02,41.9,99.92,114.6,97.9,10.5,-16.8,upper_tier,9.6,10.5,0.91,7.0,32.0,False,31.5,0.42,1.0,False,False,-10.6,59.2
dress_circle:E:125,dress_circle,center_odd,E,125,DC,150,-21.74,41.9,99.6,114.7,98.0,11.4,-16.8,upper_tier,9.6,10.5,0.91,7.0,32.0,False,31.5,0.42,1.0,False,False,-10.6,59.1
dress_circle:E:127,dress_circle,center_odd,E,127,DC,150,-23.45,41.9,99.24,114.7,98.0,12.3,-16.8,upper_tier,9.6,10.5,0.92,7.0,31.9,False,31.5,0.42,1.0,False,False,-10.6,59.1
dress_circle:E:102,dress_circle,center_even,E,102,DC,150,0.87,41.9,101.73,114.6,97.4,0.5,-16.8,upper_tier,9.4,9.8,0.96,6.9,32.3,False,31.5,0.42,1.0,False,False,-10.6,59.2
dress_circle:E:104,dress_circle,center_even,E,104,DC,150,2.62,41.9,101.7,114.6,97.4,1.4,-16.8,upper_tier,9.4,9.8,0.96,6.9,32.3,False,31.5,0.42,1.0,False,False,-10.6,59.2
dress_circle:E:106,dress_circle,center_even,E,106,DC,150,4.37,41.9,101.64,114.6,97.5,2.3,-16.8,upper_tier,9.4,9.8,0.96,6.9,32.2,False,31.5,0.42,1.0,False,False,-10.6,59.2
dress_circle:E:108,dress_circle,center_even,E,108,DC,150,6.12,41.9,101.56,114.6,97.5,3.2,-16.8,upper_tier,9.4,9.9,0.95,6.9,32.2,False,31.5,0.42,1.0,False,False,-10.6,59.2
dress_circle:E:110,dress_circle,center_even,E,110,DC,150,7.87,41.9,101.45,114.6,97.5,4.1,-16.8,upper_tier,9.4,9.9,0.95,6.9,32.2,False,31.5,0.42,1.0,False,False,-10.6,59.2
dress_circle:E:112,dress_circle,center_even,E,112,DC,150,9.61,41.9,101.32,114.6,97.5,5.0,-16.8,upper_tier,9.4,10.0,0.95,6.9,32.2,False,31.5,0.42,1.0,False,False,-10.6,59.2
dress_circle:E:114,dress_circle,center_even,E,114,DC,150,11.36,41.9,101.15,114.6,97.6,5.9,-16.8,upper_tier,9.5,10.0,0.94,6.9,32.2,False,31.5,0.42,1.0,False,False,-10.6,59.2
dress_circle:E:116,dress_circle,center_even,E,116,DC,150,13.09,41.9,100.96,114.6,97.6,6.9,-16.8,upper_tier,9.5,10.1,0.94,6.9,32.2,False,31.5,0.42,1.0,False,False,-10.6,59.2
dress_circle:E:118,dress_circle,center_even,E,118,DC,150,14.83,41.9,100.74,114.6,97.7,7.8,-16.8,upper_tier,9.5,10.2,0.93,6.9,32.1,False,31.5,0.42,1.0,False,False,-10.6,59.2
dress_circle:E:120,dress_circle,center_even,E,120,DC,150,16.56,41.9,100.5,114.6,97.7,8.7,-16.8,upper_tier,9.5,10.3,0.93,6.9,32.1,False,31.5,0.42,1.0,False,False,-10.6,59.2
dress_circle:E:122,dress_circle,center_even,E,122,DC,150,18.29,41.9,100.22,114.6,97.8,9.6,-16.8,upper_tier,9.5,10.4,0.92,7.0,32.0,False,31.5,0.42,1.0,False,False,-10.6,59.2
dress_circle:E:124,dress_circle,center_even,E,124,DC,150,20.02,41.9,99.92,114.6,97.9,10.5,-16.8,upper_tier,9.6,10.5,0.91,7.0,32.0,False,31.5,0.42,1.0,False,False,-10.6,59.2
dress_circle:E:126,dress_circle,center_even,E,126,DC,150,21.74,41.9,99.6,114.7,98.0,11.4,-16.8,upper_tier,9.6,10.5,0.91,7.0,32.0,False,31.5,0.42,1.0,False,False,-10.6,59.1
dress_circle:E:128,dress_circle,center_even,E,128,DC,150,23.45,41.9,99.24,114.7,98.0,12.3,-16.8,upper_tier,9.6,10.5,0.92,7.0,31.9,False,31.5,0.42,1.0,False,False,-10.6,59.1
dress_circle:E:1,dress_circle,side_odd,E,1,DC,150,-28.55,41.9,98.02,114.7,98.3,15.1,-16.8,upper_tier,9.8,10.5,0.93,7.0,31.7,False,31.5,0.5,0.99,False,False,-10.6,59.0
dress_circle:E:3,dress_circle,side_odd,E,3,DC,150,-30.24,41.9,97.56,114.7,98.5,16.0,-16.8,upper_tier,9.8,10.5,0.93,7.1,31.7,False,31.5,0.5,0.98,False,False,-10.6,57.5
dress_circle:E:5,dress_circle,side_odd,E,5,DC,150,-31.92,41.9,97.07,114.7,98.6,16.9,-16.8,upper_tier,9.8,10.5,0.94,7.1,31.6,False,31.5,0.5,0.97,False,False,-10.6,56.0
dress_circle:E:7,dress_circle,side_odd,E,7,DC,150,-33.6,41.9,96.56,114.7,98.7,17.8,-16.8,upper_tier,9.9,10.5,0.94,7.1,31.5,False,31.5,0.5,0.96,False,False,-10.6,54.5
dress_circle:E:9,dress_circle,side_odd,E,9,DC2,95,-35.26,41.9,96.02,114.7,98.8,18.7,-16.8,upper_tier,10.0,10.5,0.95,7.1,31.4,False,31.5,0.5,0.95,False,False,-10.6,53.0
dress_circle:E:11,dress_circle,side_odd,E,11,DC2,95,-36.92,41.9,95.45,114.7,99.0,19.6,-16.8,upper_tier,10.0,10.5,0.95,7.2,31.4,False,31.5,0.5,0.95,False,False,-10.6,52.1
dress_circle:E:13,dress_circle,side_odd,E,13,DC2,95,-38.57,41.9,94.86,114.7,99.1,20.6,-16.8,upper_tier,10.1,10.5,0.96,7.2,31.3,False,31.5,0.5,0.94,False,False,-10.6,50.5
dress_circle:E:15,dress_circle,side_odd,E,15,DC2,95,-40.2,41.9,94.25,114.7,99.3,21.5,-16.8,upper_tier,10.1,10.5,0.97,7.2,31.2,False,31.5,0.5,0.93,False,False,-10.6,49.0
dress_circle:E:17,dress_circle,side_odd,E,17,DC2,95,-41.83,41.9,93.6,114.8,99.4,22.4,-16.8,upper_tier,10.2,10.5,0.97,7.3,31.1,False,31.5,0.5,0.92,False,False,-10.6,47.5
dress_circle:E:19,dress_circle,side_odd,E,19,DC2,95,-43.45,41.9,92.94,114.8,99.6,23.3,-16.8,upper_tier,10.3,10.5,0.98,7.3,31.0,False,31.5,0.5,0.91,False,False,-10.6,46.0
dress_circle:E:21,dress_circle,side_odd,E,21,DC2,95,-45.05,41.9,92.24,114.8,99.7,24.2,-16.8,upper_tier,10.4,10.5,0.99,7.3,30.9,False,31.5,0.5,0.9,False,False,-10.6,44.5
dress_circle:E:23,dress_circle,side_odd,E,23,DC2,95,-46.65,41.9,91.52,114.8,99.9,25.1,-16.8,upper_tier,10.4,10.5,0.99,7.4,30.8,False,31.5,0.5,0.89,False,False,-10.6,43.0
dress_circle:E:25,dress_circle,side_odd,E,25,DC2,95,-48.24,41.9,90.78,114.8,100.1,26.0,-16.8,upper_tier,10.5,10.5,1.0,7.4,30.7,False,31.5,0.5,0.88,False,False,-10.6,41.5
dress_circle:E:27,dress_circle,side_odd,E,27,DC2,95,-49.81,41.9,90.01,114.8,100.3,26.9,-16.8,upper_tier,10.6,10.5,1.01,7.4,30.6,False,31.5,0.5,0.87,False,False,-10.6,40.0
dress_circle:E:2,dress_circle,side_even,E,2,DC,150,28.55,41.9,98.02,114.7,98.3,15.1,-16.8,upper_tier,9.8,10.5,0.93,7.0,31.7,False,31.5,0.5,0.99,False,False,-10.6,59.0
dress_circle:E:4,dress_circle,side_even,E,4,DC,150,30.24,41.9,97.56,114.7,98.5,16.0,-16.8,upper_tier,9.8,10.5,0.93,7.1,31.7,False,31.5,0.5,0.98,False,False,-10.6,57.5
dress_circle:E:6,dress_circle,side_even,E,6,DC,150,31.92,41.9,97.07,114.7,98.6,16.9,-16.8,upper_tier,9.8,10.5,0.94,7.1,31.6,False,31.5,0.5,0.97,False,False,-10.6,56.0
dress_circle:E:8,dress_circle,side_even,E,8,DC,150,33.6,41.9,96.56,114.7,98.7,17.8,-16.8,upper_tier,9.9,10.5,0.94,7.1,31.5,False,31.5,0.5,0.96,False,False,-10.6,54.5
dress_circle:E:10,dress_circle,side_even,E,10,DC2,95,35.26,41.9,96.02,114.7,98.8,18.7,-16.8,upper_tier,10.0,10.5,0.95,7.1,31.4,False,31.5,0.5,0.95,False,False,-10.6,53.0
dress_circle:E:12,dress_circle,side_even,E,12,DC2,95,36.92,41.9,95.45,114.7,99.0,19.6,-16.8,upper_tier,10.0,10.5,0.95,7.2,31.4,False,31.5,0.5,0.95,False,False,-10.6,52.1
dress_circle:E:14,dress_circle,side_even,E,14,DC2,95,38.57,41.9,94.86,114.7,99.1,20.6,-16.8,upper_tier,10.1,10.5,0.96,7.2,31.3,False,31.5,0.5,0.94,False,False,-10.6,50.5
dress_circle:E:16,dress_circle,side_even,E,16,DC2,95,40.2,41.9,94.25,114.7,99.3,21.5,-16.8,upper_tier,10.1,10.5,0.97,7.2,31.2,False,31.5,0.5,0.93,False,False,-10.6,49.0
dress_circle:E:18,dress_circle,side_even,E,18,DC2,95,41.83,41.9,93.6,114.8,99.4,22.4,-16.8,upper_tier,10.2,10.5,0.97,7.3,31.1,False,31.5,0.5,0.92,False,False,-10.6,47.5
dress_circle:E:20,dress_circle,side_even,E,20,DC2,95,43.45,41.9,92.94,114.8,99.6,23.3,-16.8,upper_tier,10.3,10.5,0.98,7.3,31.0,False,31.5,0.5,0.91,False,False,-10.6,46.0
dress_circle:E:22,dress_circle,side_even,E,22,DC2,95,45.05,41.9,92.24,114.8,99.7,24.2,-16.8,upper_tier,10.4,10.5,0.99,7.3,30.9,False,31.5,0.5,0.9,False,False,-10.6,44.5
dress_circle:E:24,dress_circle,side_even,E,24,DC2,95,46.65,41.9,91.52,114.8,99.9,25.1,-16.8,upper_tier,10.4,10.5,0.99,7.4,30.8,False,31.5,0.5,0.89,False,False,-10.6,43.0
dress_circle:E:26,dress_circle,side_even,E,26,DC2,95,48.24,41.9,90.78,114.8,100.1,26.0,-16.8,upper_tier,10.5,10.5,1.0,7.4,30.7,False,31.5,0.5,0.88,False,False,-10.6,41.5
dress_circle:E:28,dress_circle,side_even,E,28,DC2,95,49.81,41.9,90.01,114.8,100.3,26.9,-16.8,upper_tier,10.6,10.5,1.01,7.4,30.6,False,31.5,0.5,0.87,False,False,-10.6,40.0
dress_circle:F:101,dress_circle,center_odd,F,101,DC,150,-0.87,42.9,104.58,117.6,100.4,0.4,-16.9,upper_tier,12.3,9.8,1.25,7.2,24.3,False,31.5,0.42,1.0,False,False,-10.8,56.9
dress_circle:F:103,dress_circle,center_odd,F,103,DC,150,-2.62,42.9,104.55,117.6,100.4,1.3,-16.9,upper_tier,12.3,9.8,1.25,7.2,24.3,False,31.5,0.42,1.0,False,False,-10.8,56.9
dress_circle:F:105,dress_circle,center_odd,F,105,DC,150,-4.37,42.9,104.5,117.6,100.5,2.2,-16.9,upper_tier,12.3,9.8,1.25,7.2,24.3,False,31.5,0.42,1.0,False,False,-10.8,56.9
dress_circle:F:107,dress_circle,center_odd,F,107,DC,150,-6.12,42.9,104.42,117.6,100.5,3.1,-16.9,upper_tier,12.3,9.9,1.24,7.2,24.3,False,31.5,0.42,1.0,False,False,-10.8,56.9
dress_circle:F:109,dress_circle,center_odd,F,109,DC,150,-7.87,42.9,104.31,117.6,100.5,4.0,-16.9,upper_tier,12.3,9.9,1.24,7.2,24.3,False,31.5,0.42,1.0,False,False,-10.8,56.9
dress_circle:F:111,dress_circle,center_odd,F,111,DC,150,-9.61,42.9,104.18,117.6,100.5,4.9,-16.9,upper_tier,12.3,10.0,1.24,7.2,24.3,False,31.5,0.42,1.0,False,False,-10.8,56.9
dress_circle:F:113,dress_circle,center_odd,F,113,DC,150,-11.36,42.9,104.02,117.6,100.6,5.8,-16.8,upper_tier,12.3,10.0,1.23,7.2,24.2,False,31.5,0.42,1.0,False,False,-10.8,56.8
dress_circle:F:115,dress_circle,center_odd,F,115,DC,150,-13.1,42.9,103.83,117.6,100.6,6.7,-16.8,upper_tier,12.3,10.1,1.22,7.2,24.2,False,31.5,0.42,1.0,False,False,-10.8,56.8
dress_circle:F:117,dress_circle,center_odd,F,117,DC,150,-14.83,42.9,103.62,117.6,100.7,7.6,-16.8,upper_tier,12.4,10.2,1.22,7.2,24.2,False,31.5,0.42,1.0,False,False,-10.8,56.8
dress_circle:F:119,dress_circle,center_odd,F,119,DC,150,-16.57,42.9,103.38,117.7,100.7,8.5,-16.8,upper_tier,12.4,10.3,1.21,7.3,24.2,False,31.5,0.42,1.0,False,False,-10.8,56.7
dress_circle:F:121,dress_circle,center_odd,F,121,DC,150,-18.3,42.9,103.11,117.7,100.8,9.4,-16.8,upper_tier,12.4,10.4,1.2,7.3,24.1,False,31.5,0.42,1.0,False,False,-10.8,56.6
dress_circle:F:123,dress_circle,center_odd,F,123,DC,150,-20.02,42.9,102.82,117.7,100.9,10.2,-16.8,upper_tier,12.5,10.5,1.19,7.3,24.1,False,31.5,0.42,1.0,False,False,-10.8,56.6
dress_circle:F:125,dress_circle,center_odd,F,125,DC,150,-21.74,42.9,102.5,117.7,100.9,11.1,-16.8,upper_tier,12.5,10.5,1.19,7.3,24.1,False,31.5,0.42,1.0,False,False,-10.8,56.6
dress_circle:F:102,dress_circle,center_even,F,102,DC,150,0.87,42.9,104.58,117.6,100.4,0.4,-16.9,upper_tier,12.3,9.8,1.25,7.2,24.3,False,31.5,0.42,1.0,False,False,-10.8,56.9
dress_circle:F:104,dress_circle,center_even,F,104,DC,150,2.62,42.9,104.55,117.6,100.4,1.3,-16.9,upper_tier,12.3,9.8,1.25,7.2,24.3,False,31.5,0.42,1.0,False,False,-10.8,56.9
dress_circle:F:106,dress_circle,center_even,F,106,DC,150,4.37,42.9,104.5,117.6,100.5,2.2,-16.9,upper_tier,12.3,9.8,1.25,7.2,24.3,False,31.5,0.42,1.0,False,False,-10.8,56.9
dress_circle:F:108,dress_circle,center_even,F,108,DC,150,6.12,42.9,104.42,117.6,100.5,3.1,-16.9,upper_tier,12.3,9.9,1.24,7.2,24.3,False,31.5,0.42,1.0,False,False,-10.8,56.9
dress_circle:F:110,dress_circle,center_even,F,110,DC,150,7.87,42.9,104.31,117.6,100.5,4.0,-16.9,upper_tier,12.3,9.9,1.24,7.2,24.3,False,31.5,0.42,1.0,False,False,-10.8,56.9
dress_circle:F:112,dress_circle,center_even,F,112,DC,150,9.61,42.9,104.18,117.6,100.5,4.9,-16.9,upper_tier,12.3,10.0,1.24,7.2,24.3,False,31.5,0.42,1.0,False,False,-10.8,56.9
dress_circle:F:114,dress_circle,center_even,F,114,DC,150,11.36,42.9,104.02,117.6,100.6,5.8,-16.8,upper_tier,12.3,10.0,1.23,7.2,24.2,False,31.5,0.42,1.0,False,False,-10.8,56.8
dress_circle:F:116,dress_circle,center_even,F,116,DC,150,13.1,42.9,103.83,117.6,100.6,6.7,-16.8,upper_tier,12.3,10.1,1.22,7.2,24.2,False,31.5,0.42,1.0,False,False,-10.8,56.8
dress_circle:F:118,dress_circle,center_even,F,118,DC,150,14.83,42.9,103.62,117.6,100.7,7.6,-16.8,upper_tier,12.4,10.2,1.22,7.2,24.2,False,31.5,0.42,1.0,False,False,-10.8,56.8
dress_circle:F:120,dress_circle,center_even,F,120,DC,150,16.57,42.9,103.38,117.7,100.7,8.5,-16.8,upper_tier,12.4,10.3,1.21,7.3,24.2,False,31.5,0.42,1.0,False,False,-10.8,56.7
dress_circle:F:122,dress_circle,center_even,F,122,DC,150,18.3,42.9,103.11,117.7,100.8,9.4,-16.8,upper_tier,12.4,10.4,1.2,7.3,24.1,False,31.5,0.42,1.0,False,False,-10.8,56.6
dress_circle:F:124,dress_circle,center_even,F,124,DC,150,20.02,42.9,102.82,117.7,100.9,10.2,-16.8,upper_tier,12.5,10.5,1.19,7.3,24.1,False,31.5,0.42,1.0,False,False,-10.8,56.6
dress_circle:F:126,dress_circle,center_even,F,126,DC,150,21.74,42.9,102.5,117.7,100.9,11.1,-16.8,upper_tier,12.5,10.5,1.19,7.3,24.1,False,31.5,0.42,1.0,False,False,-10.8,56.6
dress_circle:F:1,dress_circle,side_odd,F,1,DC,150,-28.57,42.9,100.96,117.7,101.3,14.7,-16.8,upper_tier,12.7,10.5,1.21,7.4,24.0,False,31.5,0.5,0.99,False,False,-10.8,56.5
dress_circle:F:3,dress_circle,side_odd,F,3,DC,150,-30.26,42.9,100.51,117.7,101.4,15.6,-16.8,upper_tier,12.8,10.5,1.22,7.4,23.9,False,31.5,0.5,0.98,False,False,-10.8,55.2
dress_circle:F:5,dress_circle,side_odd,F,5,DC,150,-31.95,42.9,100.04,117.7,101.5,16.5,-16.8,upper_tier,12.8,10.5,1.22,7.4,23.9,False,31.5,0.5,0.97,False,False,-10.8,53.7
dress_circle:F:7,dress_circle,side_odd,F,7,DC,150,-33.62,42.9,99.54,117.7,101.6,17.4,-16.8,upper_tier,12.9,10.5,1.23,7.5,23.9,False,31.5,0.5,0.96,False,False,-10.8,52.2
dress_circle:F:9,dress_circle,side_odd,F,9,DC2,95,-35.29,42.9,99.01,117.7,101.8,18.3,-16.8,upper_tier,13.0,10.5,1.23,7.5,23.8,False,31.5,0.5,0.95,False,False,-10.8,50.6
dress_circle:F:11,dress_circle,side_odd,F,11,DC2,95,-36.95,42.9,98.46,117.7,101.9,19.1,-16.8,upper_tier,13.0,10.5,1.24,7.5,23.8,False,31.5,0.5,0.95,False,False,-10.8,49.8
dress_circle:F:13,dress_circle,side_odd,F,13,DC2,95,-38.6,42.9,97.88,117.7,102.0,20.0,-16.8,upper_tier,13.1,10.5,1.25,7.6,23.8,False,31.5,0.5,0.94,False,False,-10.8,48.3
dress_circle:F:15,dress_circle,side_odd,F,15,DC2,95,-40.25,42.9,97.28,117.8,102.2,20.9,-16.8,upper_tier,13.2,10.5,1.26,7.6,23.7,False,31.5,0.5,0.93,False,False,-10.8,46.6
dress_circle:F:17,dress_circle,side_odd,F,17,DC2,95,-41.88,42.9,96.65,117.8,102.3,21.8,-16.8,upper_tier,13.3,10.5,1.27,7.7,23.7,False,31.5,0.5,0.92,False,False,-10.8,45.1
dress_circle:F:19,dress_circle,side_odd,F,19,DC2,95,-43.51,42.9,96.0,117.8,102.5,22.7,-16.8,upper_tier,13.4,10.5,1.27,7.7,23.6,False,31.5,0.5,0.91,False,False,-10.8,43.5
dress_circle:F:21,dress_circle,side_odd,F,21,DC2,95,-45.12,42.9,95.32,117.8,102.6,23.6,-16.8,upper_tier,13.5,10.5,1.28,7.7,23.6,False,31.5,0.5,0.9,False,False,-10.8,42.0
dress_circle:F:23,dress_circle,side_odd,F,23,DC2,95,-46.72,42.9,94.62,117.8,102.8,24.5,-16.8,upper_tier,13.6,10.5,1.29,7.8,23.5,False,31.5,0.5,0.89,False,False,-10.8,40.4
dress_circle:F:25,dress_circle,side_odd,F,25,DC2,95,-48.31,42.9,93.9,117.8,103.0,25.4,-16.8,upper_tier,13.7,10.5,1.3,7.8,23.5,False,31.5,0.5,0.89,False,False,-10.8,39.5
dress_circle:F:27,dress_circle,side_odd,F,27,DC2,95,-49.9,42.9,93.15,117.8,103.1,26.3,-16.8,upper_tier,13.8,10.5,1.31,7.9,23.4,False,31.5,0.5,0.88,False,False,-10.8,37.8
dress_circle:F:2,dress_circle,side_even,F,2,DC,150,28.57,42.9,100.96,117.7,101.3,14.7,-16.8,upper_tier,12.7,10.5,1.21,7.4,24.0,False,31.5,0.5,0.99,False,False,-10.8,56.5
dress_circle:F:4,dress_circle,side_even,F,4,DC,150,30.26,42.9,100.51,117.7,101.4,15.6,-16.8,upper_tier,12.8,10.5,1.22,7.4,23.9,False,31.5,0.5,0.98,False,False,-10.8,55.2
dress_circle:F:6,dress_circle,side_even,F,6,DC,150,31.95,42.9,100.04,117.7,101.5,16.5,-16.8,upper_tier,12.8,10.5,1.22,7.4,23.9,False,31.5,0.5,0.97,False,False,-10.8,53.7
dress_circle:F:8,dress_circle,side_even,F,8,DC,150,33.62,42.9,99.54,117.7,101.6,17.4,-16.8,upper_tier,12.9,10.5,1.23,7.5,23.9,False,31.5,0.5,0.96,False,False,-10.8,52.2
dress_circle:F:10,dress_circle,side_even,F,10,DC2,95,35.29,42.9,99.01,117.7,101.8,18.3,-16.8,upper_tier,13.0,10.5,1.23,7.5,23.8,False,31.5,0.5,0.95,False,False,-10.8,50.6
dress_circle:F:12,dress_circle,side_even,F,12,DC2,95,36.95,42.9,98.46,117.7,101.9,19.1,-16.8,upper_tier,13.0,10.5,1.24,7.5,23.8,False,31.5,0.5,0.95,False,False,-10.8,49.8
dress_circle:F:14,dress_circle,side_even,F,14,DC2,95,38.6,42.9,97.88,117.7,102.0,20.0,-16.8,upper_tier,13.1,10.5,1.25,7.6,23.8,False,31.5,0.5,0.94,False,False,-10.8,48.3
dress_circle:F:16,dress_circle,side_even,F,16,DC2,95,40.25,42.9,97.28,117.8,102.2,20.9,-16.8,upper_tier,13.2,10.5,1.26,7.6,23.7,False,31.5,0.5,0.93,False,False,-10.8,46.6
dress_circle:F:18,dress_circle,side_even,F,18,DC2,95,41.88,42.9,96.65,117.8,102.3,21.8,-16.8,upper_tier,13.3,10.5,1.27,7.7,23.7,False,31.5,0.5,0.92,False,False,-10.8,45.1
dress_circle:F:20,dress_circle,side_even,F,20,DC2,95,43.51,42.9,96.0,117.8,102.5,22.7,-16.8,upper_tier,13.4,10.5,1.27,7.7,23.6,False,31.5,0.5,0.91,False,False,-10.8,43.5
dress_circle:F:22,dress_circle,side_even,F,22,DC2,95,45.12,42.9,95.32,117.8,102.6,23.6,-16.8,upper_tier,13.5,10.5,1.28,7.7,23.6,False,31.5,0.5,0.9,False,False,-10.8,42.0
dress_circle:F:24,dress_circle,side_even,F,24,DC2,95,46.72,42.9,94.62,117.8,102.8,24.5,-16.8,upper_tier,13.6,10.5,1.29,7.8,23.5,False,31.5,0.5,0.89,False,False,-10.8,40.4
dress_circle:F:26,dress_circle,side_even,F,26,DC2,95,48.31,42.9,93.9,117.8,103.0,25.4,-16.8,upper_tier,13.7,10.5,1.3,7.8,23.5,False,31.5,0.5,0.89,False,False,-10.8,39.5
dress_circle:F:28,dress_circle,side_even,F,28,DC2,95,49.9,42.9,93.15,117.8,103.1,26.3,-16.8,upper_tier,13.8,10.5,1.31,7.9,23.4,False,31.5,0.5,0.88,False,False,-10.8,37.8
dress_circle:G:101,dress_circle,center_odd,G,101,DC,150,-0.87,43.9,107.43,120.6,103.4,0.4,-16.9,upper_tier,15.1,9.8,1.54,7.5,19.2,False,31.5,0.42,1.0,False,False,-11.0,49.3
dress_circle:G:103,dress_circle,center_odd,G,103,DC,150,-2.62,43.9,107.4,120.6,103.5,1.3,-16.9,upper_tier,15.1,9.8,1.54,7.5,19.2,False,31.5,0.42,1.0,False,False,-11.0,49.3
dress_circle:G:105,dress_circle,center_odd,G,105,DC,150,-4.37,43.9,107.35,120.6,103.5,2.2,-16.9,upper_tier,15.1,9.8,1.54,7.5,19.2,False,31.5,0.42,1.0,False,False,-11.0,49.3
dress_circle:G:107,dress_circle,center_odd,G,107,DC,150,-6.12,43.9,107.27,120.7,103.5,3.0,-16.9,upper_tier,15.1,9.9,1.53,7.5,19.2,False,31.5,0.42,1.0,False,False,-11.0,49.3
dress_circle:G:109,dress_circle,center_odd,G,109,DC,150,-7.87,43.9,107.17,120.7,103.5,3.9,-16.9,upper_tier,15.1,9.9,1.53,7.5,19.2,False,31.5,0.42,1.0,False,False,-11.0,49.3
dress_circle:G:111,dress_circle,center_odd,G,111,DC,150,-9.61,43.9,107.04,120.7,103.5,4.8,-16.9,upper_tier,15.2,10.0,1.52,7.5,19.2,False,31.5,0.42,1.0,False,False,-11.0,49.3
dress_circle:G:113,dress_circle,center_odd,G,113,DC,150,-11.36,43.9,106.88,120.7,103.6,5.6,-16.9,upper_tier,15.2,10.0,1.52,7.5,19.2,False,31.5,0.42,1.0,False,False,-11.0,49.3
dress_circle:G:115,dress_circle,center_odd,G,115,DC,150,-13.1,43.9,106.7,120.7,103.6,6.5,-16.9,upper_tier,15.2,10.1,1.51,7.5,19.2,False,31.5,0.42,1.0,False,False,-11.0,49.3
dress_circle:G:117,dress_circle,center_odd,G,117,DC,150,-14.84,43.9,106.49,120.7,103.7,7.4,-16.9,upper_tier,15.2,10.2,1.5,7.6,19.2,False,31.5,0.42,1.0,False,False,-11.0,49.3
dress_circle:G:119,dress_circle,center_odd,G,119,DC,150,-16.57,43.9,106.26,120.7,103.7,8.3,-16.9,upper_tier,15.3,10.3,1.49,7.6,19.1,False,31.5,0.42,1.0,False,False,-11.0,49.1
dress_circle:G:121,dress_circle,center_odd,G,121,DC,150,-18.3,43.9,106.0,120.7,103.8,9.1,-16.9,upper_tier,15.3,10.4,1.48,7.6,19.1,False,31.5,0.42,1.0,False,False,-11.0,49.1
dress_circle:G:123,dress_circle,center_odd,G,123,DC,150,-20.03,43.9,105.71,120.7,103.8,10.0,-16.9,upper_tier,15.4,10.5,1.46,7.6,19.1,False,31.5,0.42,1.0,False,False,-11.0,49.1
dress_circle:G:125,dress_circle,center_odd,G,125,DC,150,-21.75,43.9,105.4,120.7,103.9,10.9,-16.9,upper_tier,15.4,10.5,1.47,7.6,19.1,False,31.5,0.42,1.0,False,False,-11.0,49.1
dress_circle:G:127,dress_circle,center_odd,G,127,DC,150,-23.47,43.9,105.06,120.7,104.0,11.7,-16.9,upper_tier,15.5,10.5,1.47,7.7,19.1,False,31.5,0.42,1.0,False,False,-11.0,49.1
dress_circle:G:102,dress_circle,center_even,G,102,DC,150,0.87,43.9,107.43,120.6,103.4,0.4,-16.9,upper_tier,15.1,9.8,1.54,7.5,19.2,False,31.5,0.42,1.0,False,False,-11.0,49.3
dress_circle:G:104,dress_circle,center_even,G,104,DC,150,2.62,43.9,107.4,120.6,103.5,1.3,-16.9,upper_tier,15.1,9.8,1.54,7.5,19.2,False,31.5,0.42,1.0,False,False,-11.0,49.3
dress_circle:G:106,dress_circle,center_even,G,106,DC,150,4.37,43.9,107.35,120.6,103.5,2.2,-16.9,upper_tier,15.1,9.8,1.54,7.5,19.2,False,31.5,0.42,1.0,False,False,-11.0,49.3
dress_circle:G:108,dress_circle,center_even,G,108,DC,150,6.12,43.9,107.27,120.7,103.5,3.0,-16.9,upper_tier,15.1,9.9,1.53,7.5,19.2,False,31.5,0.42,1.0,False,False,-11.0,49.3
dress_circle:G:110,dress_circle,center_even,G,110,DC,150,7.87,43.9,107.17,120.7,103.5,3.9,-16.9,upper_tier,15.1,9.9,1.53,7.5,19.2,False,31.5,0.42,1.0,False,False,-11.0,49.3
dress_circle:G:112,dress_circle,center_even,G,112,DC,150,9.61,43.9,107.04,120.7,103.5,4.8,-16.9,upper_tier,15.2,10.0,1.52,7.5,19.2,False,31.5,0.42,1.0,False,False,-11.0,49.3
dress_circle:G:114,dress_circle,center_even,G,114,DC,150,11.36,43.9,106.88,120.7,103.6,5.6,-16.9,upper_tier,15.2,10.0,1.52,7.5,19.2,False,31.5,0.42,1.0,False,False,-11.0,49.3
dress_circle:G:116,dress_circle,center_even,G,116,DC,150,13.1,43.9,106.7,120.7,103.6,6.5,-16.9,upper_tier,15.2,10.1,1.51,7.5,19.2,False,31.5,0.42,1.0,False,False,-11.0,49.3
dress_circle:G:118,dress_circle,center_even,G,118,DC,150,14.84,43.9,106.49,120.7,103.7,7.4,-16.9,upper_tier,15.2,10.2,1.5,7.6,19.2,False,31.5,0.42,1.0,False,False,-11.0,49.3
dress_circle:G:120,dress_circle,center_even,G,120,DC,150,16.57,43.9,106.26,120.7,103.7,8.3,-16.9,upper_tier,15.3,10.3,1.49,7.6,19.1,False,31.5,0.42,1.0,False,False,-11.0,49.1
dress_circle:G:122,dress_circle,center_even,G,122,DC,150,18.3,43.9,106.0,120.7,103.8,9.1,-16.9,upper_tier,15.3,10.4,1.48,7.6,19.1,False,31.5,0.42,1.0,False,False,-11.0,49.1
dress_circle:G:124,dress_circle,center_even,G,124,DC,150,20.03,43.9,105.71,120.7,103.8,10.0,-16.9,upper_tier,15.4,10.5,1.46,7.6,19.1,False,31.5,0.42,1.0,False,False,-11.0,49.1
dress_circle:G:126,dress_circle,center_even,G,126,DC,150,21.75,43.9,105.4,120.7,103.9,10.9,-16.9,upper_tier,15.4,10.5,1.47,7.6,19.1,False,31.5,0.42,1.0,False,False,-11.0,49.1
dress_circle:G:128,dress_circle,center_even,G,128,DC,150,23.47,43.9,105.06,120.7,104.0,11.7,-16.9,upper_tier,15.5,10.5,1.47,7.7,19.1,False,31.5,0.42,1.0,False,False,-11.0,49.1
dress_circle:G:1,dress_circle,side_odd,G,1,DC,150,-28.58,43.9,103.9,120.7,104.3,14.3,-16.9,upper_tier,15.6,10.5,1.49,7.7,19.1,False,31.5,0.42,0.99,False,False,-11.0,48.5
dress_circle:G:3,dress_circle,side_odd,G,3,DC,150,-30.28,43.9,103.46,120.7,104.4,15.2,-16.9,upper_tier,15.7,10.5,1.5,7.8,19.1,False,31.5,0.42,0.98,False,False,-11.0,47.7
dress_circle:G:5,dress_circle,side_odd,G,5,DC,150,-31.97,43.9,103.0,120.7,104.5,16.1,-16.9,upper_tier,15.8,10.5,1.5,7.8,19.1,False,31.5,0.5,0.97,False,False,-11.0,46.9
dress_circle:G:7,dress_circle,side_odd,G,7,DC,150,-33.65,43.9,102.51,120.7,104.6,16.9,-16.9,upper_tier,15.9,10.5,1.51,7.8,19.1,False,31.5,0.5,0.96,False,False,-11.0,45.5
dress_circle:G:9,dress_circle,side_odd,G,9,DC2,95,-35.32,43.9,101.99,120.7,104.7,17.8,-16.9,upper_tier,16.0,10.5,1.52,7.9,19.1,False,31.5,0.5,0.96,False,False,-11.0,44.6
dress_circle:G:11,dress_circle,side_odd,G,11,DC2,95,-36.98,43.9,101.45,120.7,104.8,18.7,-16.9,upper_tier,16.0,10.5,1.53,7.9,19.0,False,31.5,0.5,0.95,False,False,-11.0,43.0
dress_circle:G:13,dress_circle,side_odd,G,13,DC2,95,-38.64,43.9,100.89,120.8,104.9,19.5,-16.9,upper_tier,16.1,10.5,1.54,8.0,19.0,False,31.5,0.5,0.94,False,False,-11.0,41.5
dress_circle:G:15,dress_circle,side_odd,G,15,DC2,95,-40.29,43.9,100.3,120.8,105.1,20.4,-16.9,upper_tier,16.2,10.5,1.55,8.0,19.0,False,31.5,0.5,0.93,False,False,-11.0,40.0
dress_circle:G:17,dress_circle,side_odd,G,17,DC2,95,-41.93,43.9,99.69,120.8,105.2,21.3,-16.9,upper_tier,16.3,10.5,1.56,8.1,19.0,False,31.5,0.5,0.92,False,False,-11.0,38.5
dress_circle:G:19,dress_circle,side_odd,G,19,DC2,95,-43.56,43.9,99.05,120.8,105.4,22.1,-16.9,upper_tier,16.5,10.5,1.57,8.1,19.0,False,31.5,0.5,0.91,False,False,-11.0,37.1
dress_circle:G:21,dress_circle,side_odd,G,21,DC2,95,-45.18,43.9,98.39,120.8,105.5,23.0,-16.9,upper_tier,16.6,10.5,1.58,8.2,19.0,False,31.5,0.5,0.91,False,False,-11.0,36.2
dress_circle:G:23,dress_circle,side_odd,G,23,DC2,95,-46.79,43.9,97.71,120.8,105.7,23.9,-16.9,upper_tier,16.7,10.5,1.59,8.2,19.0,False,31.5,0.5,0.9,False,False,-11.0,34.7
dress_circle:G:25,dress_circle,side_odd,G,25,DC2,95,-48.39,43.9,97.0,120.8,105.8,24.7,-16.9,upper_tier,16.8,10.5,1.6,8.3,18.9,False,31.5,0.5,0.89,False,False,-11.0,33.2
dress_circle:G:27,dress_circle,side_odd,G,27,DC2,95,-49.98,43.9,96.26,120.8,106.0,25.6,-16.9,upper_tier,17.0,10.5,1.62,8.3,18.9,False,31.5,0.5,0.88,False,False,-11.0,31.7
dress_circle:G:2,dress_circle,side_even,G,2,DC,150,28.58,43.9,103.9,120.7,104.3,14.3,-16.9,upper_tier,15.6,10.5,1.49,7.7,19.1,False,31.5,0.42,0.99,False,False,-11.0,48.5
dress_circle:G:4,dress_circle,side_even,G,4,DC,150,30.28,43.9,103.46,120.7,104.4,15.2,-16.9,upper_tier,15.7,10.5,1.5,7.8,19.1,False,31.5,0.42,0.98,False,False,-11.0,47.7
dress_circle:G:6,dress_circle,side_even,G,6,DC,150,31.97,43.9,103.0,120.7,104.5,16.1,-16.9,upper_tier,15.8,10.5,1.5,7.8,19.1,False,31.5,0.5,0.97,False,False,-11.0,46.9
dress_circle:G:8,dress_circle,side_even,G,8,DC,150,33.65,43.9,102.51,120.7,104.6,16.9,-16.9,upper_tier,15.9,10.5,1.51,7.8,19.1,False,31.5,0.5,0.96,False,False,-11.0,45.5
dress_circle:G:10,dress_circle,side_even,G,10,DC2,95,35.32,43.9,101.99,120.7,104.7,17.8,-16.9,upper_tier,16.0,10.5,1.52,7.9,19.1,False,31.5,0.5,0.96,False,False,-11.0,44.6
dress_circle:G:12,dress_circle,side_even,G,12,DC2,95,36.98,43.9,101.45,120.7,104.8,18.7,-16.9,upper_tier,16.0,10.5,1.53,7.9,19.0,False,31.5,0.5,0.95,False,False,-11.0,43.0
dress_circle:G:14,dress_circle,side_even,G,14,DC2,95,38.64,43.9,100.89,120.8,104.9,19.5,-16.9,upper_tier,16.1,10.5,1.54,8.0,19.0,False,31.5,0.5,0.94,False,False,-11.0,41.5
dress_circle:G:16,dress_circle,side_even,G,16,DC2,95,40.29,43.9,100.3,120.8,105.1,20.4,-16.9,upper_tier,16.2,10.5,1.55,8.0,19.0,False,31.5,0.5,0.93,False,False,-11.0,40.0
dress_circle:G:18,dress_circle,side_even,G,18,DC2,95,41.93,43.9,99.69,120.8,105.2,21.3,-16.9,upper_tier,16.3,10.5,1.56,8.1,19.0,False,31.5,0.5,0.92,False,False,-11.0,38.5
dress_circle:G:20,dress_circle,side_even,G,20,DC2,95,43.56,43.9,99.05,120.8,105.4,22.1,-16.9,upper_tier,16.5,10.5,1.57,8.1,19.0,False,31.5,0.5,0.91,False,False,-11.0,37.1
dress_circle:G:22,dress_circle,side_even,G,22,DC2,95,45.18,43.9,98.39,120.8,105.5,23.0,-16.9,upper_tier,16.6,10.5,1.58,8.2,19.0,False,31.5,0.5,0.91,False,False,-11.0,36.2
dress_circle:G:24,dress_circle,side_even,G,24,DC2,95,46.79,43.9,97.71,120.8,105.7,23.9,-16.9,upper_tier,16.7,10.5,1.59,8.2,19.0,False,31.5,0.5,0.9,False,False,-11.0,34.7
dress_circle:G:26,dress_circle,side_even,G,26,DC2,95,48.39,43.9,97.0,120.8,105.8,24.7,-16.9,upper_tier,16.8,10.5,1.6,8.3,18.9,False,31.5,0.5,0.89,False,False,-11.0,33.2
dress_circle:G:28,dress_circle,side_even,G,28,DC2,95,49.98,43.9,96.26,120.8,106.0,25.6,-16.9,upper_tier,17.0,10.5,1.62,8.3,18.9,False,31.5,0.5,0.88,False,False,-11.0,31.7
dress_circle:H:101,dress_circle,center_odd,H,101,DC,150,-0.87,44.9,110.28,123.7,106.4,0.4,-17.0,upper_tier,18.0,9.8,1.83,7.8,15.7,False,31.5,0.42,1.0,False,False,-11.3,43.6
dress_circle:H:103,dress_circle,center_odd,H,103,DC,150,-2.62,44.9,110.25,123.7,106.5,1.3,-17.0,upper_tier,18.0,9.8,1.83,7.8,15.7,False,31.5,0.42,1.0,False,False,-11.3,43.6
dress_circle:H:105,dress_circle,center_odd,H,105,DC,150,-4.37,44.9,110.2,123.7,106.5,2.1,-17.0,upper_tier,18.0,9.8,1.83,7.8,15.7,False,31.5,0.42,1.0,False,False,-11.3,43.6
dress_circle:H:107,dress_circle,center_odd,H,107,DC,150,-6.12,44.9,110.12,123.7,106.5,3.0,-17.0,upper_tier,18.0,9.9,1.82,7.8,15.7,False,31.5,0.42,1.0,False,False,-11.3,43.6
dress_circle:H:109,dress_circle,center_odd,H,109,DC,150,-7.87,44.9,110.02,123.7,106.5,3.8,-17.0,upper_tier,18.0,9.9,1.82,7.8,15.7,False,31.5,0.42,1.0,False,False,-11.3,43.6
dress_circle:H:111,dress_circle,center_odd,H,111,DC,150,-9.61,44.9,109.9,123.7,106.5,4.7,-17.0,upper_tier,18.0,10.0,1.81,7.8,15.7,False,31.5,0.42,1.0,False,False,-11.3,43.6
dress_circle:H:113,dress_circle,center_odd,H,113,DC,150,-11.36,44.9,109.74,123.7,106.6,5.5,-17.0,upper_tier,18.0,10.0,1.8,7.8,15.7,False,31.5,0.42,1.0,False,False,-11.3,43.6
dress_circle:H:115,dress_circle,center_odd,H,115,DC,150,-13.1,44.9,109.56,123.7,106.6,6.4,-17.0,upper_tier,18.1,10.1,1.79,7.8,15.7,False,31.5,0.42,1.0,False,False,-11.3,43.6
dress_circle:H:117,dress_circle,center_odd,H,117,DC,150,-14.84,44.9,109.36,123.7,106.7,7.2,-17.0,upper_tier,18.1,10.2,1.78,7.9,15.7,False,31.5,0.42,1.0,False,False,-11.3,43.6
dress_circle:H:119,dress_circle,center_odd,H,119,DC,150,-16.57,44.9,109.13,123.7,106.7,8.1,-17.0,upper_tier,18.2,10.3,1.77,7.9,15.7,False,31.5,0.42,1.0,False,False,-11.3,43.6
dress_circle:H:121,dress_circle,center_odd,H,121,DC,150,-18.3,44.9,108.88,123.7,106.8,8.9,-17.0,upper_tier,18.2,10.4,1.75,7.9,15.7,False,31.5,0.42,1.0,False,False,-11.3,43.6
dress_circle:H:123,dress_circle,center_odd,H,123,DC,150,-20.03,44.9,108.6,123.7,106.8,9.7,-17.0,upper_tier,18.3,10.5,1.74,7.9,15.7,False,31.5,0.42,1.0,False,False,-11.3,43.6
dress_circle:H:125,dress_circle,center_odd,H,125,DC,150,-21.75,44.9,108.3,123.7,106.9,10.6,-17.0,upper_tier,18.3,10.5,1.74,7.9,15.7,False,31.5,0.42,1.0,False,False,-11.3,43.6
dress_circle:H:102,dress_circle,center_even,H,102,DC,150,0.87,44.9,110.28,123.7,106.4,0.4,-17.0,upper_tier,18.0,9.8,1.83,7.8,15.7,False,31.5,0.42,1.0,False,False,-11.3,43.6
dress_circle:H:104,dress_circle,center_even,H,104,DC,150,2.62,44.9,110.25,123.7,106.5,1.3,-17.0,upper_tier,18.0,9.8,1.83,7.8,15.7,False,31.5,0.42,1.0,False,False,-11.3,43.6
dress_circle:H:106,dress_circle,center_even,H,106,DC,150,4.37,44.9,110.2,123.7,106.5,2.1,-17.0,upper_tier,18.0,9.8,1.83,7.8,15.7,False,31.5,0.42,1.0,False,False,-11.3,43.6
dress_circle:H:108,dress_circle,center_even,H,108,DC,150,6.12,44.9,110.12,123.7,106.5,3.0,-17.0,upper_tier,18.0,9.9,1.82,7.8,15.7,False,31.5,0.42,1.0,False,False,-11.3,43.6
dress_circle:H:110,dress_circle,center_even,H,110,DC,150,7.87,44.9,110.02,123.7,106.5,3.8,-17.0,upper_tier,18.0,9.9,1.82,7.8,15.7,False,31.5,0.42,1.0,False,False,-11.3,43.6
dress_circle:H:112,dress_circle,center_even,H,112,DC,150,9.61,44.9,109.9,123.7,106.5,4.7,-17.0,upper_tier,18.0,10.0,1.81,7.8,15.7,False,31.5,0.42,1.0,False,False,-11.3,43.6
dress_circle:H:114,dress_circle,center_even,H,114,DC,150,11.36,44.9,109.74,123.7,106.6,5.5,-17.0,upper_tier,18.0,10.0,1.8,7.8,15.7,False,31.5,0.42,1.0,False,False,-11.3,43.6
dress_circle:H:116,dress_circle,center_even,H,116,DC,150,13.1,44.9,109.56,123.7,106.6,6.4,-17.0,upper_tier,18.1,10.1,1.79,7.8,15.7,False,31.5,0.42,1.0,False,False,-11.3,43.6
dress_circle:H:118,dress_circle,center_even,H,118,DC,150,14.84,44.9,109.36,123.7,106.7,7.2,-17.0,upper_tier,18.1,10.2,1.78,7.9,15.7,False,31.5,0.42,1.0,False,False,-11.3,43.6
dress_circle:H:120,dress_circle,center_even,H,120,DC,150,16.57,44.9,109.13,123.7,106.7,8.1,-17.0,upper_tier,18.2,10.3,1.77,7.9,15.7,False,31.5,0.42,1.0,False,False,-11.3,43.6
dress_circle:H:122,dress_circle,center_even,H,122,DC,150,18.3,44.9,108.88,123.7,106.8,8.9,-17.0,upper_tier,18.2,10.4,1.75,7.9,15.7,False,31.5,0.42,1.0,False,False,-11.3,43.6
dress_circle:H:124,dress_circle,center_even,H,124,DC,150,20.03,44.9,108.6,123.7,106.8,9.7,-17.0,upper_tier,18.3,10.5,1.74,7.9,15.7,False,31.5,0.42,1.0,False,False,-11.3,43.6
dress_circle:H:126,dress_circle,center_even,H,126,DC,150,21.75,44.9,108.3,123.7,106.9,10.6,-17.0,upper_tier,18.3,10.5,1.74,7.9,15.7,False,31.5,0.42,1.0,False,False,-11.3,43.6
dress_circle:H:1,dress_circle,side_odd,H,1,DC,150,-28.6,44.9,106.83,123.7,107.2,14.0,-17.0,upper_tier,18.6,10.5,1.77,8.1,15.8,False,31.5,0.42,0.99,False,False,-11.3,43.1
dress_circle:H:3,dress_circle,side_odd,H,3,DC,150,-30.3,44.9,106.4,123.7,107.3,14.8,-17.0,upper_tier,18.7,10.5,1.78,8.1,15.8,False,31.5,0.42,0.98,False,False,-11.3,42.5
dress_circle:H:5,dress_circle,side_odd,H,5,DC,150,-31.99,44.9,105.95,123.7,107.4,15.7,-17.0,upper_tier,18.7,10.5,1.79,8.2,15.8,False,31.5,0.42,0.97,False,False,-11.3,41.2
dress_circle:H:7,dress_circle,side_odd,H,7,DC,150,-33.67,44.9,105.47,123.7,107.5,16.5,-17.0,upper_tier,18.8,10.5,1.79,8.2,15.8,False,31.5,0.42,0.97,False,False,-11.3,40.4
dress_circle:H:9,dress_circle,side_odd,H,9,DC2,95,-35.35,44.9,104.97,123.8,107.6,17.4,-17.0,upper_tier,18.9,10.5,1.8,8.2,15.8,False,31.5,0.5,0.96,False,False,-11.3,39.5
dress_circle:H:11,dress_circle,side_odd,H,11,DC2,95,-37.01,44.9,104.44,123.8,107.8,18.2,-17.0,upper_tier,19.0,10.5,1.81,8.3,15.8,False,31.5,0.5,0.95,False,False,-11.3,38.1
dress_circle:H:13,dress_circle,side_odd,H,13,DC2,95,-38.68,44.9,103.89,123.8,107.9,19.1,-17.0,upper_tier,19.2,10.5,1.82,8.3,15.8,False,31.5,0.5,0.94,False,False,-11.3,36.6
dress_circle:H:15,dress_circle,side_odd,H,15,DC2,95,-40.33,44.9,103.32,123.8,108.0,19.9,-17.0,upper_tier,19.3,10.5,1.84,8.4,15.8,False,31.5,0.5,0.93,False,False,-11.3,35.2
dress_circle:H:17,dress_circle,side_odd,H,17,DC2,95,-41.97,44.9,102.72,123.8,108.1,20.8,-17.0,upper_tier,19.4,10.5,1.85,8.4,15.8,False,31.5,0.5,0.93,False,False,-11.3,34.3
dress_circle:H:19,dress_circle,side_odd,H,19,DC2,95,-43.61,44.9,102.1,123.8,108.3,21.6,-17.0,upper_tier,19.5,10.5,1.86,8.5,15.8,False,31.5,0.5,0.92,False,False,-11.3,32.9
dress_circle:H:21,dress_circle,side_odd,H,21,DC2,95,-45.23,44.9,101.45,123.8,108.4,22.5,-17.0,upper_tier,19.7,10.5,1.87,8.6,15.8,False,31.5,0.5,0.91,False,False,-11.3,31.4
dress_circle:H:23,dress_circle,side_odd,H,23,DC2,95,-46.85,44.9,100.78,123.8,108.6,23.3,-17.0,upper_tier,19.8,10.5,1.89,8.6,15.8,False,31.5,0.5,0.9,False,False,-11.3,30.0
dress_circle:H:25,dress_circle,side_odd,H,25,DC2,95,-48.46,44.9,100.09,123.8,108.7,24.1,-16.9,upper_tier,20.0,10.5,1.9,8.7,15.8,False,31.5,0.5,0.89,False,False,-11.3,28.6
dress_circle:H:27,dress_circle,side_odd,H,27,DC2,95,-50.05,44.9,99.37,123.8,108.9,25.0,-16.9,upper_tier,20.1,10.5,1.92,8.8,15.8,False,31.5,0.5,0.88,False,False,-11.3,27.1
dress_circle:H:2,dress_circle,side_even,H,2,DC,150,28.6,44.9,106.83,123.7,107.2,14.0,-17.0,upper_tier,18.6,10.5,1.77,8.1,15.8,False,31.5,0.42,0.99,False,False,-11.3,43.1
dress_circle:H:4,dress_circle,side_even,H,4,DC,150,30.3,44.9,106.4,123.7,107.3,14.8,-17.0,upper_tier,18.7,10.5,1.78,8.1,15.8,False,31.5,0.42,0.98,False,False,-11.3,42.5
dress_circle:H:6,dress_circle,side_even,H,6,DC,150,31.99,44.9,105.95,123.7,107.4,15.7,-17.0,upper_tier,18.7,10.5,1.79,8.2,15.8,False,31.5,0.42,0.97,False,False,-11.3,41.2
dress_circle:H:8,dress_circle,side_even,H,8,DC,150,33.67,44.9,105.47,123.7,107.5,16.5,-17.0,upper_tier,18.8,10.5,1.79,8.2,15.8,False,31.5,0.42,0.97,False,False,-11.3,40.4
dress_circle:H:10,dress_circle,side_even,H,10,DC2,95,35.35,44.9,104.97,123.8,107.6,17.4,-17.0,upper_tier,18.9,10.5,1.8,8.2,15.8,False,31.5,0.5,0.96,False,False,-11.3,39.5
dress_circle:H:12,dress_circle,side_even,H,12,DC2,95,37.01,44.9,104.44,123.8,107.8,18.2,-17.0,upper_tier,19.0,10.5,1.81,8.3,15.8,False,31.5,0.5,0.95,False,False,-11.3,38.1
dress_circle:H:14,dress_circle,side_even,H,14,DC2,95,38.68,44.9,103.89,123.8,107.9,19.1,-17.0,upper_tier,19.2,10.5,1.82,8.3,15.8,False,31.5,0.5,0.94,False,False,-11.3,36.6
dress_circle:H:16,dress_circle,side_even,H,16,DC2,95,40.33,44.9,103.32,123.8,108.0,19.9,-17.0,upper_tier,19.3,10.5,1.84,8.4,15.8,False,31.5,0.5,0.93,False,False,-11.3,35.2
dress_circle:H:18,dress_circle,side_even,H,18,DC2,95,41.97,44.9,102.72,123.8,108.1,20.8,-17.0,upper_tier,19.4,10.5,1.85,8.4,15.8,False,31.5,0.5,0.93,False,False,-11.3,34.3
dress_circle:H:20,dress_circle,side_even,H,20,DC2,95,43.61,44.9,102.1,123.8,108.3,21.6,-17.0,upper_tier,19.5,10.5,1.86,8.5,15.8,False,31.5,0.5,0.92,False,False,-11.3,32.9
dress_circle:H:22,dress_circle,side_even,H,22,DC2,95,45.23,44.9,101.45,123.8,108.4,22.5,-17.0,upper_tier,19.7,10.5,1.87,8.6,15.8,False,31.5,0.5,0.91,False,False,-11.3,31.4
dress_circle:H:24,dress_circle,side_even,H,24,DC2,95,46.85,44.9,100.78,123.8,108.6,23.3,-17.0,upper_tier,19.8,10.5,1.89,8.6,15.8,False,31.5,0.5,0.9,False,False,-11.3,30.0
dress_circle:H:26,dress_circle,side_even,H,26,DC2,95,48.46,44.9,100.09,123.8,108.7,24.1,-16.9,upper_tier,20.0,10.5,1.9,8.7,15.8,False,31.5,0.5,0.89,False,False,-11.3,28.6
dress_circle:H:28,dress_circle,side_even,H,28,DC2,95,50.05,44.9,99.37,123.8,108.9,25.0,-16.9,upper_tier,20.1,10.5,1.92,8.8,15.8,False,31.5,0.5,0.88,False,False,-11.3,27.1
dress_circle:J:101,dress_circle,center_odd,J,101,DC,150,-0.87,45.9,113.13,126.7,109.5,0.4,-17.0,upper_tier,20.8,9.8,2.12,8.1,13.1,False,31.5,0.42,1.0,False,False,-11.5,39.1
dress_circle:J:103,dress_circle,center_odd,J,103,DC,150,-2.62,45.9,113.1,126.7,109.5,1.2,-17.0,upper_tier,20.8,9.8,2.12,8.1,13.2,False,31.5,0.42,1.0,False,False,-11.5,39.2
dress_circle:J:105,dress_circle,center_odd,J,105,DC,150,-4.37,45.9,113.05,126.7,109.5,2.1,-17.0,upper_tier,20.8,9.8,2.12,8.1,13.2,False,31.5,0.42,1.0,False,False,-11.5,39.2
dress_circle:J:107,dress_circle,center_odd,J,107,DC,150,-6.12,45.9,112.98,126.7,109.5,2.9,-17.0,upper_tier,20.8,9.9,2.11,8.1,13.2,False,31.5,0.42,1.0,False,False,-11.5,39.2
dress_circle:J:109,dress_circle,center_odd,J,109,DC,150,-7.87,45.9,112.88,126.7,109.5,3.7,-17.0,upper_tier,20.9,9.9,2.11,8.1,13.2,False,31.5,0.42,1.0,False,False,-11.5,39.2
dress_circle:J:111,dress_circle,center_odd,J,111,DC,150,-9.62,45.9,112.75,126.7,109.5,4.6,-17.0,upper_tier,20.9,10.0,2.1,8.1,13.2,False,31.5,0.42,1.0,False,False,-11.5,39.2
dress_circle:J:113,dress_circle,center_odd,J,113,DC,150,-11.36,45.9,112.6,126.7,109.6,5.4,-17.0,upper_tier,20.9,10.0,2.09,8.1,13.2,False,31.5,0.42,1.0,False,False,-11.5,39.2
dress_circle:J:115,dress_circle,center_odd,J,115,DC,150,-13.1,45.9,112.43,126.7,109.6,6.2,-17.0,upper_tier,20.9,10.1,2.07,8.2,13.2,False,31.5,0.42,1.0,False,False,-11.5,39.2
dress_circle:J:117,dress_circle,center_odd,J,117,DC,150,-14.84,45.9,112.23,126.7,109.6,7.0,-17.0,upper_tier,21.0,10.2,2.06,8.2,13.2,False,31.5,0.42,1.0,False,False,-11.5,39.2
dress_circle:J:119,dress_circle,center_odd,J,119,DC,150,-16.57,45.9,112.01,126.7,109.7,7.9,-17.0,upper_tier,21.0,10.3,2.05,8.2,13.2,False,31.5,0.42,1.0,False,False,-11.5,39.2
dress_circle:J:121,dress_circle,center_odd,J,121,DC,150,-18.31,45.9,111.76,126.7,109.8,8.7,-17.0,upper_tier,21.1,10.4,2.03,8.2,13.2,False,31.5,0.42,1.0,False,False,-11.5,39.2
dress_circle:J:123,dress_circle,center_odd,J,123,DC,150,-20.04,45.9,111.49,126.7,109.8,9.5,-17.0,upper_tier,21.1,10.5,2.01,8.2,13.2,False,31.5,0.42,1.0,False,False,-11.5,39.2
dress_circle:J:125,dress_circle,center_odd,J,125,DC,150,-21.76,45.9,111.19,126.7,109.9,10.3,-17.0,upper_tier,21.2,10.5,2.02,8.3,13.2,False,31.5,0.42,1.0,False,False,-11.5,39.2
dress_circle:J:127,dress_circle,center_odd,J,127,DC,150,-23.48,45.9,110.87,126.7,109.9,11.2,-17.0,upper_tier,21.3,10.5,2.03,8.3,13.2,False,31.5,0.42,1.0,False,False,-11.5,39.2
dress_circle:J:102,dress_circle,center_even,J,102,DC,150,0.87,45.9,113.13,126.7,109.5,0.4,-17.0,upper_tier,20.8,9.8,2.12,8.1,13.1,False,31.5,0.42,1.0,False,False,-11.5,39.1
dress_circle:J:104,dress_circle,center_even,J,104,DC,150,2.62,45.9,113.1,126.7,109.5,1.2,-17.0,upper_tier,20.8,9.8,2.12,8.1,13.2,False,31.5,0.42,1.0,False,False,-11.5,39.2
dress_circle:J:106,dress_circle,center_even,J,106,DC,150,4.37,45.9,113.05,126.7,109.5,2.1,-17.0,upper_tier,20.8,9.8,2.12,8.1,13.2,False,31.5,0.42,1.0,False,False,-11.5,39.2
dress_circle:J:108,dress_circle,center_even,J,108,DC,150,6.12,45.9,112.98,126.7,109.5,2.9,-17.0,upper_tier,20.8,9.9,2.11,8.1,13.2,False,31.5,0.42,1.0,False,False,-11.5,39.2
dress_circle:J:110,dress_circle,center_even,J,110,DC,150,7.87,45.9,112.88,126.7,109.5,3.7,-17.0,upper_tier,20.9,9.9,2.11,8.1,13.2,False,31.5,0.42,1.0,False,False,-11.5,39.2
dress_circle:J:112,dress_circle,center_even,J,112,DC,150,9.62,45.9,112.75,126.7,109.5,4.6,-17.0,upper_tier,20.9,10.0,2.1,8.1,13.2,False,31.5,0.42,1.0,False,False,-11.5,39.2
dress_circle:J:114,dress_circle,center_even,J,114,DC,150,11.36,45.9,112.6,126.7,109.6,5.4,-17.0,upper_tier,20.9,10.0,2.09,8.1,13.2,False,31.5,0.42,1.0,False,False,-11.5,39.2
dress_circle:J:116,dress_circle,center_even,J,116,DC,150,13.1,45.9,112.43,126.7,109.6,6.2,-17.0,upper_tier,20.9,10.1,2.07,8.2,13.2,False,31.5,0.42,1.0,False,False,-11.5,39.2
dress_circle:J:118,dress_circle,center_even,J,118,DC,150,14.84,45.9,112.23,126.7,109.6,7.0,-17.0,upper_tier,21.0,10.2,2.06,8.2,13.2,False,31.5,0.42,1.0,False,False,-11.5,39.2
dress_circle:J:120,dress_circle,center_even,J,120,DC,150,16.57,45.9,112.01,126.7,109.7,7.9,-17.0,upper_tier,21.0,10.3,2.05,8.2,13.2,False,31.5,0.42,1.0,False,False,-11.5,39.2
dress_circle:J:122,dress_circle,center_even,J,122,DC,150,18.31,45.9,111.76,126.7,109.8,8.7,-17.0,upper_tier,21.1,10.4,2.03,8.2,13.2,False,31.5,0.42,1.0,False,False,-11.5,39.2
dress_circle:J:124,dress_circle,center_even,J,124,DC,150,20.04,45.9,111.49,126.7,109.8,9.5,-17.0,upper_tier,21.1,10.5,2.01,8.2,13.2,False,31.5,0.42,1.0,False,False,-11.5,39.2
dress_circle:J:126,dress_circle,center_even,J,126,DC,150,21.76,45.9,111.19,126.7,109.9,10.3,-17.0,upper_tier,21.2,10.5,2.02,8.3,13.2,False,31.5,0.42,1.0,False,False,-11.5,39.2
dress_circle:J:128,dress_circle,center_even,J,128,DC,150,23.48,45.9,110.87,126.7,109.9,11.2,-17.0,upper_tier,21.3,10.5,2.03,8.3,13.2,False,31.5,0.42,1.0,False,False,-11.5,39.2
dress_circle:J:1,dress_circle,side_odd,J,1,DC,150,-28.61,45.9,109.76,126.7,110.2,13.7,-17.0,upper_tier,21.5,10.5,2.05,8.4,13.3,False,31.5,0.42,0.99,False,False,-11.5,38.7
dress_circle:J:3,dress_circle,side_odd,J,3,DC,150,-30.31,45.9,109.34,126.7,110.3,14.5,-17.0,upper_tier,21.6,10.5,2.06,8.5,13.3,False,31.5,0.42,0.98,False,False,-11.5,38.1
dress_circle:J:5,dress_circle,side_odd,J,5,DC,150,-32.0,45.9,108.9,126.8,110.4,15.3,-17.0,upper_tier,21.7,10.5,2.07,8.5,13.3,False,31.5,0.42,0.97,False,False,-11.5,37.2
dress_circle:J:7,dress_circle,side_odd,J,7,DC,150,-33.69,45.9,108.43,126.8,110.5,16.1,-17.0,upper_tier,21.8,10.5,2.08,8.5,13.3,False,31.5,0.42,0.97,False,False,-11.5,36.4
dress_circle:J:9,dress_circle,side_odd,J,9,DC2,95,-35.37,45.9,107.94,126.8,110.6,17.0,-17.0,upper_tier,21.9,10.5,2.09,8.6,13.3,False,31.5,0.42,0.96,False,False,-11.5,34.9
dress_circle:J:11,dress_circle,side_odd,J,11,DC2,95,-37.04,45.9,107.43,126.8,110.7,17.8,-17.0,upper_tier,22.0,10.5,2.1,8.7,13.4,False,31.5,0.42,0.95,False,False,-11.5,33.6
dress_circle:J:13,dress_circle,side_odd,J,13,DC2,95,-38.71,45.9,106.89,126.8,110.8,18.6,-17.0,upper_tier,22.2,10.5,2.11,8.7,13.4,False,31.5,0.5,0.94,False,False,-11.5,32.8
dress_circle:J:15,dress_circle,side_odd,J,15,DC2,95,-40.36,45.9,106.33,126.8,110.9,19.4,-17.0,upper_tier,22.3,10.5,2.12,8.8,13.4,False,31.5,0.5,0.94,False,False,-11.5,32.0
dress_circle:J:17,dress_circle,side_odd,J,17,DC2,95,-42.01,45.9,105.74,126.8,111.1,20.3,-17.0,upper_tier,22.4,10.5,2.14,8.8,13.4,False,31.5,0.5,0.93,False,False,-11.5,30.5
dress_circle:J:19,dress_circle,side_odd,J,19,DC2,95,-43.65,45.9,105.13,126.8,111.2,21.1,-17.0,upper_tier,22.6,10.5,2.15,8.9,13.5,False,31.5,0.5,0.92,False,False,-11.5,29.2
dress_circle:J:21,dress_circle,side_odd,J,21,DC2,95,-45.29,45.9,104.5,126.8,111.3,21.9,-17.0,upper_tier,22.7,10.5,2.17,9.0,13.5,False,31.5,0.5,0.91,False,False,-11.5,27.8
dress_circle:J:23,dress_circle,side_odd,J,23,DC2,95,-46.91,45.9,103.84,126.8,111.5,22.8,-17.0,upper_tier,22.9,10.5,2.18,9.0,13.5,False,31.5,0.5,0.9,False,False,-11.5,26.3
dress_circle:J:25,dress_circle,side_odd,J,25,DC2,95,-48.52,45.9,103.17,126.8,111.6,23.6,-17.0,upper_tier,23.1,10.5,2.2,9.1,13.5,False,31.5,0.5,0.9,False,False,-11.5,25.5
dress_circle:J:27,dress_circle,side_odd,J,27,DC2,95,-50.13,45.9,102.47,126.9,111.8,24.4,-17.0,upper_tier,23.3,10.5,2.21,9.2,13.6,False,31.5,0.5,0.89,False,False,-11.5,24.2
dress_circle:J:2,dress_circle,side_even,J,2,DC,150,28.61,45.9,109.76,126.7,110.2,13.7,-17.0,upper_tier,21.5,10.5,2.05,8.4,13.3,False,31.5,0.42,0.99,False,False,-11.5,38.7
dress_circle:J:4,dress_circle,side_even,J,4,DC,150,30.31,45.9,109.34,126.7,110.3,14.5,-17.0,upper_tier,21.6,10.5,2.06,8.5,13.3,False,31.5,0.42,0.98,False,False,-11.5,38.1
dress_circle:J:6,dress_circle,side_even,J,6,DC,150,32.0,45.9,108.9,126.8,110.4,15.3,-17.0,upper_tier,21.7,10.5,2.07,8.5,13.3,False,31.5,0.42,0.97,False,False,-11.5,37.2
dress_circle:J:8,dress_circle,side_even,J,8,DC,150,33.69,45.9,108.43,126.8,110.5,16.1,-17.0,upper_tier,21.8,10.5,2.08,8.5,13.3,False,31.5,0.42,0.97,False,False,-11.5,36.4
dress_circle:J:10,dress_circle,side_even,J,10,DC2,95,35.37,45.9,107.94,126.8,110.6,17.0,-17.0,upper_tier,21.9,10.5,2.09,8.6,13.3,False,31.5,0.42,0.96,False,False,-11.5,34.9
dress_circle:J:12,dress_circle,side_even,J,12,DC2,95,37.04,45.9,107.43,126.8,110.7,17.8,-17.0,upper_tier,22.0,10.5,2.1,8.7,13.4,False,31.5,0.42,0.95,False,False,-11.5,33.6
dress_circle:J:14,dress_circle,side_even,J,14,DC2,95,38.71,45.9,106.89,126.8,110.8,18.6,-17.0,upper_tier,22.2,10.5,2.11,8.7,13.4,False,31.5,0.5,0.94,False,False,-11.5,32.8
dress_circle:J:16,dress_circle,side_even,J,16,DC2,95,40.36,45.9,106.33,126.8,110.9,19.4,-17.0,upper_tier,22.3,10.5,2.12,8.8,13.4,False,31.5,0.5,0.94,False,False,-11.5,32.0
dress_circle:J:18,dress_circle,side_even,J,18,DC2,95,42.01,45.9,105.74,126.8,111.1,20.3,-17.0,upper_tier,22.4,10.5,2.14,8.8,13.4,False,31.5,0.5,0.93,False,False,-11.5,30.5
dress_circle:J:20,dress_circle,side_even,J,20,DC2,95,43.65,45.9,105.13,126.8,111.2,21.1,-17.0,upper_tier,22.6,10.5,2.15,8.9,13.5,False,31.5,0.5,0.92,False,False,-11.5,29.2
dress_circle:J:22,dress_circle,side_even,J,22,DC2,95,45.29,45.9,104.5,126.8,111.3,21.9,-17.0,upper_tier,22.7,10.5,2.17,9.0,13.5,False,31.5,0.5,0.91,False,False,-11.5,27.8
dress_circle:J:24,dress_circle,side_even,J,24,DC2,95,46.91,45.9,103.84,126.8,111.5,22.8,-17.0,upper_tier,22.9,10.5,2.18,9.0,13.5,False,31.5,0.5,0.9,False,False,-11.5,26.3
dress_circle:J:26,dress_circle,side_even,J,26,DC2,95,48.52,45.9,103.17,126.8,111.6,23.6,-17.0,upper_tier,23.1,10.5,2.2,9.1,13.5,False,31.5,0.5,0.9,False,False,-11.5,25.5
dress_circle:J:28,dress_circle,side_even,J,28,DC2,95,50.13,45.9,102.47,126.9,111.8,24.4,-17.0,upper_tier,23.3,10.5,2.21,9.2,13.6,False,31.5,0.5,0.89,False,False,-11.5,24.2
dress_circle:K:101,dress_circle,center_odd,K,101,DC,150,-0.87,46.9,115.98,129.7,112.5,0.4,-17.1,upper_tier,23.7,9.8,2.41,8.4,11.3,False,31.5,0.42,1.0,False,False,-11.7,35.5
dress_circle:K:103,dress_circle,center_odd,K,103,DC,150,-2.62,46.9,115.95,129.7,112.5,1.2,-17.1,upper_tier,23.7,9.8,2.41,8.4,11.3,False,31.5,0.42,1.0,False,False,-11.7,35.5
dress_circle:K:105,dress_circle,center_odd,K,105,DC,150,-4.37,46.9,115.9,129.7,112.5,2.0,-17.1,upper_tier,23.7,9.8,2.41,8.4,11.3,False,31.5,0.42,1.0,False,False,-11.7,35.5
dress_circle:K:107,dress_circle,center_odd,K,107,DC,150,-6.12,46.9,115.83,129.7,112.5,2.8,-17.1,upper_tier,23.7,9.9,2.4,8.4,11.3,False,31.5,0.42,1.0,False,False,-11.7,35.5
dress_circle:K:109,dress_circle,center_odd,K,109,DC,150,-7.87,46.9,115.73,129.7,112.5,3.6,-17.1,upper_tier,23.7,9.9,2.39,8.4,11.3,False,31.5,0.42,1.0,False,False,-11.7,35.5
dress_circle:K:117,dress_circle,center_odd,K,117,DC,150,-14.84,46.9,115.1,129.7,112.6,6.9,-17.1,upper_tier,23.9,10.2,2.34,8.5,11.4,False,31.5,0.42,1.0,False,False,-11.7,35.6
dress_circle:K:119,dress_circle,center_odd,K,119,DC,150,-16.58,46.9,114.88,129.7,112.7,7.7,-17.1,upper_tier,23.9,10.3,2.33,8.5,11.4,False,31.5,0.42,1.0,False,False,-11.7,35.6
dress_circle:K:121,dress_circle,center_odd,K,121,DC,150,-18.31,46.9,114.64,129.7,112.7,8.5,-17.1,upper_tier,24.0,10.4,2.31,8.5,11.4,False,31.5,0.42,1.0,False,False,-11.7,35.6
dress_circle:K:123,dress_circle,center_odd,K,123,DC,150,-20.04,46.9,114.38,129.7,112.8,9.3,-17.1,upper_tier,24.0,10.5,2.29,8.6,11.4,False,31.5,0.42,1.0,False,False,-11.7,35.6
dress_circle:K:125,dress_circle,center_odd,K,125,DC,150,-21.77,46.9,114.09,129.7,112.9,10.1,-17.1,upper_tier,24.1,10.5,2.29,8.6,11.4,False,31.5,0.42,1.0,False,False,-11.7,35.6
dress_circle:K:102,dress_circle,center_even,K,102,DC,150,0.87,46.9,115.98,129.7,112.5,0.4,-17.1,upper_tier,23.7,9.8,2.41,8.4,11.3,False,31.5,0.42,1.0,False,False,-11.7,35.5
dress_circle:K:104,dress_circle,center_even,K,104,DC,150,2.62,46.9,115.95,129.7,112.5,1.2,-17.1,upper_tier,23.7,9.8,2.41,8.4,11.3,False,31.5,0.42,1.0,False,False,-11.7,35.5
dress_circle:K:106,dress_circle,center_even,K,106,DC,150,4.37,46.9,115.9,129.7,112.5,2.0,-17.1,upper_tier,23.7,9.8,2.41,8.4,11.3,False,31.5,0.42,1.0,False,False,-11.7,35.5
dress_circle:K:108,dress_circle,center_even,K,108,DC,150,6.12,46.9,115.83,129.7,112.5,2.8,-17.1,upper_tier,23.7,9.9,2.4,8.4,11.3,False,31.5,0.42,1.0,False,False,-11.7,35.5
dress_circle:K:110,dress_circle,center_even,K,110,DC,150,7.87,46.9,115.73,129.7,112.5,3.6,-17.1,upper_tier,23.7,9.9,2.39,8.4,11.3,False,31.5,0.42,1.0,False,False,-11.7,35.5
dress_circle:K:118,dress_circle,center_even,K,118,DC,150,14.84,46.9,115.1,129.7,112.6,6.9,-17.1,upper_tier,23.9,10.2,2.34,8.5,11.4,False,31.5,0.42,1.0,False,False,-11.7,35.6
dress_circle:K:120,dress_circle,center_even,K,120,DC,150,16.58,46.9,114.88,129.7,112.7,7.7,-17.1,upper_tier,23.9,10.3,2.33,8.5,11.4,False,31.5,0.42,1.0,False,False,-11.7,35.6
dress_circle:K:122,dress_circle,center_even,K,122,DC,150,18.31,46.9,114.64,129.7,112.7,8.5,-17.1,upper_tier,24.0,10.4,2.31,8.5,11.4,False,31.5,0.42,1.0,False,False,-11.7,35.6
dress_circle:K:124,dress_circle,center_even,K,124,DC,150,20.04,46.9,114.38,129.7,112.8,9.3,-17.1,upper_tier,24.0,10.5,2.29,8.6,11.4,False,31.5,0.42,1.0,False,False,-11.7,35.6
dress_circle:K:126,dress_circle,center_even,K,126,DC,150,21.77,46.9,114.09,129.7,112.9,10.1,-17.1,upper_tier,24.1,10.5,2.29,8.6,11.4,False,31.5,0.42,1.0,False,False,-11.7,35.6
dress_circle:K:1,dress_circle,side_odd,K,1,DC,150,-28.62,46.9,112.69,129.8,113.2,13.3,-17.1,upper_tier,24.4,10.5,2.33,8.7,11.5,False,31.5,0.42,0.99,False,False,-11.7,35.1
dress_circle:K:3,dress_circle,side_odd,K,3,DC,150,-30.32,46.9,112.28,129.8,113.2,14.2,-17.1,upper_tier,24.5,10.5,2.34,8.8,11.5,False,31.5,0.42,0.98,False,False,-11.7,34.5
dress_circle:K:5,dress_circle,side_odd,K,5,DC,150,-32.02,46.9,111.84,129.8,113.3,15.0,-17.1,upper_tier,24.7,10.5,2.35,8.8,11.5,False,31.5,0.42,0.97,False,False,-11.7,33.9
dress_circle:K:7,dress_circle,side_odd,K,7,DC,150,-33.71,46.9,111.39,129.8,113.4,15.8,-17.1,upper_tier,24.8,10.5,2.36,8.9,11.6,False,31.5,0.42,0.97,False,False,-11.7,33.2
dress_circle:K:9,dress_circle,side_odd,K,9,DC2,95,-35.39,46.9,110.91,129.8,113.5,16.6,-17.1,upper_tier,24.9,10.5,2.37,9.0,11.6,False,31.5,0.42,0.96,False,False,-11.7,31.8
dress_circle:K:11,dress_circle,side_odd,K,11,DC2,95,-37.07,46.9,110.4,129.8,113.6,17.4,-17.1,upper_tier,25.0,10.5,2.38,9.0,11.6,False,31.5,0.42,0.95,False,False,-11.7,30.4
dress_circle:K:13,dress_circle,side_odd,K,13,DC2,95,-38.74,46.9,109.88,129.8,113.8,18.2,-17.1,upper_tier,25.2,10.5,2.4,9.1,11.7,False,31.5,0.42,0.94,False,False,-11.7,29.1
dress_circle:K:15,dress_circle,side_odd,K,15,DC2,95,-40.4,46.9,109.33,129.8,113.9,19.0,-17.1,upper_tier,25.3,10.5,2.41,9.1,11.7,False,31.5,0.42,0.94,False,False,-11.7,28.3
dress_circle:K:17,dress_circle,side_odd,K,17,DC2,95,-42.05,46.9,108.75,129.8,114.0,19.8,-17.1,upper_tier,25.5,10.5,2.43,9.2,11.7,False,31.5,0.5,0.93,False,True,-11.7,27.5
dress_circle:K:19,dress_circle,side_odd,K,19,DC2,95,-43.7,46.9,108.16,129.8,114.1,20.6,-17.1,upper_tier,25.6,10.5,2.44,9.3,11.7,False,31.5,0.5,0.92,False,True,-11.7,26.1
dress_circle:K:21,dress_circle,side_odd,K,21,DC2,95,-45.33,46.9,107.54,129.8,114.2,21.4,-17.1,upper_tier,25.8,10.5,2.46,9.4,11.8,False,31.5,0.5,0.91,False,True,-11.7,24.9
dress_circle:K:23,dress_circle,side_odd,K,23,DC2,95,-46.96,46.9,106.9,129.8,114.4,22.2,-17.1,upper_tier,26.0,10.5,2.47,9.5,11.8,False,31.5,0.5,0.91,False,True,-11.7,24.1
dress_circle:K:25,dress_circle,side_odd,K,25,DC2,95,-48.58,46.9,106.24,129.9,114.5,23.0,-17.1,upper_tier,26.2,10.5,2.49,9.5,11.9,False,31.5,0.5,0.9,False,True,-11.7,22.7
dress_circle:K:27,dress_circle,side_odd,K,27,DC2,95,-50.19,46.9,105.55,129.9,114.7,23.8,-17.1,upper_tier,26.4,10.5,2.51,9.6,11.9,False,31.5,0.5,0.89,False,True,-11.7,21.3
dress_circle:K:2,dress_circle,side_even,K,2,DC,150,28.62,46.9,112.69,129.8,113.2,13.3,-17.1,upper_tier,24.4,10.5,2.33,8.7,11.5,False,31.5,0.42,0.99,False,False,-11.7,35.1
dress_circle:K:4,dress_circle,side_even,K,4,DC,150,30.32,46.9,112.28,129.8,113.2,14.2,-17.1,upper_tier,24.5,10.5,2.34,8.8,11.5,False,31.5,0.42,0.98,False,False,-11.7,34.5
dress_circle:K:6,dress_circle,side_even,K,6,DC,150,32.02,46.9,111.84,129.8,113.3,15.0,-17.1,upper_tier,24.7,10.5,2.35,8.8,11.5,False,31.5,0.42,0.97,False,False,-11.7,33.9
dress_circle:K:8,dress_circle,side_even,K,8,DC,150,33.71,46.9,111.39,129.8,113.4,15.8,-17.1,upper_tier,24.8,10.5,2.36,8.9,11.6,False,31.5,0.42,0.97,False,False,-11.7,33.2
dress_circle:K:10,dress_circle,side_even,K,10,DC2,95,35.39,46.9,110.91,129.8,113.5,16.6,-17.1,upper_tier,24.9,10.5,2.37,9.0,11.6,False,31.5,0.42,0.96,False,False,-11.7,31.8
dress_circle:K:12,dress_circle,side_even,K,12,DC2,95,37.07,46.9,110.4,129.8,113.6,17.4,-17.1,upper_tier,25.0,10.5,2.38,9.0,11.6,False,31.5,0.42,0.95,False,False,-11.7,30.4
dress_circle:K:14,dress_circle,side_even,K,14,DC2,95,38.74,46.9,109.88,129.8,113.8,18.2,-17.1,upper_tier,25.2,10.5,2.4,9.1,11.7,False,31.5,0.42,0.94,False,False,-11.7,29.1
dress_circle:K:16,dress_circle,side_even,K,16,DC2,95,40.4,46.9,109.33,129.8,113.9,19.0,-17.1,upper_tier,25.3,10.5,2.41,9.1,11.7,False,31.5,0.42,0.94,False,False,-11.7,28.3
dress_circle:K:18,dress_circle,side_even,K,18,DC2,95,42.05,46.9,108.75,129.8,114.0,19.8,-17.1,upper_tier,25.5,10.5,2.43,9.2,11.7,False,31.5,0.5,0.93,False,True,-11.7,27.5
dress_circle:K:20,dress_circle,side_even,K,20,DC2,95,43.7,46.9,108.16,129.8,114.1,20.6,-17.1,upper_tier,25.6,10.5,2.44,9.3,11.7,False,31.5,0.5,0.92,False,True,-11.7,26.1
dress_circle:K:22,dress_circle,side_even,K,22,DC2,95,45.33,46.9,107.54,129.8,114.2,21.4,-17.1,upper_tier,25.8,10.5,2.46,9.4,11.8,False,31.5,0.5,0.91,False,True,-11.7,24.9
dress_circle:K:24,dress_circle,side_even,K,24,DC2,95,46.96,46.9,106.9,129.8,114.4,22.2,-17.1,upper_tier,26.0,10.5,2.47,9.5,11.8,False,31.5,0.5,0.91,False,True,-11.7,24.1
dress_circle:K:26,dress_circle,side_even,K,26,DC2,95,48.58,46.9,106.24,129.9,114.5,23.0,-17.1,upper_tier,26.2,10.5,2.49,9.5,11.9,False,31.5,0.5,0.9,False,True,-11.7,22.7
dress_circle:K:28,dress_circle,side_even,K,28,DC2,95,50.19,46.9,105.55,129.9,114.7,23.8,-17.1,upper_tier,26.4,10.5,2.51,9.6,11.9,False,31.5,0.5,0.89,False,True,-11.7,21.3
dress_circle:L:101,dress_circle,center_odd,L,101,DC,150,-0.87,47.9,118.83,132.7,115.5,0.4,-17.1,upper_tier,26.5,9.8,2.7,8.7,9.8,True,29.2,0.42,1.0,False,False,-11.9,25.3
dress_circle:L:103,dress_circle,center_odd,L,103,DC,150,-2.62,47.9,118.8,132.7,115.5,1.2,-17.1,upper_tier,26.5,9.8,2.7,8.7,9.8,True,29.2,0.42,1.0,False,False,-11.9,25.3
dress_circle:L:105,dress_circle,center_odd,L,105,DC,150,-4.37,47.9,118.76,132.7,115.5,2.0,-17.1,upper_tier,26.5,9.8,2.7,8.7,9.8,True,29.2,0.42,1.0,False,False,-11.9,25.3
dress_circle:L:107,dress_circle,center_odd,L,107,DC,150,-6.12,47.9,118.68,132.7,115.5,2.8,-17.1,upper_tier,26.5,9.9,2.69,8.7,9.8,True,29.2,0.42,1.0,False,False,-11.9,25.3
dress_circle:L:109,dress_circle,center_odd,L,109,DC,150,-7.87,47.9,118.59,132.7,115.5,3.6,-17.1,upper_tier,26.6,9.9,2.68,8.7,9.8,True,29.2,0.42,1.0,False,False,-11.9,25.3
dress_circle:L:111,dress_circle,center_odd,L,111,DC,150,-9.62,47.9,118.47,132.7,115.5,4.3,-17.1,upper_tier,26.6,10.0,2.67,8.7,9.8,True,29.3,0.42,1.0,False,False,-11.9,25.6
dress_circle:L:117,dress_circle,center_odd,L,117,DC,150,-14.84,47.9,117.97,132.7,115.6,6.7,-17.1,upper_tier,26.7,10.2,2.63,8.8,9.8,True,29.4,0.42,1.0,False,False,-11.9,25.9
dress_circle:L:119,dress_circle,center_odd,L,119,DC,150,-16.58,47.9,117.76,132.7,115.7,7.5,-17.1,upper_tier,26.8,10.3,2.61,8.8,9.9,True,29.4,0.42,1.0,False,False,-11.9,26.0
dress_circle:L:121,dress_circle,center_odd,L,121,DC,150,-18.31,47.9,117.52,132.7,115.7,8.3,-17.1,upper_tier,26.8,10.4,2.59,8.8,9.9,True,29.5,0.42,1.0,False,False,-11.9,26.3
dress_circle:L:123,dress_circle,center_odd,L,123,DC,150,-20.04,47.9,117.26,132.7,115.8,9.1,-17.1,upper_tier,26.9,10.5,2.56,8.9,9.9,True,29.6,0.42,1.0,False,True,-11.9,26.6
dress_circle:L:125,dress_circle,center_odd,L,125,DC,150,-21.77,47.9,116.98,132.7,115.8,9.9,-17.1,upper_tier,27.0,10.5,2.57,8.9,9.9,True,29.7,0.42,1.0,False,True,-11.9,26.9
dress_circle:L:102,dress_circle,center_even,L,102,DC,150,0.87,47.9,118.83,132.7,115.5,0.4,-17.1,upper_tier,26.5,9.8,2.7,8.7,9.8,True,29.2,0.42,1.0,False,False,-11.9,25.3
dress_circle:L:104,dress_circle,center_even,L,104,DC,150,2.62,47.9,118.8,132.7,115.5,1.2,-17.1,upper_tier,26.5,9.8,2.7,8.7,9.8,True,29.2,0.42,1.0,False,False,-11.9,25.3
dress_circle:L:106,dress_circle,center_even,L,106,DC,150,4.37,47.9,118.76,132.7,115.5,2.0,-17.1,upper_tier,26.5,9.8,2.7,8.7,9.8,True,29.2,0.42,1.0,False,False,-11.9,25.3
dress_circle:L:108,dress_circle,center_even,L,108,DC,150,6.12,47.9,118.68,132.7,115.5,2.8,-17.1,upper_tier,26.5,9.9,2.69,8.7,9.8,True,29.2,0.42,1.0,False,False,-11.9,25.3
dress_circle:L:110,dress_circle,center_even,L,110,DC,150,7.87,47.9,118.59,132.7,115.5,3.6,-17.1,upper_tier,26.6,9.9,2.68,8.7,9.8,True,29.2,0.42,1.0,False,False,-11.9,25.3
dress_circle:L:112,dress_circle,center_even,L,112,DC,150,9.62,47.9,118.47,132.7,115.5,4.3,-17.1,upper_tier,26.6,10.0,2.67,8.7,9.8,True,29.3,0.42,1.0,False,False,-11.9,25.6
dress_circle:L:118,dress_circle,center_even,L,118,DC,150,14.84,47.9,117.97,132.7,115.6,6.7,-17.1,upper_tier,26.7,10.2,2.63,8.8,9.8,True,29.4,0.42,1.0,False,False,-11.9,25.9
dress_circle:L:120,dress_circle,center_even,L,120,DC,150,16.58,47.9,117.76,132.7,115.7,7.5,-17.1,upper_tier,26.8,10.3,2.61,8.8,9.9,True,29.4,0.42,1.0,False,False,-11.9,26.0
dress_circle:L:122,dress_circle,center_even,L,122,DC,150,18.31,47.9,117.52,132.7,115.7,8.3,-17.1,upper_tier,26.8,10.4,2.59,8.8,9.9,True,29.5,0.42,1.0,False,False,-11.9,26.3
dress_circle:L:124,dress_circle,center_even,L,124,DC,150,20.04,47.9,117.26,132.7,115.8,9.1,-17.1,upper_tier,26.9,10.5,2.56,8.9,9.9,True,29.6,0.42,1.0,False,True,-11.9,26.6
dress_circle:L:126,dress_circle,center_even,L,126,DC,150,21.77,47.9,116.98,132.7,115.8,9.9,-17.1,upper_tier,27.0,10.5,2.57,8.9,9.9,True,29.7,0.42,1.0,False,True,-11.9,26.9
dress_circle:L:1,dress_circle,side_odd,L,1,DC,150,-28.63,47.9,115.61,132.8,116.1,13.0,-17.1,upper_tier,27.4,10.5,2.61,9.1,10.0,True,30.0,0.42,0.99,False,True,-11.9,27.3
dress_circle:L:3,dress_circle,side_odd,L,3,DC,150,-30.34,47.9,115.21,132.8,116.2,13.8,-17.1,upper_tier,27.5,10.5,2.62,9.1,10.0,True,30.1,0.42,0.98,False,True,-11.9,27.0
dress_circle:L:5,dress_circle,side_odd,L,5,DC,150,-32.04,47.9,114.78,132.8,116.3,14.6,-17.1,upper_tier,27.6,10.5,2.63,9.2,10.1,True,30.3,0.42,0.97,False,True,-11.9,27.1
dress_circle:L:7,dress_circle,side_odd,L,7,DC,150,-33.73,47.9,114.34,132.8,116.4,15.4,-17.1,upper_tier,27.7,10.5,2.64,9.2,10.1,True,30.4,0.42,0.97,False,True,-11.9,27.0
dress_circle:L:9,dress_circle,side_odd,L,9,DC2,95,-35.41,47.9,113.87,132.8,116.5,16.2,-17.1,upper_tier,27.9,10.5,2.65,9.3,10.1,True,30.5,0.42,0.96,False,True,-11.9,25.9
dress_circle:L:11,dress_circle,side_odd,L,11,DC2,95,-37.09,47.9,113.37,132.8,116.6,17.0,-17.1,upper_tier,28.0,10.5,2.67,9.4,10.2,True,30.6,0.42,0.95,False,True,-11.9,25.0
dress_circle:L:13,dress_circle,side_odd,L,13,DC2,95,-38.76,47.9,112.86,132.8,116.7,17.8,-17.1,upper_tier,28.2,10.5,2.68,9.4,10.2,True,30.8,0.42,0.95,False,True,-11.9,24.8
dress_circle:L:15,dress_circle,side_odd,L,15,DC2,95,-40.43,47.9,112.32,132.8,116.8,18.6,-17.1,upper_tier,28.3,10.5,2.7,9.5,10.3,True,30.9,0.42,0.94,False,True,-11.9,23.8
dress_circle:L:17,dress_circle,side_odd,L,17,DC2,95,-42.09,47.9,111.76,132.8,116.9,19.4,-17.1,upper_tier,28.5,10.5,2.71,9.6,10.3,True,31.1,0.42,0.93,False,True,-11.9,23.0
dress_circle:L:2,dress_circle,side_even,L,2,DC,150,28.63,47.9,115.61,132.8,116.1,13.0,-17.1,upper_tier,27.4,10.5,2.61,9.1,10.0,True,30.0,0.42,0.99,False,True,-11.9,27.3
dress_circle:L:4,dress_circle,side_even,L,4,DC,150,30.34,47.9,115.21,132.8,116.2,13.8,-17.1,upper_tier,27.5,10.5,2.62,9.1,10.0,True,30.1,0.42,0.98,False,True,-11.9,27.0
dress_circle:L:6,dress_circle,side_even,L,6,DC,150,32.04,47.9,114.78,132.8,116.3,14.6,-17.1,upper_tier,27.6,10.5,2.63,9.2,10.1,True,30.3,0.42,0.97,False,True,-11.9,27.1
dress_circle:L:8,dress_circle,side_even,L,8,DC,150,33.73,47.9,114.34,132.8,116.4,15.4,-17.1,upper_tier,27.7,10.5,2.64,9.2,10.1,True,30.4,0.42,0.97,False,True,-11.9,27.0
dress_circle:L:10,dress_circle,side_even,L,10,DC2,95,35.41,47.9,113.87,132.8,116.5,16.2,-17.1,upper_tier,27.9,10.5,2.65,9.3,10.1,True,30.5,0.42,0.96,False,True,-11.9,25.9
dress_circle:L:12,dress_circle,side_even,L,12,DC2,95,37.09,47.9,113.37,132.8,116.6,17.0,-17.1,upper_tier,28.0,10.5,2.67,9.4,10.2,True,30.6,0.42,0.95,False,True,-11.9,25.0
dress_circle:L:14,dress_circle,side_even,L,14,DC2,95,38.76,47.9,112.86,132.8,116.7,17.8,-17.1,upper_tier,28.2,10.5,2.68,9.4,10.2,True,30.8,0.42,0.95,False,True,-11.9,24.8
dress_circle:L:16,dress_circle,side_even,L,16,DC2,95,40.43,47.9,112.32,132.8,116.8,18.6,-17.1,upper_tier,28.3,10.5,2.7,9.5,10.3,True,30.9,0.42,0.94,False,True,-11.9,23.8
dress_circle:L:18,dress_circle,side_even,L,18,DC2,95,42.09,47.9,111.76,132.8,116.9,19.4,-17.1,upper_tier,28.5,10.5,2.71,9.6,10.3,True,31.1,0.42,0.93,False,True,-11.9,23.0
balcony_circle:AA:101,balcony_circle,center,AA,101,BC1,112,-11.35,50.9,93.71,110.7,95.5,6.4,-22.4,none,0.0,,0.0,23.1,112.4,False,31.5,0.58,1.0,True,True,-10.3,68.3
balcony_circle:AA:102,balcony_circle,center,AA,102,BC1,112,-9.61,50.9,93.89,110.7,95.5,5.4,-22.4,none,0.0,,0.0,23.1,112.4,False,31.5,0.58,1.0,True,True,-10.3,68.3
balcony_circle:AA:103,balcony_circle,center,AA,103,BC1,112,-7.87,50.9,94.03,110.7,95.4,4.4,-22.4,none,0.0,,0.0,23.1,112.4,False,31.5,0.58,1.0,True,True,-10.3,68.3
balcony_circle:AA:104,balcony_circle,center,AA,104,BC1,112,-6.12,50.9,94.15,110.7,95.4,3.4,-22.4,none,0.0,,0.0,23.1,112.4,False,31.5,0.58,1.0,True,True,-10.3,68.3
balcony_circle:AA:105,balcony_circle,center,AA,105,BC1,112,-4.37,50.9,94.24,110.7,95.4,2.4,-22.4,none,0.0,,0.0,23.1,112.4,False,31.5,0.58,1.0,True,True,-10.3,68.3
balcony_circle:AA:106,balcony_circle,center,AA,106,BC1,112,-2.62,50.9,94.3,110.7,95.4,1.5,-22.4,none,0.0,,0.0,23.1,112.4,False,31.5,0.58,1.0,True,True,-10.3,68.3
balcony_circle:AA:107,balcony_circle,center,AA,107,BC1,112,-0.87,50.9,94.33,110.7,95.4,0.5,-22.4,none,0.0,,0.0,23.1,112.4,False,31.5,0.58,1.0,True,True,-10.3,68.3
balcony_circle:AA:108,balcony_circle,center,AA,108,BC1,112,0.87,50.9,94.33,110.7,95.4,0.5,-22.4,none,0.0,,0.0,23.1,112.4,False,31.5,0.58,1.0,True,True,-10.3,68.3
balcony_circle:AA:109,balcony_circle,center,AA,109,BC1,112,2.62,50.9,94.3,110.7,95.4,1.5,-22.4,none,0.0,,0.0,23.1,112.4,False,31.5,0.58,1.0,True,True,-10.3,68.3
balcony_circle:AA:110,balcony_circle,center,AA,110,BC1,112,4.37,50.9,94.24,110.7,95.4,2.4,-22.4,none,0.0,,0.0,23.1,112.4,False,31.5,0.58,1.0,True,True,-10.3,68.3
balcony_circle:AA:111,balcony_circle,center,AA,111,BC1,112,6.12,50.9,94.15,110.7,95.4,3.4,-22.4,none,0.0,,0.0,23.1,112.4,False,31.5,0.58,1.0,True,True,-10.3,68.3
balcony_circle:AA:112,balcony_circle,center,AA,112,BC1,112,7.87,50.9,94.03,110.7,95.4,4.4,-22.4,none,0.0,,0.0,23.1,112.4,False,31.5,0.58,1.0,True,True,-10.3,68.3
balcony_circle:AA:113,balcony_circle,center,AA,113,BC1,112,9.61,50.9,93.89,110.7,95.5,5.4,-22.4,none,0.0,,0.0,23.1,112.4,False,31.5,0.58,1.0,True,True,-10.3,68.3
balcony_circle:AA:114,balcony_circle,center,AA,114,BC1,112,11.35,50.9,93.71,110.7,95.5,6.4,-22.4,none,0.0,,0.0,23.1,112.4,False,31.5,0.58,1.0,True,True,-10.3,68.3
balcony_circle:AA:1,balcony_circle,side_odd,AA,1,BC1,112,-16.55,50.9,93.01,110.7,95.7,9.3,-22.4,none,0.0,,0.0,23.1,112.4,False,31.5,0.58,1.0,True,True,-10.3,68.3
balcony_circle:AA:3,balcony_circle,side_odd,AA,3,BC1,112,-18.28,50.9,92.72,110.7,95.8,10.3,-22.4,none,0.0,,0.0,23.1,112.4,False,31.5,0.58,1.0,True,True,-10.3,68.3
balcony_circle:AA:5,balcony_circle,side_odd,AA,5,BC1,112,-20.0,50.9,92.39,110.7,95.9,11.3,-22.4,none,0.0,,0.0,23.1,112.4,False,31.5,0.58,1.0,True,True,-10.3,68.3
balcony_circle:AA:7,balcony_circle,side_odd,AA,7,BC1,112,-21.72,50.9,92.05,110.7,95.9,12.2,-22.4,none,0.0,,0.0,23.1,112.4,False,31.5,0.58,1.0,True,True,-10.3,68.3
balcony_circle:AA:9,balcony_circle,side_odd,AA,9,BC1,112,-23.42,50.9,91.67,110.7,96.0,13.2,-22.4,none,0.0,,0.0,23.1,112.4,False,31.5,0.58,1.0,True,True,-10.3,68.3
balcony_circle:AA:11,balcony_circle,side_odd,AA,11,BC1,112,-25.13,50.9,91.26,110.7,96.1,14.2,-22.4,none,0.0,,0.0,23.1,112.4,False,31.5,0.58,1.0,True,True,-10.3,68.3
balcony_circle:AA:13,balcony_circle,side_odd,AA,13,BC1,112,-26.82,50.9,90.82,110.7,96.2,15.2,-22.3,none,0.0,,0.0,23.1,112.3,False,31.5,0.58,1.0,True,True,-10.3,68.1
balcony_circle:AA:15,balcony_circle,side_odd,AA,15,BC1,112,-28.51,50.9,90.36,110.7,96.4,16.2,-22.3,none,0.0,,0.0,23.1,112.3,False,31.5,0.58,0.99,True,True,-10.3,66.5
balcony_circle:AA:17,balcony_circle,side_odd,AA,17,BC1,112,-30.19,50.9,89.87,110.7,96.5,17.1,-22.3,none,0.0,,0.0,23.1,112.3,False,31.5,0.58,0.98,True,True,-10.3,65.0
balcony_circle:AA:19,balcony_circle,side_odd,AA,19,BC1,112,-31.86,50.9,89.35,110.7,96.6,18.1,-22.3,none,0.0,,0.0,23.1,112.3,False,31.5,0.58,0.97,True,True,-10.3,63.4
balcony_circle:AA:21,balcony_circle,side_odd,AA,21,BC1,112,-33.52,50.9,88.8,110.8,96.7,19.1,-22.3,none,0.0,,0.0,23.1,112.3,False,31.5,0.58,0.96,True,True,-10.3,61.8
balcony_circle:AA:23,balcony_circle,side_odd,AA,23,BC1,112,-35.17,50.9,88.22,110.8,96.9,20.1,-22.3,none,0.0,,0.0,23.1,112.3,False,31.5,0.67,0.95,True,True,-10.3,60.9
balcony_circle:AA:2,balcony_circle,side_even,AA,2,BC1,112,16.55,50.9,93.01,110.7,95.7,9.3,-22.4,none,0.0,,0.0,23.1,112.4,False,31.5,0.58,1.0,True,True,-10.3,68.3
balcony_circle:AA:4,balcony_circle,side_even,AA,4,BC1,112,18.28,50.9,92.72,110.7,95.8,10.3,-22.4,none,0.0,,0.0,23.1,112.4,False,31.5,0.58,1.0,True,True,-10.3,68.3
balcony_circle:AA:6,balcony_circle,side_even,AA,6,BC1,112,20.0,50.9,92.39,110.7,95.9,11.3,-22.4,none,0.0,,0.0,23.1,112.4,False,31.5,0.58,1.0,True,True,-10.3,68.3
balcony_circle:AA:8,balcony_circle,side_even,AA,8,BC1,112,21.72,50.9,92.05,110.7,95.9,12.2,-22.4,none,0.0,,0.0,23.1,112.4,False,31.5,0.58,1.0,True,True,-10.3,68.3
balcony_circle:AA:10,balcony_circle,side_even,AA,10,BC1,112,23.42,50.9,91.67,110.7,96.0,13.2,-22.4,none,0.0,,0.0,23.1,112.4,False,31.5,0.58,1.0,True,True,-10.3,68.3
balcony_circle:AA:12,balcony_circle,side_even,AA,12,BC1,112,25.13,50.9,91.26,110.7,96.1,14.2,-22.4,none,0.0,,0.0,23.1,112.4,False,31.5,0.58,1.0,True,True,-10.3,68.3
balcony_circle:AA:14,balcony_circle,side_even,AA,14,BC1,112,26.82,50.9,90.82,110.7,96.2,15.2,-22.3,none,0.0,,0.0,23.1,112.3,False,31.5,0.58,1.0,True,True,-10.3,68.1
balcony_circle:AA:16,balcony_circle,side_even,AA,16,BC1,112,28.51,50.9,90.36,110.7,96.4,16.2,-22.3,none,0.0,,0.0,23.1,112.3,False,31.5,0.58,0.99,True,True,-10.3,66.5
balcony_circle:AA:18,balcony_circle,side_even,AA,18,BC1,112,30.19,50.9,89.87,110.7,96.5,17.1,-22.3,none,0.0,,0.0,23.1,112.3,False,31.5,0.58,0.98,True,True,-10.3,65.0
balcony_circle:AA:20,balcony_circle,side_even,AA,20,BC1,112,31.86,50.9,89.35,110.7,96.6,18.1,-22.3,none,0.0,,0.0,23.1,112.3,False,31.5,0.58,0.97,True,True,-10.3,63.4
balcony_circle:AA:22,balcony_circle,side_even,AA,22,BC1,112,33.52,50.9,88.8,110.8,96.7,19.1,-22.3,none,0.0,,0.0,23.1,112.3,False,31.5,0.58,0.96,True,True,-10.3,61.8
balcony_circle:AA:24,balcony_circle,side_even,AA,24,BC1,112,35.17,50.9,88.22,110.8,96.9,20.1,-22.3,none,0.0,,0.0,23.1,112.3,False,31.5,0.67,0.95,True,True,-10.3,60.9
balcony_circle:AA:25,balcony_circle,far_odd,AA,25,BC2,80,-40.07,50.9,86.33,110.8,97.4,23.0,-22.3,none,0.0,,0.0,23.1,112.3,False,31.5,0.67,0.92,True,True,-10.3,56.2
balcony_circle:AA:27,balcony_circle,far_odd,AA,27,BC2,80,-41.68,50.9,85.64,110.8,97.5,24.0,-22.3,none,0.0,,0.0,23.1,112.3,False,31.5,0.67,0.91,True,True,-10.3,54.6
balcony_circle:AA:29,balcony_circle,far_odd,AA,29,BC2,80,-43.28,50.9,84.93,110.8,97.7,25.0,-22.3,none,0.0,,0.0,23.1,112.3,False,31.5,0.67,0.9,True,True,-10.3,53.0
balcony_circle:AA:31,balcony_circle,far_odd,AA,31,BC2,80,-44.86,50.9,84.19,110.8,97.9,25.9,-22.3,none,0.0,,0.0,23.1,112.3,False,31.5,0.67,0.89,True,True,-10.3,51.5
balcony_circle:AA:33,balcony_circle,far_odd,AA,33,BC2,80,-46.44,50.9,83.43,110.8,98.1,26.9,-22.3,none,0.0,,0.0,23.1,112.3,False,31.5,0.67,0.88,True,True,-10.3,49.9
balcony_circle:AA:35,balcony_circle,far_odd,AA,35,BC2,80,-48.0,50.9,82.63,110.9,98.3,27.9,-22.3,none,0.0,,0.0,23.1,112.3,False,31.5,0.67,0.87,True,True,-10.3,48.2
balcony_circle:AA:37,balcony_circle,far_odd,AA,37,BC2,80,-49.54,50.9,81.82,110.9,98.5,28.9,-22.3,none,0.0,,0.0,23.1,112.3,False,31.5,0.67,0.86,True,True,-10.3,46.6
balcony_circle:AA:39,balcony_circle,far_odd,AA,39,BC2,80,-51.08,50.9,80.97,110.9,98.7,29.9,-22.3,none,0.0,,0.0,23.1,112.3,False,31.5,0.67,0.85,True,True,-10.3,45.0
balcony_circle:AA:41,balcony_circle,far_odd,AA,41,BC2,80,-52.6,50.9,80.1,110.9,98.9,30.8,-22.3,none,0.0,,0.0,23.1,112.3,False,31.5,0.67,0.84,True,True,-10.3,43.5
balcony_circle:AA:26,balcony_circle,far_even,AA,26,BC2,80,40.07,50.9,86.33,110.8,97.4,23.0,-22.3,none,0.0,,0.0,23.1,112.3,False,31.5,0.67,0.92,True,True,-10.3,56.2
balcony_circle:AA:28,balcony_circle,far_even,AA,28,BC2,80,41.68,50.9,85.64,110.8,97.5,24.0,-22.3,none,0.0,,0.0,23.1,112.3,False,31.5,0.67,0.91,True,True,-10.3,54.6
balcony_circle:AA:30,balcony_circle,far_even,AA,30,BC2,80,43.28,50.9,84.93,110.8,97.7,25.0,-22.3,none,0.0,,0.0,23.1,112.3,False,31.5,0.67,0.9,True,True,-10.3,53.0
balcony_circle:AA:32,balcony_circle,far_even,AA,32,BC2,80,44.86,50.9,84.19,110.8,97.9,25.9,-22.3,none,0.0,,0.0,23.1,112.3,False,31.5,0.67,0.89,True,True,-10.3,51.5
balcony_circle:AA:34,balcony_circle,far_even,AA,34,BC2,80,46.44,50.9,83.43,110.8,98.1,26.9,-22.3,none,0.0,,0.0,23.1,112.3,False,31.5,0.67,0.88,True,True,-10.3,49.9
balcony_circle:AA:36,balcony_circle,far_even,AA,36,BC2,80,48.0,50.9,82.63,110.9,98.3,27.9,-22.3,none,0.0,,0.0,23.1,112.3,False,31.5,0.67,0.87,True,True,-10.3,48.2
balcony_circle:AA:38,balcony_circle,far_even,AA,38,BC2,80,49.54,50.9,81.82,110.9,98.5,28.9,-22.3,none,0.0,,0.0,23.1,112.3,False,31.5,0.67,0.86,True,True,-10.3,46.6
balcony_circle:AA:40,balcony_circle,far_even,AA,40,BC2,80,51.08,50.9,80.97,110.9,98.7,29.9,-22.3,none,0.0,,0.0,23.1,112.3,False,31.5,0.67,0.85,True,True,-10.3,45.0
balcony_circle:AA:42,balcony_circle,far_even,AA,42,BC2,80,52.6,50.9,80.1,110.9,98.9,30.8,-22.3,none,0.0,,0.0,23.1,112.3,False,31.5,0.67,0.84,True,True,-10.3,43.5
balcony_circle:BB:101,balcony_circle,center,BB,101,BC1,112,-10.48,52.2,96.67,113.8,98.6,5.7,-22.4,none,0.0,,0.0,21.8,112.4,False,31.5,0.58,1.0,True,True,-10.5,66.8
balcony_circle:BB:102,balcony_circle,center,BB,102,BC1,112,-8.74,52.2,96.82,113.8,98.6,4.8,-22.4,none,0.0,,0.0,21.8,112.4,False,31.5,0.58,1.0,True,True,-10.5,66.8
balcony_circle:BB:103,balcony_circle,center,BB,103,BC1,112,-7.0,52.2,96.95,113.8,98.5,3.8,-22.4,none,0.0,,0.0,21.8,112.4,False,31.5,0.58,1.0,True,True,-10.5,66.8
balcony_circle:BB:104,balcony_circle,center,BB,104,BC1,112,-5.25,52.2,97.05,113.8,98.5,2.9,-22.4,none,0.0,,0.0,21.8,112.4,False,31.5,0.58,1.0,True,True,-10.5,66.8
balcony_circle:BB:105,balcony_circle,center,BB,105,BC1,112,-3.5,52.2,97.12,113.8,98.5,1.9,-22.4,none,0.0,,0.0,21.8,112.4,False,31.5,0.58,1.0,True,True,-10.5,66.8
balcony_circle:BB:106,balcony_circle,center,BB,106,BC1,112,-1.75,52.2,97.17,113.8,98.5,1.0,-22.4,none,0.0,,0.0,21.8,112.4,False,31.5,0.58,1.0,True,True,-10.5,66.8
balcony_circle:BB:107,balcony_circle,center,BB,107,BC1,112,0.0,52.2,97.18,113.8,98.5,0.0,-22.4,none,0.0,,0.0,21.8,112.4,False,31.5,0.58,1.0,True,True,-10.5,66.8
balcony_circle:BB:108,balcony_circle,center,BB,108,BC1,112,1.75,52.2,97.17,113.8,98.5,1.0,-22.4,none,0.0,,0.0,21.8,112.4,False,31.5,0.58,1.0,True,True,-10.5,66.8
balcony_circle:BB:109,balcony_circle,center,BB,109,BC1,112,3.5,52.2,97.12,113.8,98.5,1.9,-22.4,none,0.0,,0.0,21.8,112.4,False,31.5,0.58,1.0,True,True,-10.5,66.8
balcony_circle:BB:110,balcony_circle,center,BB,110,BC1,112,5.25,52.2,97.05,113.8,98.5,2.9,-22.4,none,0.0,,0.0,21.8,112.4,False,31.5,0.58,1.0,True,True,-10.5,66.8
balcony_circle:BB:111,balcony_circle,center,BB,111,BC1,112,7.0,52.2,96.95,113.8,98.5,3.8,-22.4,none,0.0,,0.0,21.8,112.4,False,31.5,0.58,1.0,True,True,-10.5,66.8
balcony_circle:BB:112,balcony_circle,center,BB,112,BC1,112,8.74,52.2,96.82,113.8,98.6,4.8,-22.4,none,0.0,,0.0,21.8,112.4,False,31.5,0.58,1.0,True,True,-10.5,66.8
balcony_circle:BB:113,balcony_circle,center,BB,113,BC1,112,10.48,52.2,96.67,113.8,98.6,5.7,-22.4,none,0.0,,0.0,21.8,112.4,False,31.5,0.58,1.0,True,True,-10.5,66.8
balcony_circle:BB:1,balcony_circle,side_odd,BB,1,BC1,112,-16.56,52.2,95.89,113.8,98.8,9.1,-22.4,none,0.0,,0.0,21.8,112.4,False,31.5,0.58,1.0,True,True,-10.5,66.8
balcony_circle:BB:3,balcony_circle,side_odd,BB,3,BC1,112,-18.29,52.2,95.61,113.8,98.9,10.0,-22.4,none,0.0,,0.0,21.8,112.4,False,31.5,0.58,1.0,True,True,-10.5,66.8
balcony_circle:BB:5,balcony_circle,side_odd,BB,5,BC1,112,-20.01,52.2,95.3,113.8,98.9,11.0,-22.4,none,0.0,,0.0,21.8,112.4,False,31.5,0.58,1.0,True,True,-10.5,66.8
balcony_circle:BB:7,balcony_circle,side_odd,BB,7,BC1,112,-21.72,52.2,94.96,113.8,99.0,11.9,-22.4,none,0.0,,0.0,21.8,112.4,False,31.5,0.58,1.0,True,True,-10.5,66.8
balcony_circle:BB:9,balcony_circle,side_odd,BB,9,BC1,112,-23.43,52.2,94.59,113.8,99.1,12.9,-22.4,none,0.0,,0.0,21.8,112.4,False,31.5,0.58,1.0,True,True,-10.5,66.8
balcony_circle:BB:11,balcony_circle,side_odd,BB,11,BC1,112,-25.14,52.2,94.19,113.8,99.2,13.8,-22.4,none,0.0,,0.0,21.8,112.4,False,31.5,0.58,1.0,True,True,-10.5,66.8
balcony_circle:BB:13,balcony_circle,side_odd,BB,13,BC1,112,-26.84,52.2,93.77,113.8,99.3,14.8,-22.4,none,0.0,,0.0,21.8,112.4,False,31.5,0.58,1.0,True,True,-10.5,66.8
balcony_circle:BB:15,balcony_circle,side_odd,BB,15,BC1,112,-28.53,52.2,93.31,113.9,99.4,15.7,-22.4,none,0.0,,0.0,21.8,112.4,False,31.5,0.58,0.99,True,True,-10.5,65.5
balcony_circle:BB:17,balcony_circle,side_odd,BB,17,BC1,112,-30.21,52.2,92.83,113.9,99.5,16.7,-22.4,none,0.0,,0.0,21.8,112.4,False,31.5,0.58,0.98,True,True,-10.5,63.9
balcony_circle:BB:19,balcony_circle,side_odd,BB,19,BC1,112,-31.88,52.2,92.33,113.9,99.6,17.6,-22.4,none,0.0,,0.0,21.8,112.4,False,31.5,0.58,0.97,True,True,-10.5,62.4
balcony_circle:BB:21,balcony_circle,side_odd,BB,21,BC1,112,-33.55,52.2,91.79,113.9,99.8,18.6,-22.4,none,0.0,,0.0,21.8,112.4,False,31.5,0.58,0.96,True,True,-10.5,60.8
balcony_circle:BB:23,balcony_circle,side_odd,BB,23,BC1,112,-35.21,52.2,91.23,113.9,99.9,19.5,-22.4,none,0.0,,0.0,21.8,112.4,False,31.5,0.58,0.95,True,True,-10.5,59.3
balcony_circle:BB:2,balcony_circle,side_even,BB,2,BC1,112,16.56,52.2,95.89,113.8,98.8,9.1,-22.4,none,0.0,,0.0,21.8,112.4,False,31.5,0.58,1.0,True,True,-10.5,66.8
balcony_circle:BB:4,balcony_circle,side_even,BB,4,BC1,112,18.29,52.2,95.61,113.8,98.9,10.0,-22.4,none,0.0,,0.0,21.8,112.4,False,31.5,0.58,1.0,True,True,-10.5,66.8
balcony_circle:BB:6,balcony_circle,side_even,BB,6,BC1,112,20.01,52.2,95.3,113.8,98.9,11.0,-22.4,none,0.0,,0.0,21.8,112.4,False,31.5,0.58,1.0,True,True,-10.5,66.8
balcony_circle:BB:8,balcony_circle,side_even,BB,8,BC1,112,21.72,52.2,94.96,113.8,99.0,11.9,-22.4,none,0.0,,0.0,21.8,112.4,False,31.5,0.58,1.0,True,True,-10.5,66.8
balcony_circle:BB:10,balcony_circle,side_even,BB,10,BC1,112,23.43,52.2,94.59,113.8,99.1,12.9,-22.4,none,0.0,,0.0,21.8,112.4,False,31.5,0.58,1.0,True,True,-10.5,66.8
balcony_circle:BB:12,balcony_circle,side_even,BB,12,BC1,112,25.14,52.2,94.19,113.8,99.2,13.8,-22.4,none,0.0,,0.0,21.8,112.4,False,31.5,0.58,1.0,True,True,-10.5,66.8
balcony_circle:BB:14,balcony_circle,side_even,BB,14,BC1,112,26.84,52.2,93.77,113.8,99.3,14.8,-22.4,none,0.0,,0.0,21.8,112.4,False,31.5,0.58,1.0,True,True,-10.5,66.8
balcony_circle:BB:16,balcony_circle,side_even,BB,16,BC1,112,28.53,52.2,93.31,113.9,99.4,15.7,-22.4,none,0.0,,0.0,21.8,112.4,False,31.5,0.58,0.99,True,True,-10.5,65.5
balcony_circle:BB:18,balcony_circle,side_even,BB,18,BC1,112,30.21,52.2,92.83,113.9,99.5,16.7,-22.4,none,0.0,,0.0,21.8,112.4,False,31.5,0.58,0.98,True,True,-10.5,63.9
balcony_circle:BB:20,balcony_circle,side_even,BB,20,BC1,112,31.88,52.2,92.33,113.9,99.6,17.6,-22.4,none,0.0,,0.0,21.8,112.4,False,31.5,0.58,0.97,True,True,-10.5,62.4
balcony_circle:BB:22,balcony_circle,side_even,BB,22,BC1,112,33.55,52.2,91.79,113.9,99.8,18.6,-22.4,none,0.0,,0.0,21.8,112.4,False,31.5,0.58,0.96,True,True,-10.5,60.8
balcony_circle:BB:24,balcony_circle,side_even,BB,24,BC1,112,35.21,52.2,91.23,113.9,99.9,19.5,-22.4,none,0.0,,0.0,21.8,112.4,False,31.5,0.58,0.95,True,True,-10.5,59.3
balcony_circle:BB:25,balcony_circle,far_odd,BB,25,BC2,80,-40.12,52.2,89.39,113.9,100.4,22.4,-22.4,none,0.0,,0.0,21.8,112.4,False,31.5,0.67,0.92,True,True,-10.5,55.3
balcony_circle:BB:27,balcony_circle,far_odd,BB,27,BC2,80,-41.74,52.2,88.72,113.9,100.5,23.3,-22.4,none,0.0,,0.0,21.8,112.4,False,31.5,0.67,0.91,True,True,-10.5,53.8
balcony_circle:BB:29,balcony_circle,far_odd,BB,29,BC2,80,-43.35,52.2,88.02,113.9,100.7,24.3,-22.4,none,0.0,,0.0,21.8,112.4,False,31.5,0.67,0.91,True,True,-10.5,52.8
balcony_circle:BB:31,balcony_circle,far_odd,BB,31,BC2,80,-44.94,52.2,87.3,114.0,100.8,25.2,-22.4,none,0.0,,0.0,21.8,112.4,False,31.5,0.67,0.9,True,True,-10.5,51.2
balcony_circle:BB:33,balcony_circle,far_odd,BB,33,BC2,80,-46.52,52.2,86.56,114.0,101.0,26.2,-22.4,none,0.0,,0.0,21.8,112.4,False,31.5,0.67,0.89,True,True,-10.5,49.6
balcony_circle:BB:35,balcony_circle,far_odd,BB,35,BC2,80,-48.09,52.2,85.78,114.0,101.2,27.1,-22.4,none,0.0,,0.0,21.8,112.4,False,31.5,0.67,0.88,True,True,-10.5,48.1
balcony_circle:BB:37,balcony_circle,far_odd,BB,37,BC2,80,-49.65,52.2,84.99,114.0,101.4,28.1,-22.4,none,0.0,,0.0,21.8,112.4,False,31.5,0.67,0.87,True,True,-10.5,46.5
balcony_circle:BB:39,balcony_circle,far_odd,BB,39,BC2,80,-51.2,52.2,84.16,114.0,101.6,29.1,-22.4,none,0.0,,0.0,21.8,112.4,False,31.5,0.67,0.86,True,True,-10.5,44.9
balcony_circle:BB:41,balcony_circle,far_odd,BB,41,BC2,80,-52.73,52.2,83.31,114.0,101.8,30.0,-22.4,none,0.0,,0.0,21.8,112.4,False,31.5,0.67,0.85,True,True,-10.5,43.4
balcony_circle:BB:26,balcony_circle,far_even,BB,26,BC2,80,40.12,52.2,89.39,113.9,100.4,22.4,-22.4,none,0.0,,0.0,21.8,112.4,False,31.5,0.67,0.92,True,True,-10.5,55.3
balcony_circle:BB:28,balcony_circle,far_even,BB,28,BC2,80,41.74,52.2,88.72,113.9,100.5,23.3,-22.4,none,0.0,,0.0,21.8,112.4,False,31.5,0.67,0.91,True,True,-10.5,53.8
balcony_circle:BB:30,balcony_circle,far_even,BB,30,BC2,80,43.35,52.2,88.02,113.9,100.7,24.3,-22.4,none,0.0,,0.0,21.8,112.4,False,31.5,0.67,0.91,True,True,-10.5,52.8
balcony_circle:BB:32,balcony_circle,far_even,BB,32,BC2,80,44.94,52.2,87.3,114.0,100.8,25.2,-22.4,none,0.0,,0.0,21.8,112.4,False,31.5,0.67,0.9,True,True,-10.5,51.2
balcony_circle:BB:34,balcony_circle,far_even,BB,34,BC2,80,46.52,52.2,86.56,114.0,101.0,26.2,-22.4,none,0.0,,0.0,21.8,112.4,False,31.5,0.67,0.89,True,True,-10.5,49.6
balcony_circle:BB:36,balcony_circle,far_even,BB,36,BC2,80,48.09,52.2,85.78,114.0,101.2,27.1,-22.4,none,0.0,,0.0,21.8,112.4,False,31.5,0.67,0.88,True,True,-10.5,48.1
balcony_circle:BB:38,balcony_circle,far_even,BB,38,BC2,80,49.65,52.2,84.99,114.0,101.4,28.1,-22.4,none,0.0,,0.0,21.8,112.4,False,31.5,0.67,0.87,True,True,-10.5,46.5
balcony_circle:BB:40,balcony_circle,far_even,BB,40,BC2,80,51.2,52.2,84.16,114.0,101.6,29.1,-22.4,none,0.0,,0.0,21.8,112.4,False,31.5,0.67,0.86,True,True,-10.5,44.9
balcony_circle:BB:42,balcony_circle,far_even,BB,42,BC2,80,52.73,52.2,83.31,114.0,101.8,30.0,-22.4,none,0.0,,0.0,21.8,112.4,False,31.5,0.67,0.85,True,True,-10.5,43.4
balcony_circle:CC:101,balcony_circle,center,CC,101,BC1,112,-11.35,53.5,99.44,116.9,101.7,6.0,-22.5,none,0.0,,0.0,20.5,112.5,False,31.5,0.58,1.0,True,True,-10.8,65.3
balcony_circle:CC:102,balcony_circle,center,CC,102,BC1,112,-9.61,53.5,99.61,116.9,101.7,5.1,-22.5,none,0.0,,0.0,20.5,112.5,False,31.5,0.58,1.0,True,True,-10.8,65.3
balcony_circle:CC:103,balcony_circle,center,CC,103,BC1,112,-7.87,53.5,99.75,116.9,101.6,4.2,-22.5,none,0.0,,0.0,20.5,112.5,False,31.5,0.58,1.0,True,True,-10.8,65.3
balcony_circle:CC:104,balcony_circle,center,CC,104,BC1,112,-6.12,53.5,99.86,116.9,101.6,3.2,-22.5,none,0.0,,0.0,20.5,112.5,False,31.5,0.58,1.0,True,True,-10.8,65.3
balcony_circle:CC:105,balcony_circle,center,CC,105,BC1,112,-4.37,53.5,99.94,116.9,101.6,2.3,-22.5,none,0.0,,0.0,20.5,112.5,False,31.5,0.58,1.0,True,True,-10.8,65.3
balcony_circle:CC:106,balcony_circle,center,CC,106,BC1,112,-2.62,53.5,100.0,116.9,101.6,1.4,-22.5,none,0.0,,0.0,20.5,112.5,False,31.5,0.58,1.0,True,True,-10.8,65.3
balcony_circle:CC:107,balcony_circle,center,CC,107,BC1,112,-0.87,53.5,100.03,116.9,101.6,0.5,-22.5,none,0.0,,0.0,20.5,112.5,False,31.5,0.58,1.0,True,True,-10.8,65.3
balcony_circle:CC:108,balcony_circle,center,CC,108,BC1,112,0.87,53.5,100.03,116.9,101.6,0.5,-22.5,none,0.0,,0.0,20.5,112.5,False,31.5,0.58,1.0,True,True,-10.8,65.3
balcony_circle:CC:109,balcony_circle,center,CC,109,BC1,112,2.62,53.5,100.0,116.9,101.6,1.4,-22.5,none,0.0,,0.0,20.5,112.5,False,31.5,0.58,1.0,True,True,-10.8,65.3
balcony_circle:CC:110,balcony_circle,center,CC,110,BC1,112,4.37,53.5,99.94,116.9,101.6,2.3,-22.5,none,0.0,,0.0,20.5,112.5,False,31.5,0.58,1.0,True,True,-10.8,65.3
balcony_circle:CC:111,balcony_circle,center,CC,111,BC1,112,6.12,53.5,99.86,116.9,101.6,3.2,-22.5,none,0.0,,0.0,20.5,112.5,False,31.5,0.58,1.0,True,True,-10.8,65.3
balcony_circle:CC:112,balcony_circle,center,CC,112,BC1,112,7.87,53.5,99.75,116.9,101.6,4.2,-22.5,none,0.0,,0.0,20.5,112.5,False,31.5,0.58,1.0,True,True,-10.8,65.3
balcony_circle:CC:113,balcony_circle,center,CC,113,BC1,112,9.61,53.5,99.61,116.9,101.7,5.1,-22.5,none,0.0,,0.0,20.5,112.5,False,31.5,0.58,1.0,True,True,-10.8,65.3
balcony_circle:CC:114,balcony_circle,center,CC,114,BC1,112,11.35,53.5,99.44,116.9,101.7,6.0,-22.5,none,0.0,,0.0,20.5,112.5,False,31.5,0.58,1.0,True,True,-10.8,65.3
balcony_circle:CC:1,balcony_circle,side_odd,CC,1,BC1,112,-16.56,53.5,98.78,116.9,101.9,8.8,-22.5,none,0.0,,0.0,20.5,112.5,False,31.5,0.58,1.0,True,True,-10.8,65.3
balcony_circle:CC:3,balcony_circle,side_odd,CC,3,BC1,112,-18.29,53.5,98.5,116.9,101.9,9.7,-22.5,none,0.0,,0.0,20.5,112.5,False,31.5,0.58,1.0,True,True,-10.8,65.3
balcony_circle:CC:5,balcony_circle,side_odd,CC,5,BC1,112,-20.01,53.5,98.19,116.9,102.0,10.7,-22.5,none,0.0,,0.0,20.5,112.5,False,31.5,0.58,1.0,True,True,-10.8,65.3
balcony_circle:CC:7,balcony_circle,side_odd,CC,7,BC1,112,-21.73,53.5,97.86,116.9,102.1,11.6,-22.5,none,0.0,,0.0,20.5,112.5,False,31.5,0.58,1.0,True,True,-10.8,65.3
balcony_circle:CC:9,balcony_circle,side_odd,CC,9,BC1,112,-23.44,53.5,97.5,117.0,102.2,12.5,-22.5,none,0.0,,0.0,20.5,112.5,False,31.5,0.58,1.0,True,True,-10.8,65.3
balcony_circle:CC:11,balcony_circle,side_odd,CC,11,BC1,112,-25.15,53.5,97.12,117.0,102.3,13.5,-22.5,none,0.0,,0.0,20.5,112.5,False,31.5,0.58,1.0,True,True,-10.8,65.3
balcony_circle:CC:13,balcony_circle,side_odd,CC,13,BC1,112,-26.85,53.5,96.7,117.0,102.4,14.4,-22.5,none,0.0,,0.0,20.5,112.5,False,31.5,0.58,1.0,True,True,-10.8,65.3
balcony_circle:CC:15,balcony_circle,side_odd,CC,15,BC1,112,-28.54,53.5,96.26,117.0,102.5,15.3,-22.5,none,0.0,,0.0,20.5,112.5,False,31.5,0.58,0.99,True,True,-10.8,64.4
balcony_circle:CC:17,balcony_circle,side_odd,CC,17,BC1,112,-30.23,53.5,95.8,117.0,102.6,16.2,-22.5,none,0.0,,0.0,20.5,112.5,False,31.5,0.58,0.98,True,True,-10.8,62.9
balcony_circle:CC:19,balcony_circle,side_odd,CC,19,BC1,112,-31.91,53.5,95.3,117.0,102.7,17.2,-22.5,none,0.0,,0.0,20.5,112.5,False,31.5,0.58,0.97,True,True,-10.8,61.3
balcony_circle:CC:21,balcony_circle,side_odd,CC,21,BC1,112,-33.58,53.5,94.78,117.0,102.8,18.1,-22.5,none,0.0,,0.0,20.5,112.5,False,31.5,0.58,0.96,True,True,-10.8,59.8
balcony_circle:CC:23,balcony_circle,side_odd,CC,23,BC1,112,-35.24,53.5,94.23,117.0,102.9,19.0,-22.5,none,0.0,,0.0,20.5,112.5,False,31.5,0.58,0.95,True,True,-10.8,58.3
balcony_circle:CC:2,balcony_circle,side_even,CC,2,BC1,112,16.56,53.5,98.78,116.9,101.9,8.8,-22.5,none,0.0,,0.0,20.5,112.5,False,31.5,0.58,1.0,True,True,-10.8,65.3
balcony_circle:CC:4,balcony_circle,side_even,CC,4,BC1,112,18.29,53.5,98.5,116.9,101.9,9.7,-22.5,none,0.0,,0.0,20.5,112.5,False,31.5,0.58,1.0,True,True,-10.8,65.3
balcony_circle:CC:6,balcony_circle,side_even,CC,6,BC1,112,20.01,53.5,98.19,116.9,102.0,10.7,-22.5,none,0.0,,0.0,20.5,112.5,False,31.5,0.58,1.0,True,True,-10.8,65.3
balcony_circle:CC:8,balcony_circle,side_even,CC,8,BC1,112,21.73,53.5,97.86,116.9,102.1,11.6,-22.5,none,0.0,,0.0,20.5,112.5,False,31.5,0.58,1.0,True,True,-10.8,65.3
balcony_circle:CC:10,balcony_circle,side_even,CC,10,BC1,112,23.44,53.5,97.5,117.0,102.2,12.5,-22.5,none,0.0,,0.0,20.5,112.5,False,31.5,0.58,1.0,True,True,-10.8,65.3
balcony_circle:CC:12,balcony_circle,side_even,CC,12,BC1,112,25.15,53.5,97.12,117.0,102.3,13.5,-22.5,none,0.0,,0.0,20.5,112.5,False,31.5,0.58,1.0,True,True,-10.8,65.3
balcony_circle:CC:14,balcony_circle,side_even,CC,14,BC1,112,26.85,53.5,96.7,117.0,102.4,14.4,-22.5,none,0.0,,0.0,20.5,112.5,False,31.5,0.58,1.0,True,True,-10.8,65.3
balcony_circle:CC:16,balcony_circle,side_even,CC,16,BC1,112,28.54,53.5,96.26,117.0,102.5,15.3,-22.5,none,0.0,,0.0,20.5,112.5,False,31.5,0.58,0.99,True,True,-10.8,64.4
balcony_circle:CC:18,balcony_circle,side_even,CC,18,BC1,112,30.23,53.5,95.8,117.0,102.6,16.2,-22.5,none,0.0,,0.0,20.5,112.5,False,31.5,0.58,0.98,True,True,-10.8,62.9
balcony_circle:CC:20,balcony_circle,side_even,CC,20,BC1,112,31.91,53.5,95.3,117.0,102.7,17.2,-22.5,none,0.0,,0.0,20.5,112.5,False,31.5,0.58,0.97,True,True,-10.8,61.3
balcony_circle:CC:22,balcony_circle,side_even,CC,22,BC1,112,33.58,53.5,94.78,117.0,102.8,18.1,-22.5,none,0.0,,0.0,20.5,112.5,False,31.5,0.58,0.96,True,True,-10.8,59.8
balcony_circle:CC:24,balcony_circle,side_even,CC,24,BC1,112,35.24,53.5,94.23,117.0,102.9,19.0,-22.5,none,0.0,,0.0,20.5,112.5,False,31.5,0.58,0.95,True,True,-10.8,58.3
balcony_circle:CC:25,balcony_circle,far_odd,CC,25,BC2,80,-40.17,53.5,92.43,117.0,103.4,21.8,-22.5,none,0.0,,0.0,20.5,112.5,False,31.5,0.58,0.93,True,True,-10.8,54.3
balcony_circle:CC:27,balcony_circle,far_odd,CC,27,BC2,80,-41.8,53.5,91.78,117.1,103.5,22.7,-22.4,none,0.0,,0.0,20.5,112.4,False,31.5,0.58,0.92,True,True,-10.8,52.7
balcony_circle:CC:29,balcony_circle,far_odd,CC,29,BC2,80,-43.41,53.5,91.1,117.1,103.7,23.7,-22.4,none,0.0,,0.0,20.5,112.4,False,31.5,0.67,0.91,True,True,-10.8,51.9
balcony_circle:CC:31,balcony_circle,far_odd,CC,31,BC2,80,-45.01,53.5,90.4,117.1,103.8,24.6,-22.4,none,0.0,,0.0,20.5,112.4,False,31.5,0.67,0.9,True,True,-10.8,50.4
balcony_circle:CC:33,balcony_circle,far_odd,CC,33,BC2,80,-46.61,53.5,89.67,117.1,104.0,25.5,-22.4,none,0.0,,0.0,20.5,112.4,False,31.5,0.67,0.89,True,True,-10.8,48.9
balcony_circle:CC:35,balcony_circle,far_odd,CC,35,BC2,80,-48.18,53.5,88.92,117.1,104.2,26.4,-22.4,none,0.0,,0.0,20.5,112.4,False,31.5,0.67,0.88,True,True,-10.8,47.4
balcony_circle:CC:37,balcony_circle,far_odd,CC,37,BC2,80,-49.75,53.5,88.14,117.1,104.3,27.4,-22.4,none,0.0,,0.0,20.5,112.4,False,31.5,0.67,0.87,True,True,-10.8,45.8
balcony_circle:CC:39,balcony_circle,far_odd,CC,39,BC2,80,-51.31,53.5,87.34,117.1,104.5,28.3,-22.4,none,0.0,,0.0,20.5,112.4,False,31.5,0.67,0.86,True,True,-10.8,44.3
balcony_circle:CC:41,balcony_circle,far_odd,CC,41,BC2,80,-52.85,53.5,86.51,117.1,104.7,29.2,-22.4,none,0.0,,0.0,20.5,112.4,False,31.5,0.67,0.85,True,True,-10.8,42.8
balcony_circle:CC:26,balcony_circle,far_even,CC,26,BC2,80,40.17,53.5,92.43,117.0,103.4,21.8,-22.5,none,0.0,,0.0,20.5,112.5,False,31.5,0.58,0.93,True,True,-10.8,54.3
balcony_circle:CC:28,balcony_circle,far_even,CC,28,BC2,80,41.8,53.5,91.78,117.1,103.5,22.7,-22.4,none,0.0,,0.0,20.5,112.4,False,31.5,0.58,0.92,True,True,-10.8,52.7
balcony_circle:CC:30,balcony_circle,far_even,CC,30,BC2,80,43.41,53.5,91.1,117.1,103.7,23.7,-22.4,none,0.0,,0.0,20.5,112.4,False,31.5,0.67,0.91,True,True,-10.8,51.9
balcony_circle:CC:32,balcony_circle,far_even,CC,32,BC2,80,45.01,53.5,90.4,117.1,103.8,24.6,-22.4,none,0.0,,0.0,20.5,112.4,False,31.5,0.67,0.9,True,True,-10.8,50.4
balcony_circle:CC:34,balcony_circle,far_even,CC,34,BC2,80,46.61,53.5,89.67,117.1,104.0,25.5,-22.4,none,0.0,,0.0,20.5,112.4,False,31.5,0.67,0.89,True,True,-10.8,48.9
balcony_circle:CC:36,balcony_circle,far_even,CC,36,BC2,80,48.18,53.5,88.92,117.1,104.2,26.4,-22.4,none,0.0,,0.0,20.5,112.4,False,31.5,0.67,0.88,True,True,-10.8,47.4
balcony_circle:CC:38,balcony_circle,far_even,CC,38,BC2,80,49.75,53.5,88.14,117.1,104.3,27.4,-22.4,none,0.0,,0.0,20.5,112.4,False,31.5,0.67,0.87,True,True,-10.8,45.8
balcony_circle:CC:40,balcony_circle,far_even,CC,40,BC2,80,51.31,53.5,87.34,117.1,104.5,28.3,-22.4,none,0.0,,0.0,20.5,112.4,False,31.5,0.67,0.86,True,True,-10.8,44.3
balcony_circle:CC:42,balcony_circle,far_even,CC,42,BC2,80,52.85,53.5,86.51,117.1,104.7,29.2,-22.4,none,0.0,,0.0,20.5,112.4,False,31.5,0.67,0.85,True,True,-10.8,42.8
balcony_circle:DD:101,balcony_circle,center,DD,101,BC1,112,-10.48,54.8,102.39,120.1,104.8,5.4,-22.5,none,0.0,,0.0,19.2,112.5,False,31.5,0.58,1.0,True,True,-11.0,63.8
balcony_circle:DD:102,balcony_circle,center,DD,102,BC1,112,-8.74,54.8,102.54,120.0,104.8,4.5,-22.5,none,0.0,,0.0,19.2,112.5,False,31.5,0.58,1.0,True,True,-11.0,63.8
balcony_circle:DD:103,balcony_circle,center,DD,103,BC1,112,-7.0,54.8,102.66,120.0,104.7,3.6,-22.5,none,0.0,,0.0,19.2,112.5,False,31.5,0.58,1.0,True,True,-11.0,63.8
balcony_circle:DD:104,balcony_circle,center,DD,104,BC1,112,-5.25,54.8,102.76,120.0,104.7,2.7,-22.5,none,0.0,,0.0,19.2,112.5,False,31.5,0.58,1.0,True,True,-11.0,63.8
balcony_circle:DD:105,balcony_circle,center,DD,105,BC1,112,-3.5,54.8,102.83,120.0,104.7,1.8,-22.5,none,0.0,,0.0,19.2,112.5,False,31.5,0.58,1.0,True,True,-11.0,63.8
balcony_circle:DD:106,balcony_circle,center,DD,106,BC1,112,-1.75,54.8,102.87,120.0,104.7,0.9,-22.5,none,0.0,,0.0,19.2,112.5,False,31.5,0.58,1.0,True,True,-11.0,63.8
balcony_circle:DD:107,balcony_circle,center,DD,107,BC1,112,0.0,54.8,102.88,120.0,104.7,0.0,-22.5,none,0.0,,0.0,19.2,112.5,False,31.5,0.58,1.0,True,True,-11.0,63.8
balcony_circle:DD:108,balcony_circle,center,DD,108,BC1,112,1.75,54.8,102.87,120.0,104.7,0.9,-22.5,none,0.0,,0.0,19.2,112.5,False,31.5,0.58,1.0,True,True,-11.0,63.8
balcony_circle:DD:109,balcony_circle,center,DD,109,BC1,112,3.5,54.8,102.83,120.0,104.7,1.8,-22.5,none,0.0,,0.0,19.2,112.5,False,31.5,0.58,1.0,True,True,-11.0,63.8
balcony_circle:DD:110,balcony_circle,center,DD,110,BC1,112,5.25,54.8,102.76,120.0,104.7,2.7,-22.5,none,0.0,,0.0,19.2,112.5,False,31.5,0.58,1.0,True,True,-11.0,63.8
balcony_circle:DD:111,balcony_circle,center,DD,111,BC1,112,7.0,54.8,102.66,120.0,104.7,3.6,-22.5,none,0.0,,0.0,19.2,112.5,False,31.5,0.58,1.0,True,True,-11.0,63.8
balcony_circle:DD:112,balcony_circle,center,DD,112,BC1,112,8.74,54.8,102.54,120.0,104.8,4.5,-22.5,none,0.0,,0.0,19.2,112.5,False,31.5,0.58,1.0,True,True,-11.0,63.8
balcony_circle:DD:113,balcony_circle,center,DD,113,BC1,112,10.48,54.8,102.39,120.1,104.8,5.4,-22.5,none,0.0,,0.0,19.2,112.5,False,31.5,0.58,1.0,True,True,-11.0,63.8
balcony_circle:DD:1,balcony_circle,side_odd,DD,1,BC1,112,-16.56,54.8,101.66,120.1,105.0,8.6,-22.5,none,0.0,,0.0,19.2,112.5,False,31.5,0.58,1.0,True,True,-11.0,63.8
balcony_circle:DD:3,balcony_circle,side_odd,DD,3,BC1,112,-18.29,54.8,101.39,120.1,105.0,9.5,-22.5,none,0.0,,0.0,19.2,112.5,False,31.5,0.58,1.0,True,True,-11.0,63.8
balcony_circle:DD:5,balcony_circle,side_odd,DD,5,BC1,112,-20.02,54.8,101.09,120.1,105.1,10.4,-22.5,none,0.0,,0.0,19.2,112.5,False,31.5,0.58,1.0,True,True,-11.0,63.8
balcony_circle:DD:7,balcony_circle,side_odd,DD,7,BC1,112,-21.74,54.8,100.77,120.1,105.2,11.3,-22.5,none,0.0,,0.0,19.2,112.5,False,31.5,0.58,1.0,True,True,-11.0,63.8
balcony_circle:DD:9,balcony_circle,side_odd,DD,9,BC1,112,-23.45,54.8,100.42,120.1,105.2,12.2,-22.5,none,0.0,,0.0,19.2,112.5,False,31.5,0.58,1.0,True,True,-11.0,63.8
balcony_circle:DD:11,balcony_circle,side_odd,DD,11,BC1,112,-25.16,54.8,100.04,120.1,105.3,13.1,-22.5,none,0.0,,0.0,19.2,112.5,False,31.5,0.58,1.0,True,True,-11.0,63.8
balcony_circle:DD:13,balcony_circle,side_odd,DD,13,BC1,112,-26.86,54.8,99.64,120.1,105.4,14.0,-22.5,none,0.0,,0.0,19.2,112.5,False,31.5,0.58,1.0,True,True,-11.0,63.8
balcony_circle:DD:15,balcony_circle,side_odd,DD,15,BC1,112,-28.56,54.8,99.21,120.1,105.5,14.9,-22.5,none,0.0,,0.0,19.2,112.5,False,31.5,0.58,0.99,True,True,-11.0,63.2
balcony_circle:DD:17,balcony_circle,side_odd,DD,17,BC1,112,-30.25,54.8,98.75,120.1,105.6,15.8,-22.5,none,0.0,,0.0,19.2,112.5,False,31.5,0.58,0.98,True,True,-11.0,61.8
balcony_circle:DD:19,balcony_circle,side_odd,DD,19,BC1,112,-31.93,54.8,98.27,120.1,105.7,16.7,-22.5,none,0.0,,0.0,19.2,112.5,False,31.5,0.58,0.97,True,True,-11.0,60.3
balcony_circle:DD:21,balcony_circle,side_odd,DD,21,BC1,112,-33.61,54.8,97.76,120.1,105.8,17.6,-22.5,none,0.0,,0.0,19.2,112.5,False,31.5,0.58,0.96,True,True,-11.0,58.8
balcony_circle:DD:23,balcony_circle,side_odd,DD,23,BC1,112,-35.27,54.8,97.23,120.1,106.0,18.5,-22.5,none,0.0,,0.0,19.2,112.5,False,31.5,0.58,0.95,True,True,-11.0,57.3
balcony_circle:DD:2,balcony_circle,side_even,DD,2,BC1,112,16.56,54.8,101.66,120.1,105.0,8.6,-22.5,none,0.0,,0.0,19.2,112.5,False,31.5,0.58,1.0,True,True,-11.0,63.8
balcony_circle:DD:4,balcony_circle,side_even,DD,4,BC1,112,18.29,54.8,101.39,120.1,105.0,9.5,-22.5,none,0.0,,0.0,19.2,112.5,False,31.5,0.58,1.0,True,True,-11.0,63.8
balcony_circle:DD:6,balcony_circle,side_even,DD,6,BC1,112,20.02,54.8,101.09,120.1,105.1,10.4,-22.5,none,0.0,,0.0,19.2,112.5,False,31.5,0.58,1.0,True,True,-11.0,63.8
balcony_circle:DD:8,balcony_circle,side_even,DD,8,BC1,112,21.74,54.8,100.77,120.1,105.2,11.3,-22.5,none,0.0,,0.0,19.2,112.5,False,31.5,0.58,1.0,True,True,-11.0,63.8
balcony_circle:DD:10,balcony_circle,side_even,DD,10,BC1,112,23.45,54.8,100.42,120.1,105.2,12.2,-22.5,none,0.0,,0.0,19.2,112.5,False,31.5,0.58,1.0,True,True,-11.0,63.8
balcony_circle:DD:12,balcony_circle,side_even,DD,12,BC1,112,25.16,54.8,100.04,120.1,105.3,13.1,-22.5,none,0.0,,0.0,19.2,112.5,False,31.5,0.58,1.0,True,True,-11.0,63.8
balcony_circle:DD:14,balcony_circle,side_even,DD,14,BC1,112,26.86,54.8,99.64,120.1,105.4,14.0,-22.5,none,0.0,,0.0,19.2,112.5,False,31.5,0.58,1.0,True,True,-11.0,63.8
balcony_circle:DD:16,balcony_circle,side_even,DD,16,BC1,112,28.56,54.8,99.21,120.1,105.5,14.9,-22.5,none,0.0,,0.0,19.2,112.5,False,31.5,0.58,0.99,True,True,-11.0,63.2
balcony_circle:DD:18,balcony_circle,side_even,DD,18,BC1,112,30.25,54.8,98.75,120.1,105.6,15.8,-22.5,none,0.0,,0.0,19.2,112.5,False,31.5,0.58,0.98,True,True,-11.0,61.8
balcony_circle:DD:20,balcony_circle,side_even,DD,20,BC1,112,31.93,54.8,98.27,120.1,105.7,16.7,-22.5,none,0.0,,0.0,19.2,112.5,False,31.5,0.58,0.97,True,True,-11.0,60.3
balcony_circle:DD:22,balcony_circle,side_even,DD,22,BC1,112,33.61,54.8,97.76,120.1,105.8,17.6,-22.5,none,0.0,,0.0,19.2,112.5,False,31.5,0.58,0.96,True,True,-11.0,58.8
balcony_circle:DD:24,balcony_circle,side_even,DD,24,BC1,112,35.27,54.8,97.23,120.1,106.0,18.5,-22.5,none,0.0,,0.0,19.2,112.5,False,31.5,0.58,0.95,True,True,-11.0,57.3
balcony_circle:DD:25,balcony_circle,far_odd,DD,25,BC2,80,-40.22,54.8,95.47,120.2,106.4,21.2,-22.5,none,0.0,,0.0,19.2,112.5,False,31.5,0.58,0.93,True,True,-11.0,53.3
balcony_circle:DD:27,balcony_circle,far_odd,DD,27,BC2,80,-41.85,54.8,94.83,120.2,106.5,22.1,-22.5,none,0.0,,0.0,19.2,112.5,False,31.5,0.58,0.92,True,True,-11.0,51.8
balcony_circle:DD:29,balcony_circle,far_odd,DD,29,BC2,80,-43.47,54.8,94.17,120.2,106.7,23.0,-22.5,none,0.0,,0.0,19.2,112.5,False,31.5,0.58,0.91,True,True,-11.0,50.3
balcony_circle:DD:31,balcony_circle,far_odd,DD,31,BC2,80,-45.08,54.8,93.49,120.2,106.8,24.0,-22.5,none,0.0,,0.0,19.2,112.5,False,31.5,0.67,0.9,True,True,-11.0,49.5
balcony_circle:DD:33,balcony_circle,far_odd,DD,33,BC2,80,-46.68,54.8,92.78,120.2,107.0,24.9,-22.5,none,0.0,,0.0,19.2,112.5,False,31.5,0.67,0.89,True,True,-11.0,48.0
balcony_circle:DD:35,balcony_circle,far_odd,DD,35,BC2,80,-48.27,54.8,92.04,120.2,107.1,25.8,-22.5,none,0.0,,0.0,19.2,112.5,False,31.5,0.67,0.88,True,True,-11.0,46.5
balcony_circle:DD:37,balcony_circle,far_odd,DD,37,BC2,80,-49.84,54.8,91.28,120.2,107.3,26.7,-22.5,none,0.0,,0.0,19.2,112.5,False,31.5,0.67,0.87,True,True,-11.0,45.0
balcony_circle:DD:39,balcony_circle,far_odd,DD,39,BC2,80,-51.41,54.8,90.49,120.2,107.5,27.6,-22.5,none,0.0,,0.0,19.2,112.5,False,31.5,0.67,0.87,True,True,-11.0,44.1
balcony_circle:DD:41,balcony_circle,far_odd,DD,41,BC2,80,-52.96,54.8,89.69,120.3,107.7,28.5,-22.5,none,0.0,,0.0,19.2,112.5,False,31.5,0.67,0.86,True,True,-11.0,42.5
balcony_circle:DD:26,balcony_circle,far_even,DD,26,BC2,80,40.22,54.8,95.47,120.2,106.4,21.2,-22.5,none,0.0,,0.0,19.2,112.5,False,31.5,0.58,0.93,True,True,-11.0,53.3
balcony_circle:DD:28,balcony_circle,far_even,DD,28,BC2,80,41.85,54.8,94.83,120.2,106.5,22.1,-22.5,none,0.0,,0.0,19.2,112.5,False,31.5,0.58,0.92,True,True,-11.0,51.8
balcony_circle:DD:30,balcony_circle,far_even,DD,30,BC2,80,43.47,54.8,94.17,120.2,106.7,23.0,-22.5,none,0.0,,0.0,19.2,112.5,False,31.5,0.58,0.91,True,True,-11.0,50.3
balcony_circle:DD:32,balcony_circle,far_even,DD,32,BC2,80,45.08,54.8,93.49,120.2,106.8,24.0,-22.5,none,0.0,,0.0,19.2,112.5,False,31.5,0.67,0.9,True,True,-11.0,49.5
balcony_circle:DD:34,balcony_circle,far_even,DD,34,BC2,80,46.68,54.8,92.78,120.2,107.0,24.9,-22.5,none,0.0,,0.0,19.2,112.5,False,31.5,0.67,0.89,True,True,-11.0,48.0
balcony_circle:DD:36,balcony_circle,far_even,DD,36,BC2,80,48.27,54.8,92.04,120.2,107.1,25.8,-22.5,none,0.0,,0.0,19.2,112.5,False,31.5,0.67,0.88,True,True,-11.0,46.5
balcony_circle:DD:38,balcony_circle,far_even,DD,38,BC2,80,49.84,54.8,91.28,120.2,107.3,26.7,-22.5,none,0.0,,0.0,19.2,112.5,False,31.5,0.67,0.87,True,True,-11.0,45.0
balcony_circle:DD:40,balcony_circle,far_even,DD,40,BC2,80,51.41,54.8,90.49,120.2,107.5,27.6,-22.5,none,0.0,,0.0,19.2,112.5,False,31.5,0.67,0.87,True,True,-11.0,44.1
balcony_circle:DD:42,balcony_circle,far_even,DD,42,BC2,80,52.96,54.8,89.69,120.3,107.7,28.5,-22.5,none,0.0,,0.0,19.2,112.5,False,31.5,0.67,0.86,True,True,-11.0,42.5
balcony_circle:EE:101,balcony_circle,center,EE,101,BC1,112,-11.36,56.1,105.17,123.2,107.9,5.7,-22.6,none,0.0,,0.0,17.9,112.6,False,31.5,0.58,1.0,True,True,-11.2,62.3
balcony_circle:EE:102,balcony_circle,center,EE,102,BC1,112,-9.61,56.1,105.33,123.2,107.9,4.8,-22.6,none,0.0,,0.0,17.9,112.6,False,31.5,0.58,1.0,True,True,-11.2,62.3
balcony_circle:EE:103,balcony_circle,center,EE,103,BC1,112,-7.87,56.1,105.46,123.2,107.8,4.0,-22.6,none,0.0,,0.0,17.9,112.6,False,31.5,0.58,1.0,True,True,-11.2,62.3
balcony_circle:EE:104,balcony_circle,center,EE,104,BC1,112,-6.12,56.1,105.57,123.2,107.8,3.1,-22.6,none,0.0,,0.0,17.9,112.6,False,31.5,0.58,1.0,True,True,-11.2,62.3
balcony_circle:EE:105,balcony_circle,center,EE,105,BC1,112,-4.37,56.1,105.65,123.2,107.8,2.2,-22.6,none,0.0,,0.0,17.9,112.6,False,31.5,0.58,1.0,True,True,-11.2,62.3
balcony_circle:EE:106,balcony_circle,center,EE,106,BC1,112,-2.62,56.1,105.7,123.2,107.8,1.3,-22.6,none,0.0,,0.0,17.9,112.6,False,31.5,0.58,1.0,True,True,-11.2,62.3
balcony_circle:EE:107,balcony_circle,center,EE,107,BC1,112,-0.87,56.1,105.73,123.2,107.8,0.4,-22.6,none,0.0,,0.0,17.9,112.6,False,31.5,0.58,1.0,True,True,-11.2,62.3
balcony_circle:EE:108,balcony_circle,center,EE,108,BC1,112,0.87,56.1,105.73,123.2,107.8,0.4,-22.6,none,0.0,,0.0,17.9,112.6,False,31.5,0.58,1.0,True,True,-11.2,62.3
balcony_circle:EE:109,balcony_circle,center,EE,109,BC1,112,2.62,56.1,105.7,123.2,107.8,1.3,-22.6,none,0.0,,0.0,17.9,112.6,False,31.5,0.58,1.0,True,True,-11.2,62.3
balcony_circle:EE:110,balcony_circle,center,EE,110,BC1,112,4.37,56.1,105.65,123.2,107.8,2.2,-22.6,none,0.0,,0.0,17.9,112.6,False,31.5,0.58,1.0,True,True,-11.2,62.3
balcony_circle:EE:111,balcony_circle,center,EE,111,BC1,112,6.12,56.1,105.57,123.2,107.8,3.1,-22.6,none,0.0,,0.0,17.9,112.6,False,31.5,0.58,1.0,True,True,-11.2,62.3
balcony_circle:EE:112,balcony_circle,center,EE,112,BC1,112,7.87,56.1,105.46,123.2,107.8,4.0,-22.6,none,0.0,,0.0,17.9,112.6,False,31.5,0.58,1.0,True,True,-11.2,62.3
balcony_circle:EE:113,balcony_circle,center,EE,113,BC1,112,9.61,56.1,105.33,123.2,107.9,4.8,-22.6,none,0.0,,0.0,17.9,112.6,False,31.5,0.58,1.0,True,True,-11.2,62.3
balcony_circle:EE:114,balcony_circle,center,EE,114,BC1,112,11.36,56.1,105.17,123.2,107.9,5.7,-22.6,none,0.0,,0.0,17.9,112.6,False,31.5,0.58,1.0,True,True,-11.2,62.3
balcony_circle:EE:1,balcony_circle,side_odd,EE,1,BC1,112,-16.57,56.1,104.54,123.2,108.1,8.4,-22.6,none,0.0,,0.0,17.9,112.6,False,31.5,0.58,1.0,True,True,-11.2,62.3
balcony_circle:EE:3,balcony_circle,side_odd,EE,3,BC1,112,-18.3,56.1,104.27,123.2,108.1,9.3,-22.6,none,0.0,,0.0,17.9,112.6,False,31.5,0.58,1.0,True,True,-11.2,62.3
balcony_circle:EE:5,balcony_circle,side_odd,EE,5,BC1,112,-20.02,56.1,103.98,123.2,108.2,10.1,-22.6,none,0.0,,0.0,17.9,112.6,False,31.5,0.58,1.0,True,True,-11.2,62.3
balcony_circle:EE:7,balcony_circle,side_odd,EE,7,BC1,112,-21.74,56.1,103.67,123.2,108.2,11.0,-22.6,none,0.0,,0.0,17.9,112.6,False,31.5,0.58,1.0,True,True,-11.2,62.3
balcony_circle:EE:9,balcony_circle,side_odd,EE,9,BC1,112,-23.46,56.1,103.33,123.2,108.3,11.9,-22.6,none,0.0,,0.0,17.9,112.6,False,31.5,0.58,1.0,True,True,-11.2,62.3
balcony_circle:EE:11,balcony_circle,side_odd,EE,11,BC1,112,-25.17,56.1,102.96,123.2,108.4,12.8,-22.6,none,0.0,,0.0,17.9,112.6,False,31.5,0.58,1.0,True,True,-11.2,62.3
balcony_circle:EE:13,balcony_circle,side_odd,EE,13,BC1,112,-26.88,56.1,102.57,123.2,108.5,13.7,-22.6,none,0.0,,0.0,17.9,112.6,False,31.5,0.58,1.0,True,True,-11.2,62.3
balcony_circle:EE:15,balcony_circle,side_odd,EE,15,BC1,112,-28.58,56.1,102.15,123.2,108.6,14.5,-22.6,none,0.0,,0.0,17.9,112.6,False,31.5,0.58,0.99,True,True,-11.2,61.7
balcony_circle:EE:17,balcony_circle,side_odd,EE,17,BC1,112,-30.27,56.1,101.7,123.2,108.7,15.4,-22.6,none,0.0,,0.0,17.9,112.6,False,31.5,0.58,0.98,True,True,-11.2,60.7
balcony_circle:EE:19,balcony_circle,side_odd,EE,19,BC1,112,-31.95,56.1,101.23,123.2,108.8,16.3,-22.6,none,0.0,,0.0,17.9,112.6,False,31.5,0.58,0.97,True,True,-11.2,59.2
balcony_circle:EE:21,balcony_circle,side_odd,EE,21,BC1,112,-33.63,56.1,100.74,123.3,108.9,17.2,-22.6,none,0.0,,0.0,17.9,112.6,False,31.5,0.58,0.96,True,True,-11.2,57.7
balcony_circle:EE:23,balcony_circle,side_odd,EE,23,BC1,112,-35.3,56.1,100.21,123.3,109.0,18.1,-22.6,none,0.0,,0.0,17.9,112.6,False,31.5,0.58,0.96,True,True,-11.2,56.8
balcony_circle:EE:2,balcony_circle,side_even,EE,2,BC1,112,16.57,56.1,104.54,123.2,108.1,8.4,-22.6,none,0.0,,0.0,17.9,112.6,False,31.5,0.58,1.0,True,True,-11.2,62.3
balcony_circle:EE:4,balcony_circle,side_even,EE,4,BC1,112,18.3,56.1,104.27,123.2,108.1,9.3,-22.6,none,0.0,,0.0,17.9,112.6,False,31.5,0.58,1.0,True,True,-11.2,62.3
balcony_circle:EE:6,balcony_circle,side_even,EE,6,BC1,112,20.02,56.1,103.98,123.2,108.2,10.1,-22.6,none,0.0,,0.0,17.9,112.6,False,31.5,0.58,1.0,True,True,-11.2,62.3
balcony_circle:EE:8,balcony_circle,side_even,EE,8,BC1,112,21.74,56.1,103.67,123.2,108.2,11.0,-22.6,none,0.0,,0.0,17.9,112.6,False,31.5,0.58,1.0,True,True,-11.2,62.3
balcony_circle:EE:10,balcony_circle,side_even,EE,10,BC1,112,23.46,56.1,103.33,123.2,108.3,11.9,-22.6,none,0.0,,0.0,17.9,112.6,False,31.5,0.58,1.0,True,True,-11.2,62.3
balcony_circle:EE:12,balcony_circle,side_even,EE,12,BC1,112,25.17,56.1,102.96,123.2,108.4,12.8,-22.6,none,0.0,,0.0,17.9,112.6,False,31.5,0.58,1.0,True,True,-11.2,62.3
balcony_circle:EE:14,balcony_circle,side_even,EE,14,BC1,112,26.88,56.1,102.57,123.2,108.5,13.7,-22.6,none,0.0,,0.0,17.9,112.6,False,31.5,0.58,1.0,True,True,-11.2,62.3
balcony_circle:EE:16,balcony_circle,side_even,EE,16,BC1,112,28.58,56.1,102.15,123.2,108.6,14.5,-22.6,none,0.0,,0.0,17.9,112.6,False,31.5,0.58,0.99,True,True,-11.2,61.7
balcony_circle:EE:18,balcony_circle,side_even,EE,18,BC1,112,30.27,56.1,101.7,123.2,108.7,15.4,-22.6,none,0.0,,0.0,17.9,112.6,False,31.5,0.58,0.98,True,True,-11.2,60.7
balcony_circle:EE:20,balcony_circle,side_even,EE,20,BC1,112,31.95,56.1,101.23,123.2,108.8,16.3,-22.6,none,0.0,,0.0,17.9,112.6,False,31.5,0.58,0.97,True,True,-11.2,59.2
balcony_circle:EE:22,balcony_circle,side_even,EE,22,BC1,112,33.63,56.1,100.74,123.3,108.9,17.2,-22.6,none,0.0,,0.0,17.9,112.6,False,31.5,0.58,0.96,True,True,-11.2,57.7
balcony_circle:EE:24,balcony_circle,side_even,EE,24,BC1,112,35.3,56.1,100.21,123.3,109.0,18.1,-22.6,none,0.0,,0.0,17.9,112.6,False,31.5,0.58,0.96,True,True,-11.2,56.8
balcony_circle:EE:25,balcony_circle,far_odd,EE,25,BC2,80,-40.26,56.1,98.5,123.3,109.4,20.7,-22.6,none,0.0,,0.0,17.9,112.6,False,31.5,0.58,0.93,True,True,-11.2,52.4
balcony_circle:EE:27,balcony_circle,far_odd,EE,27,BC2,80,-41.9,56.1,97.88,123.3,109.5,21.6,-22.6,none,0.0,,0.0,17.9,112.6,False,31.5,0.58,0.92,True,True,-11.2,50.9
balcony_circle:EE:29,balcony_circle,far_odd,EE,29,BC2,80,-43.53,56.1,97.23,123.3,109.7,22.5,-22.6,none,0.0,,0.0,17.9,112.6,False,31.5,0.58,0.91,True,True,-11.2,49.4
balcony_circle:EE:31,balcony_circle,far_odd,EE,31,BC2,80,-45.14,56.1,96.56,123.3,109.8,23.4,-22.6,none,0.0,,0.0,17.9,112.6,False,31.5,0.58,0.9,True,True,-11.2,47.9
balcony_circle:EE:33,balcony_circle,far_odd,EE,33,BC2,80,-46.75,56.1,95.87,123.3,110.0,24.2,-22.6,none,0.0,,0.0,17.9,112.6,False,31.5,0.58,0.9,True,True,-11.2,47.1
balcony_circle:EE:35,balcony_circle,far_odd,EE,35,BC2,80,-48.35,56.1,95.15,123.3,110.1,25.1,-22.5,none,0.0,,0.0,17.9,112.5,False,31.5,0.67,0.89,True,True,-11.2,46.3
balcony_circle:EE:37,balcony_circle,far_odd,EE,37,BC2,80,-49.93,56.1,94.41,123.4,110.3,26.0,-22.5,none,0.0,,0.0,17.9,112.5,False,31.5,0.67,0.88,True,True,-11.2,44.7
balcony_circle:EE:39,balcony_circle,far_odd,EE,39,BC2,80,-51.5,56.1,93.64,123.4,110.4,26.9,-22.5,none,0.0,,0.0,17.9,112.5,False,31.5,0.67,0.87,True,True,-11.2,43.2
balcony_circle:EE:41,balcony_circle,far_odd,EE,41,BC2,80,-53.06,56.1,92.85,123.4,110.6,27.8,-22.5,none,0.0,,0.0,17.9,112.5,False,31.5,0.67,0.86,True,True,-11.2,41.7
balcony_circle:EE:26,balcony_circle,far_even,EE,26,BC2,80,40.26,56.1,98.5,123.3,109.4,20.7,-22.6,none,0.0,,0.0,17.9,112.6,False,31.5,0.58,0.93,True,True,-11.2,52.4
balcony_circle:EE:28,balcony_circle,far_even,EE,28,BC2,80,41.9,56.1,97.88,123.3,109.5,21.6,-22.6,none,0.0,,0.0,17.9,112.6,False,31.5,0.58,0.92,True,True,-11.2,50.9
balcony_circle:EE:30,balcony_circle,far_even,EE,30,BC2,80,43.53,56.1,97.23,123.3,109.7,22.5,-22.6,none,0.0,,0.0,17.9,112.6,False,31.5,0.58,0.91,True,True,-11.2,49.4
balcony_circle:EE:32,balcony_circle,far_even,EE,32,BC2,80,45.14,56.1,96.56,123.3,109.8,23.4,-22.6,none,0.0,,0.0,17.9,112.6,False,31.5,0.58,0.9,True,True,-11.2,47.9
balcony_circle:EE:34,balcony_circle,far_even,EE,34,BC2,80,46.75,56.1,95.87,123.3,110.0,24.2,-22.6,none,0.0,,0.0,17.9,112.6,False,31.5,0.58,0.9,True,True,-11.2,47.1
balcony_circle:EE:36,balcony_circle,far_even,EE,36,BC2,80,48.35,56.1,95.15,123.3,110.1,25.1,-22.5,none,0.0,,0.0,17.9,112.5,False,31.5,0.67,0.89,True,True,-11.2,46.3
balcony_circle:EE:38,balcony_circle,far_even,EE,38,BC2,80,49.93,56.1,94.41,123.4,110.3,26.0,-22.5,none,0.0,,0.0,17.9,112.5,False,31.5,0.67,0.88,True,True,-11.2,44.7
balcony_circle:EE:40,balcony_circle,far_even,EE,40,BC2,80,51.5,56.1,93.64,123.4,110.4,26.9,-22.5,none,0.0,,0.0,17.9,112.5,False,31.5,0.67,0.87,True,True,-11.2,43.2
balcony_circle:EE:42,balcony_circle,far_even,EE,42,BC2,80,53.06,56.1,92.85,123.4,110.6,27.8,-22.5,none,0.0,,0.0,17.9,112.5,False,31.5,0.67,0.86,True,True,-11.2,41.7
balcony:A:101,balcony,center_odd,A,101,BAL1,72,-0.85,58.1,109.73,127.6,112.2,0.4,-22.7,none,0.0,,0.0,15.9,112.7,False,31.5,0.58,1.0,True,True,-11.5,60.2
balcony:A:103,balcony,center_odd,A,103,BAL1,72,-2.55,58.1,109.7,127.6,112.2,1.2,-22.7,none,0.0,,0.0,15.9,112.7,False,31.5,0.58,1.0,True,True,-11.5,60.2
balcony:A:105,balcony,center_odd,A,105,BAL1,72,-4.25,58.1,109.65,127.6,112.3,2.1,-22.7,none,0.0,,0.0,15.9,112.7,False,31.5,0.58,1.0,True,True,-11.5,60.2
balcony:A:107,balcony,center_odd,A,107,BAL1,72,-5.95,58.1,109.58,127.6,112.3,2.9,-22.7,none,0.0,,0.0,15.9,112.7,False,31.5,0.58,1.0,True,True,-11.5,60.2
balcony:A:109,balcony,center_odd,A,109,BAL1,72,-7.64,58.1,109.49,127.6,112.3,3.7,-22.7,none,0.0,,0.0,15.9,112.7,False,31.5,0.58,1.0,True,True,-11.5,60.2
balcony:A:111,balcony,center_odd,A,111,BAL1,72,-9.34,58.1,109.37,127.6,112.3,4.6,-22.7,none,0.0,,0.0,15.9,112.7,False,31.5,0.58,1.0,True,True,-11.5,60.2
balcony:A:113,balcony,center_odd,A,113,BAL1,72,-11.03,58.1,109.22,127.6,112.4,5.4,-22.7,none,0.0,,0.0,15.9,112.7,False,31.5,0.58,1.0,True,True,-11.5,60.2
balcony:A:115,balcony,center_odd,A,115,BAL1,72,-12.73,58.1,109.05,127.6,112.4,6.2,-22.7,none,0.0,,0.0,15.9,112.7,False,31.5,0.58,1.0,True,True,-11.5,60.2
balcony:A:125,balcony,center_odd,A,125,BAL1,72,-21.14,58.1,107.85,127.7,112.6,10.3,-22.7,none,0.0,,0.0,15.9,112.7,False,31.5,0.58,1.0,True,True,-11.5,60.1
balcony:A:127,balcony,center_odd,A,127,BAL1,72,-22.81,58.1,107.54,127.7,112.7,11.2,-22.7,none,0.0,,0.0,15.9,112.7,False,31.5,0.58,1.0,True,True,-11.5,60.1
balcony:A:102,balcony,center_even,A,102,BAL1,72,0.85,58.1,109.73,127.6,112.2,0.4,-22.7,none,0.0,,0.0,15.9,112.7,False,31.5,0.58,1.0,True,True,-11.5,60.2
balcony:A:104,balcony,center_even,A,104,BAL1,72,2.55,58.1,109.7,127.6,112.2,1.2,-22.7,none,0.0,,0.0,15.9,112.7,False,31.5,0.58,1.0,True,True,-11.5,60.2
balcony:A:106,balcony,center_even,A,106,BAL1,72,4.25,58.1,109.65,127.6,112.3,2.1,-22.7,none,0.0,,0.0,15.9,112.7,False,31.5,0.58,1.0,True,True,-11.5,60.2
balcony:A:108,balcony,center_even,A,108,BAL1,72,5.95,58.1,109.58,127.6,112.3,2.9,-22.7,none,0.0,,0.0,15.9,112.7,False,31.5,0.58,1.0,True,True,-11.5,60.2
balcony:A:110,balcony,center_even,A,110,BAL1,72,7.64,58.1,109.49,127.6,112.3,3.7,-22.7,none,0.0,,0.0,15.9,112.7,False,31.5,0.58,1.0,True,True,-11.5,60.2
balcony:A:112,balcony,center_even,A,112,BAL1,72,9.34,58.1,109.37,127.6,112.3,4.6,-22.7,none,0.0,,0.0,15.9,112.7,False,31.5,0.58,1.0,True,True,-11.5,60.2
balcony:A:114,balcony,center_even,A,114,BAL1,72,11.03,58.1,109.22,127.6,112.4,5.4,-22.7,none,0.0,,0.0,15.9,112.7,False,31.5,0.58,1.0,True,True,-11.5,60.2
balcony:A:116,balcony,center_even,A,116,BAL1,72,12.73,58.1,109.05,127.6,112.4,6.2,-22.7,none,0.0,,0.0,15.9,112.7,False,31.5,0.58,1.0,True,True,-11.5,60.2
balcony:A:126,balcony,center_even,A,126,BAL1,72,21.14,58.1,107.85,127.7,112.6,10.3,-22.7,none,0.0,,0.0,15.9,112.7,False,31.5,0.58,1.0,True,True,-11.5,60.1
balcony:A:128,balcony,center_even,A,128,BAL1,72,22.81,58.1,107.54,127.7,112.7,11.2,-22.7,none,0.0,,0.0,15.9,112.7,False,31.5,0.58,1.0,True,True,-11.5,60.1
balcony:A:1,balcony,side_odd,A,1,BAL1,72,-27.89,58.1,106.44,127.7,112.9,13.7,-22.7,none,0.0,,0.0,15.9,112.7,False,31.5,0.58,0.99,True,True,-11.5,59.5
balcony:A:3,balcony,side_odd,A,3,BAL1,72,-29.54,58.1,106.03,127.7,113.0,14.5,-22.7,none,0.0,,0.0,15.9,112.7,False,31.5,0.58,0.98,True,True,-11.5,58.9
balcony:A:5,balcony,side_odd,A,5,BAL1,72,-31.19,58.1,105.6,127.7,113.1,15.4,-22.7,none,0.0,,0.0,15.9,112.7,False,31.5,0.58,0.98,True,True,-11.5,58.5
balcony:A:7,balcony,side_odd,A,7,BAL1,72,-32.82,58.1,105.14,127.7,113.2,16.2,-22.7,none,0.0,,0.0,15.9,112.7,False,31.5,0.58,0.97,True,True,-11.5,57.1
balcony:A:9,balcony,side_odd,A,9,BAL1,72,-34.46,58.1,104.67,127.7,113.3,17.0,-22.7,none,0.0,,0.0,15.9,112.7,False,31.5,0.58,0.96,True,True,-11.5,55.7
balcony:A:11,balcony,side_odd,A,11,BAL2,48,-36.08,58.1,104.16,127.7,113.4,17.8,-22.7,none,0.0,,0.0,15.9,112.7,False,31.5,0.58,0.95,True,True,-11.5,54.3
balcony:A:13,balcony,side_odd,A,13,BAL2,48,-37.7,58.1,103.64,127.7,113.5,18.7,-22.7,none,0.0,,0.0,15.9,112.7,False,31.5,0.58,0.95,True,True,-11.5,53.4
balcony:A:15,balcony,side_odd,A,15,BAL2,48,-39.31,58.1,103.09,127.7,113.7,19.5,-22.7,none,0.0,,0.0,15.9,112.7,False,31.5,0.58,0.94,True,True,-11.5,52.0
balcony:A:17,balcony,side_odd,A,17,BAL2,48,-40.91,58.1,102.52,127.7,113.8,20.3,-22.7,none,0.0,,0.0,15.9,112.7,False,31.5,0.58,0.93,True,True,-11.5,50.6
balcony:A:19,balcony,side_odd,A,19,BAL2,48,-42.5,58.1,101.93,127.8,113.9,21.1,-22.7,none,0.0,,0.0,15.9,112.7,False,31.5,0.58,0.92,True,True,-11.5,49.2
balcony:A:2,balcony,side_even,A,2,BAL1,72,27.89,58.1,106.44,127.7,112.9,13.7,-22.7,none,0.0,,0.0,15.9,112.7,False,31.5,0.58,0.99,True,True,-11.5,59.5
balcony:A:4,balcony,side_even,A,4,BAL1,72,29.54,58.1,106.03,127.7,113.0,14.5,-22.7,none,0.0,,0.0,15.9,112.7,False,31.5,0.58,0.98,True,True,-11.5,58.9
balcony:A:6,balcony,side_even,A,6,BAL1,72,31.19,58.1,105.6,127.7,113.1,15.4,-22.7,none,0.0,,0.0,15.9,112.7,False,31.5,0.58,0.98,True,True,-11.5,58.5
balcony:A:8,balcony,side_even,A,8,BAL1,72,32.82,58.1,105.14,127.7,113.2,16.2,-22.7,none,0.0,,0.0,15.9,112.7,False,31.5,0.58,0.97,True,True,-11.5,57.1
balcony:A:10,balcony,side_even,A,10,BAL1,72,34.46,58.1,104.67,127.7,113.3,17.0,-22.7,none,0.0,,0.0,15.9,112.7,False,31.5,0.58,0.96,True,True,-11.5,55.7
balcony:A:12,balcony,side_even,A,12,BAL2,48,36.08,58.1,104.16,127.7,113.4,17.8,-22.7,none,0.0,,0.0,15.9,112.7,False,31.5,0.58,0.95,True,True,-11.5,54.3
balcony:A:14,balcony,side_even,A,14,BAL2,48,37.7,58.1,103.64,127.7,113.5,18.7,-22.7,none,0.0,,0.0,15.9,112.7,False,31.5,0.58,0.95,True,True,-11.5,53.4
balcony:A:16,balcony,side_even,A,16,BAL2,48,39.31,58.1,103.09,127.7,113.7,19.5,-22.7,none,0.0,,0.0,15.9,112.7,False,31.5,0.58,0.94,True,True,-11.5,52.0
balcony:A:18,balcony,side_even,A,18,BAL2,48,40.91,58.1,102.52,127.7,113.8,20.3,-22.7,none,0.0,,0.0,15.9,112.7,False,31.5,0.58,0.93,True,True,-11.5,50.6
balcony:A:20,balcony,side_even,A,20,BAL2,48,42.5,58.1,101.93,127.8,113.9,21.1,-22.7,none,0.0,,0.0,15.9,112.7,False,31.5,0.58,0.92,True,True,-11.5,49.2
balcony:A:21,balcony,far_odd,A,21,BAL3,30,-47.32,58.1,99.98,127.8,114.3,23.7,-22.7,none,0.0,,0.0,15.9,112.7,False,31.5,0.58,0.9,True,True,-11.5,45.4
balcony:A:23,balcony,far_odd,A,23,BAL3,30,-48.88,58.1,99.3,127.8,114.5,24.5,-22.7,none,0.0,,0.0,15.9,112.7,False,31.5,0.58,0.89,True,True,-11.5,44.0
balcony:A:25,balcony,far_odd,A,25,BAL3,30,-50.43,58.1,98.59,127.8,114.6,25.3,-22.7,none,0.0,,0.0,15.9,112.7,False,31.5,0.58,0.88,True,True,-11.5,42.6
balcony:A:27,balcony,far_odd,A,27,BAL3,30,-51.96,58.1,97.87,127.8,114.8,26.1,-22.7,none,0.0,,0.0,15.9,112.7,False,31.5,0.67,0.87,True,True,-11.5,41.9
balcony:A:29,balcony,far_odd,A,29,BAL3,30,-53.49,58.1,97.12,127.8,114.9,27.0,-22.7,none,0.0,,0.0,15.9,112.7,False,31.5,0.67,0.86,True,True,-11.5,40.4
balcony:A:22,balcony,far_even,A,22,BAL3,30,47.32,58.1,99.98,127.8,114.3,23.7,-22.7,none,0.0,,0.0,15.9,112.7,False,31.5,0.58,0.9,True,True,-11.5,45.4
balcony:A:24,balcony,far_even,A,24,BAL3,30,48.88,58.1,99.3,127.8,114.5,24.5,-22.7,none,0.0,,0.0,15.9,112.7,False,31.5,0.58,0.89,True,True,-11.5,44.0
balcony:A:26,balcony,far_even,A,26,BAL3,30,50.43,58.1,98.59,127.8,114.6,25.3,-22.7,none,0.0,,0.0,15.9,112.7,False,31.5,0.58,0.88,True,True,-11.5,42.6
balcony:A:28,balcony,far_even,A,28,BAL3,30,51.96,58.1,97.87,127.8,114.8,26.1,-22.7,none,0.0,,0.0,15.9,112.7,False,31.5,0.67,0.87,True,True,-11.5,41.9
balcony:A:30,balcony,far_even,A,30,BAL3,30,53.49,58.1,97.12,127.8,114.9,27.0,-22.7,none,0.0,,0.0,15.9,112.7,False,31.5,0.67,0.86,True,True,-11.5,40.4
balcony:B:101,balcony,center_odd,B,101,BAL1,72,-0.85,59.3,112.58,130.7,115.3,0.4,-22.7,none,0.0,,0.0,14.7,112.7,False,31.5,0.58,1.0,True,True,-11.7,58.7
balcony:B:103,balcony,center_odd,B,103,BAL1,72,-2.55,59.3,112.55,130.7,115.3,1.2,-22.7,none,0.0,,0.0,14.7,112.7,False,31.5,0.58,1.0,True,True,-11.7,58.7
balcony:B:105,balcony,center_odd,B,105,BAL1,72,-4.25,59.3,112.51,130.7,115.3,2.0,-22.7,none,0.0,,0.0,14.7,112.7,False,31.5,0.58,1.0,True,True,-11.7,58.7
balcony:B:107,balcony,center_odd,B,107,BAL1,72,-5.95,59.3,112.44,130.7,115.3,2.8,-22.7,none,0.0,,0.0,14.7,112.7,False,31.5,0.58,1.0,True,True,-11.7,58.7
balcony:B:109,balcony,center_odd,B,109,BAL1,72,-7.65,59.3,112.34,130.7,115.3,3.6,-22.7,none,0.0,,0.0,14.7,112.7,False,31.5,0.58,1.0,True,True,-11.7,58.7
balcony:B:111,balcony,center_odd,B,111,BAL1,72,-9.34,59.3,112.22,130.7,115.4,4.4,-22.7,none,0.0,,0.0,14.7,112.7,False,31.5,0.58,1.0,True,True,-11.7,58.7
balcony:B:113,balcony,center_odd,B,113,BAL1,72,-11.04,59.3,112.08,130.7,115.4,5.3,-22.7,none,0.0,,0.0,14.7,112.7,False,31.5,0.58,1.0,True,True,-11.7,58.7
balcony:B:115,balcony,center_odd,B,115,BAL1,72,-12.73,59.3,111.92,130.7,115.4,6.1,-22.7,none,0.0,,0.0,14.7,112.7,False,31.5,0.58,1.0,True,True,-11.7,58.7
balcony:B:125,balcony,center_odd,B,125,BAL1,72,-21.14,59.3,110.74,130.8,115.7,10.1,-22.7,none,0.0,,0.0,14.7,112.7,False,31.5,0.58,1.0,True,True,-11.7,58.7
balcony:B:127,balcony,center_odd,B,127,BAL1,72,-22.82,59.3,110.44,130.8,115.7,10.9,-22.7,none,0.0,,0.0,14.7,112.7,False,31.5,0.58,1.0,True,True,-11.7,58.7
balcony:B:102,balcony,center_even,B,102,BAL1,72,0.85,59.3,112.58,130.7,115.3,0.4,-22.7,none,0.0,,0.0,14.7,112.7,False,31.5,0.58,1.0,True,True,-11.7,58.7
balcony:B:104,balcony,center_even,B,104,BAL1,72,2.55,59.3,112.55,130.7,115.3,1.2,-22.7,none,0.0,,0.0,14.7,112.7,False,31.5,0.58,1.0,True,True,-11.7,58.7
balcony:B:106,balcony,center_even,B,106,BAL1,72,4.25,59.3,112.51,130.7,115.3,2.0,-22.7,none,0.0,,0.0,14.7,112.7,False,31.5,0.58,1.0,True,True,-11.7,58.7
balcony:B:108,balcony,center_even,B,108,BAL1,72,5.95,59.3,112.44,130.7,115.3,2.8,-22.7,none,0.0,,0.0,14.7,112.7,False,31.5,0.58,1.0,True,True,-11.7,58.7
balcony:B:110,balcony,center_even,B,110,BAL1,72,7.65,59.3,112.34,130.7,115.3,3.6,-22.7,none,0.0,,0.0,14.7,112.7,False,31.5,0.58,1.0,True,True,-11.7,58.7
balcony:B:112,balcony,center_even,B,112,BAL1,72,9.34,59.3,112.22,130.7,115.4,4.4,-22.7,none,0.0,,0.0,14.7,112.7,False,31.5,0.58,1.0,True,True,-11.7,58.7
balcony:B:114,balcony,center_even,B,114,BAL1,72,11.04,59.3,112.08,130.7,115.4,5.3,-22.7,none,0.0,,0.0,14.7,112.7,False,31.5,0.58,1.0,True,True,-11.7,58.7
balcony:B:116,balcony,center_even,B,116,BAL1,72,12.73,59.3,111.92,130.7,115.4,6.1,-22.7,none,0.0,,0.0,14.7,112.7,False,31.5,0.58,1.0,True,True,-11.7,58.7
balcony:B:126,balcony,center_even,B,126,BAL1,72,21.14,59.3,110.74,130.8,115.7,10.1,-22.7,none,0.0,,0.0,14.7,112.7,False,31.5,0.58,1.0,True,True,-11.7,58.7
balcony:B:128,balcony,center_even,B,128,BAL1,72,22.82,59.3,110.44,130.8,115.7,10.9,-22.7,none,0.0,,0.0,14.7,112.7,False,31.5,0.58,1.0,True,True,-11.7,58.7
balcony:B:1,balcony,side_odd,B,1,BAL1,72,-27.9,59.3,109.36,130.8,116.0,13.4,-22.7,none,0.0,,0.0,14.7,112.7,False,31.5,0.58,0.99,True,True,-11.7,58.1
balcony:B:3,balcony,side_odd,B,3,BAL1,72,-29.56,59.3,108.96,130.8,116.1,14.2,-22.7,none,0.0,,0.0,14.7,112.7,False,31.5,0.58,0.98,True,True,-11.7,57.5
balcony:B:5,balcony,side_odd,B,5,BAL1,72,-31.2,59.3,108.54,130.8,116.1,15.0,-22.7,none,0.0,,0.0,14.7,112.7,False,31.5,0.58,0.98,True,True,-11.7,57.5
balcony:B:7,balcony,side_odd,B,7,BAL1,72,-32.84,59.3,108.1,130.8,116.2,15.8,-22.7,none,0.0,,0.0,14.7,112.7,False,31.5,0.58,0.97,True,True,-11.7,56.1
balcony:B:9,balcony,side_odd,B,9,BAL1,72,-34.48,59.3,107.63,130.8,116.3,16.6,-22.7,none,0.0,,0.0,14.7,112.7,False,31.5,0.58,0.96,True,True,-11.7,54.7
balcony:B:11,balcony,side_odd,B,11,BAL2,48,-36.11,59.3,107.14,130.8,116.4,17.4,-22.7,none,0.0,,0.0,14.7,112.7,False,31.5,0.58,0.95,True,True,-11.7,53.3
balcony:B:13,balcony,side_odd,B,13,BAL2,48,-37.73,59.3,106.63,130.8,116.5,18.2,-22.7,none,0.0,,0.0,14.7,112.7,False,31.5,0.58,0.95,True,True,-11.7,52.5
balcony:B:15,balcony,side_odd,B,15,BAL2,48,-39.34,59.3,106.1,130.8,116.6,19.0,-22.7,none,0.0,,0.0,14.7,112.7,False,31.5,0.58,0.94,True,True,-11.7,51.1
balcony:B:17,balcony,side_odd,B,17,BAL2,48,-40.95,59.3,105.54,130.8,116.8,19.8,-22.7,none,0.0,,0.0,14.7,112.7,False,31.5,0.58,0.93,True,True,-11.7,49.7
balcony:B:19,balcony,side_odd,B,19,BAL2,48,-42.55,59.3,104.96,130.8,116.9,20.6,-22.7,none,0.0,,0.0,14.7,112.7,False,31.5,0.58,0.92,True,True,-11.7,48.3
balcony:B:2,balcony,side_even,B,2,BAL1,72,27.9,59.3,109.36,130.8,116.0,13.4,-22.7,none,0.0,,0.0,14.7,112.7,False,31.5,0.58,0.99,True,True,-11.7,58.1
balcony:B:4,balcony,side_even,B,4,BAL1,72,29.56,59.3,108.96,130.8,116.1,14.2,-22.7,none,0.0,,0.0,14.7,112.7,False,31.5,0.58,0.98,True,True,-11.7,57.5
balcony:B:6,balcony,side_even,B,6,BAL1,72,31.2,59.3,108.54,130.8,116.1,15.0,-22.7,none,0.0,,0.0,14.7,112.7,False,31.5,0.58,0.98,True,True,-11.7,57.5
balcony:B:8,balcony,side_even,B,8,BAL1,72,32.84,59.3,108.1,130.8,116.2,15.8,-22.7,none,0.0,,0.0,14.7,112.7,False,31.5,0.58,0.97,True,True,-11.7,56.1
balcony:B:10,balcony,side_even,B,10,BAL1,72,34.48,59.3,107.63,130.8,116.3,16.6,-22.7,none,0.0,,0.0,14.7,112.7,False,31.5,0.58,0.96,True,True,-11.7,54.7
balcony:B:12,balcony,side_even,B,12,BAL2,48,36.11,59.3,107.14,130.8,116.4,17.4,-22.7,none,0.0,,0.0,14.7,112.7,False,31.5,0.58,0.95,True,True,-11.7,53.3
balcony:B:14,balcony,side_even,B,14,BAL2,48,37.73,59.3,106.63,130.8,116.5,18.2,-22.7,none,0.0,,0.0,14.7,112.7,False,31.5,0.58,0.95,True,True,-11.7,52.5
balcony:B:16,balcony,side_even,B,16,BAL2,48,39.34,59.3,106.1,130.8,116.6,19.0,-22.7,none,0.0,,0.0,14.7,112.7,False,31.5,0.58,0.94,True,True,-11.7,51.1
balcony:B:18,balcony,side_even,B,18,BAL2,48,40.95,59.3,105.54,130.8,116.8,19.8,-22.7,none,0.0,,0.0,14.7,112.7,False,31.5,0.58,0.93,True,True,-11.7,49.7
balcony:B:20,balcony,side_even,B,20,BAL2,48,42.55,59.3,104.96,130.8,116.9,20.6,-22.7,none,0.0,,0.0,14.7,112.7,False,31.5,0.58,0.92,True,True,-11.7,48.3
balcony:B:21,balcony,far_odd,B,21,BAL3,30,-47.38,59.3,103.05,130.9,117.3,23.1,-22.7,none,0.0,,0.0,14.7,112.7,False,31.5,0.58,0.9,True,True,-11.7,44.5
balcony:B:23,balcony,far_odd,B,23,BAL3,30,-48.95,59.3,102.38,130.9,117.4,23.9,-22.7,none,0.0,,0.0,14.7,112.7,False,31.5,0.58,0.89,True,True,-11.7,43.1
balcony:B:25,balcony,far_odd,B,25,BAL3,30,-50.5,59.3,101.69,130.9,117.5,24.7,-22.7,none,0.0,,0.0,14.7,112.7,False,31.5,0.58,0.88,True,True,-11.7,41.7
balcony:B:27,balcony,far_odd,B,27,BAL3,30,-52.04,59.3,100.98,130.9,117.7,25.5,-22.7,none,0.0,,0.0,14.7,112.7,False,31.5,0.58,0.88,True,True,-11.7,40.9
balcony:B:29,balcony,far_odd,B,29,BAL3,30,-53.58,59.3,100.25,130.9,117.8,26.3,-22.7,none,0.0,,0.0,14.7,112.7,False,31.5,0.58,0.87,True,True,-11.7,39.5
balcony:B:22,balcony,far_even,B,22,BAL3,30,47.38,59.3,103.05,130.9,117.3,23.1,-22.7,none,0.0,,0.0,14.7,112.7,False,31.5,0.58,0.9,True,True,-11.7,44.5
balcony:B:24,balcony,far_even,B,24,BAL3,30,48.95,59.3,102.38,130.9,117.4,23.9,-22.7,none,0.0,,0.0,14.7,112.7,False,31.5,0.58,0.89,True,True,-11.7,43.1
balcony:B:26,balcony,far_even,B,26,BAL3,30,50.5,59.3,101.69,130.9,117.5,24.7,-22.7,none,0.0,,0.0,14.7,112.7,False,31.5,0.58,0.88,True,True,-11.7,41.7
balcony:B:28,balcony,far_even,B,28,BAL3,30,52.04,59.3,100.98,130.9,117.7,25.5,-22.7,none,0.0,,0.0,14.7,112.7,False,31.5,0.58,0.88,True,True,-11.7,40.9
balcony:B:30,balcony,far_even,B,30,BAL3,30,53.58,59.3,100.25,130.9,117.8,26.3,-22.7,none,0.0,,0.0,14.7,112.7,False,31.5,0.58,0.87,True,True,-11.7,39.5
balcony:C:101,balcony,center_odd,C,101,BAL1,72,-0.85,60.5,115.43,133.8,118.4,0.4,-22.7,none,0.0,,0.0,13.5,112.7,False,31.5,0.58,1.0,True,True,-11.9,57.2
balcony:C:103,balcony,center_odd,C,103,BAL1,72,-2.55,60.5,115.4,133.8,118.4,1.2,-22.7,none,0.0,,0.0,13.5,112.7,False,31.5,0.58,1.0,True,True,-11.9,57.2
balcony:C:105,balcony,center_odd,C,105,BAL1,72,-4.25,60.5,115.36,133.8,118.4,2.0,-22.7,none,0.0,,0.0,13.5,112.7,False,31.5,0.58,1.0,True,True,-11.9,57.2
balcony:C:107,balcony,center_odd,C,107,BAL1,72,-5.95,60.5,115.29,133.8,118.4,2.8,-22.7,none,0.0,,0.0,13.5,112.7,False,31.5,0.58,1.0,True,True,-11.9,57.2
balcony:C:109,balcony,center_odd,C,109,BAL1,72,-7.65,60.5,115.2,133.8,118.4,3.6,-22.7,none,0.0,,0.0,13.5,112.7,False,31.5,0.58,1.0,True,True,-11.9,57.2
balcony:C:111,balcony,center_odd,C,111,BAL1,72,-9.34,60.5,115.08,133.8,118.4,4.3,-22.7,none,0.0,,0.0,13.5,112.7,False,31.5,0.58,1.0,True,True,-11.9,57.2
balcony:C:113,balcony,center_odd,C,113,BAL1,72,-11.04,60.5,114.94,133.8,118.5,5.1,-22.7,none,0.0,,0.0,13.5,112.7,False,31.5,0.58,1.0,True,True,-11.9,57.2
balcony:C:115,balcony,center_odd,C,115,BAL1,72,-12.73,60.5,114.78,133.8,118.5,5.9,-22.7,none,0.0,,0.0,13.5,112.7,False,31.5,0.58,1.0,True,True,-11.9,57.2
balcony:C:117,balcony,center_odd,C,117,BAL1,72,-14.42,60.5,114.6,133.8,118.5,6.7,-22.7,none,0.0,,0.0,13.5,112.7,False,31.5,0.58,1.0,True,True,-11.9,57.2
balcony:C:119,balcony,center_odd,C,119,BAL1,72,-16.11,60.5,114.39,133.8,118.6,7.5,-22.7,none,0.0,,0.0,13.5,112.7,False,31.5,0.58,1.0,True,True,-11.9,57.2
balcony:C:121,balcony,center_odd,C,121,BAL1,72,-17.79,60.5,114.16,133.8,118.6,8.3,-22.7,none,0.0,,0.0,13.5,112.7,False,31.5,0.58,1.0,True,True,-11.9,57.2
balcony:C:123,balcony,center_odd,C,123,BAL1,72,-19.47,60.5,113.91,133.8,118.7,9.1,-22.7,none,0.0,,0.0,13.5,112.7,False,31.5,0.58,1.0,True,True,-11.9,57.2
balcony:C:125,balcony,center_odd,C,125,BAL1,72,-21.15,60.5,113.63,133.8,118.7,9.9,-22.7,none,0.0,,0.0,13.5,112.7,False,31.5,0.58,1.0,True,True,-11.9,57.2
balcony:C:127,balcony,center_odd,C,127,BAL1,72,-22.82,60.5,113.34,133.9,118.8,10.7,-22.7,none,0.0,,0.0,13.5,112.7,False,31.5,0.58,1.0,True,True,-11.9,57.2
balcony:C:102,balcony,center_even,C,102,BAL1,72,0.85,60.5,115.43,133.8,118.4,0.4,-22.7,none,0.0,,0.0,13.5,112.7,False,31.5,0.58,1.0,True,True,-11.9,57.2
balcony:C:104,balcony,center_even,C,104,BAL1,72,2.55,60.5,115.4,133.8,118.4,1.2,-22.7,none,0.0,,0.0,13.5,112.7,False,31.5,0.58,1.0,True,True,-11.9,57.2
balcony:C:106,balcony,center_even,C,106,BAL1,72,4.25,60.5,115.36,133.8,118.4,2.0,-22.7,none,0.0,,0.0,13.5,112.7,False,31.5,0.58,1.0,True,True,-11.9,57.2
balcony:C:108,balcony,center_even,C,108,BAL1,72,5.95,60.5,115.29,133.8,118.4,2.8,-22.7,none,0.0,,0.0,13.5,112.7,False,31.5,0.58,1.0,True,True,-11.9,57.2
balcony:C:110,balcony,center_even,C,110,BAL1,72,7.65,60.5,115.2,133.8,118.4,3.6,-22.7,none,0.0,,0.0,13.5,112.7,False,31.5,0.58,1.0,True,True,-11.9,57.2
balcony:C:112,balcony,center_even,C,112,BAL1,72,9.34,60.5,115.08,133.8,118.4,4.3,-22.7,none,0.0,,0.0,13.5,112.7,False,31.5,0.58,1.0,True,True,-11.9,57.2
balcony:C:114,balcony,center_even,C,114,BAL1,72,11.04,60.5,114.94,133.8,118.5,5.1,-22.7,none,0.0,,0.0,13.5,112.7,False,31.5,0.58,1.0,True,True,-11.9,57.2
balcony:C:116,balcony,center_even,C,116,BAL1,72,12.73,60.5,114.78,133.8,118.5,5.9,-22.7,none,0.0,,0.0,13.5,112.7,False,31.5,0.58,1.0,True,True,-11.9,57.2
balcony:C:118,balcony,center_even,C,118,BAL1,72,14.42,60.5,114.6,133.8,118.5,6.7,-22.7,none,0.0,,0.0,13.5,112.7,False,31.5,0.58,1.0,True,True,-11.9,57.2
balcony:C:120,balcony,center_even,C,120,BAL1,72,16.11,60.5,114.39,133.8,118.6,7.5,-22.7,none,0.0,,0.0,13.5,112.7,False,31.5,0.58,1.0,True,True,-11.9,57.2
balcony:C:122,balcony,center_even,C,122,BAL1,72,17.79,60.5,114.16,133.8,118.6,8.3,-22.7,none,0.0,,0.0,13.5,112.7,False,31.5,0.58,1.0,True,True,-11.9,57.2
balcony:C:124,balcony,center_even,C,124,BAL1,72,19.47,60.5,113.91,133.8,118.7,9.1,-22.7,none,0.0,,0.0,13.5,112.7,False,31.5,0.58,1.0,True,True,-11.9,57.2
balcony:C:126,balcony,center_even,C,126,BAL1,72,21.15,60.5,113.63,133.8,118.7,9.9,-22.7,none,0.0,,0.0,13.5,112.7,False,31.5,0.58,1.0,True,True,-11.9,57.2
balcony:C:128,balcony,center_even,C,128,BAL1,72,22.82,60.5,113.34,133.9,118.8,10.7,-22.7,none,0.0,,0.0,13.5,112.7,False,31.5,0.58,1.0,True,True,-11.9,57.2
balcony:C:1,balcony,side_odd,C,1,BAL1,72,-27.91,60.5,112.28,133.9,119.0,13.1,-22.7,none,0.0,,0.0,13.5,112.7,False,31.5,0.58,0.99,True,True,-11.9,56.6
balcony:C:3,balcony,side_odd,C,3,BAL1,72,-29.57,60.5,111.89,133.9,119.1,13.9,-22.7,none,0.0,,0.0,13.5,112.7,False,31.5,0.58,0.98,True,True,-11.9,56.0
balcony:C:5,balcony,side_odd,C,5,BAL1,72,-31.22,60.5,111.48,133.9,119.2,14.6,-22.7,none,0.0,,0.0,13.5,112.7,False,31.5,0.58,0.98,True,True,-11.9,56.0
balcony:C:7,balcony,side_odd,C,7,BAL1,72,-32.86,60.5,111.05,133.9,119.2,15.4,-22.7,none,0.0,,0.0,13.5,112.7,False,31.5,0.58,0.97,True,True,-11.9,55.0
balcony:C:9,balcony,side_odd,C,9,BAL1,72,-34.5,60.5,110.59,133.9,119.3,16.2,-22.7,none,0.0,,0.0,13.5,112.7,False,31.5,0.58,0.96,True,True,-11.9,53.6
balcony:C:11,balcony,side_odd,C,11,BAL2,48,-36.13,60.5,110.11,133.9,119.4,17.0,-22.7,none,0.0,,0.0,13.5,112.7,False,31.5,0.58,0.96,True,True,-11.9,52.8
balcony:C:13,balcony,side_odd,C,13,BAL2,48,-37.76,60.5,109.61,133.9,119.5,17.8,-22.7,none,0.0,,0.0,13.5,112.7,False,31.5,0.58,0.95,True,True,-11.9,51.4
balcony:C:15,balcony,side_odd,C,15,BAL2,48,-39.37,60.5,109.09,133.9,119.6,18.6,-22.7,none,0.0,,0.0,13.5,112.7,False,31.5,0.58,0.94,True,True,-11.9,50.0
balcony:C:17,balcony,side_odd,C,17,BAL2,48,-40.98,60.5,108.55,133.9,119.7,19.4,-22.7,none,0.0,,0.0,13.5,112.7,False,31.5,0.58,0.93,True,True,-11.9,48.6
balcony:C:19,balcony,side_odd,C,19,BAL2,48,-42.59,60.5,107.98,133.9,119.9,20.2,-22.7,none,0.0,,0.0,13.5,112.7,False,31.5,0.58,0.93,True,True,-11.9,47.8
balcony:C:2,balcony,side_even,C,2,BAL1,72,27.91,60.5,112.28,133.9,119.0,13.1,-22.7,none,0.0,,0.0,13.5,112.7,False,31.5,0.58,0.99,True,True,-11.9,56.6
balcony:C:4,balcony,side_even,C,4,BAL1,72,29.57,60.5,111.89,133.9,119.1,13.9,-22.7,none,0.0,,0.0,13.5,112.7,False,31.5,0.58,0.98,True,True,-11.9,56.0
balcony:C:6,balcony,side_even,C,6,BAL1,72,31.22,60.5,111.48,133.9,119.2,14.6,-22.7,none,0.0,,0.0,13.5,112.7,False,31.5,0.58,0.98,True,True,-11.9,56.0
balcony:C:8,balcony,side_even,C,8,BAL1,72,32.86,60.5,111.05,133.9,119.2,15.4,-22.7,none,0.0,,0.0,13.5,112.7,False,31.5,0.58,0.97,True,True,-11.9,55.0
balcony:C:10,balcony,side_even,C,10,BAL1,72,34.5,60.5,110.59,133.9,119.3,16.2,-22.7,none,0.0,,0.0,13.5,112.7,False,31.5,0.58,0.96,True,True,-11.9,53.6
balcony:C:12,balcony,side_even,C,12,BAL2,48,36.13,60.5,110.11,133.9,119.4,17.0,-22.7,none,0.0,,0.0,13.5,112.7,False,31.5,0.58,0.96,True,True,-11.9,52.8
balcony:C:14,balcony,side_even,C,14,BAL2,48,37.76,60.5,109.61,133.9,119.5,17.8,-22.7,none,0.0,,0.0,13.5,112.7,False,31.5,0.58,0.95,True,True,-11.9,51.4
balcony:C:16,balcony,side_even,C,16,BAL2,48,39.37,60.5,109.09,133.9,119.6,18.6,-22.7,none,0.0,,0.0,13.5,112.7,False,31.5,0.58,0.94,True,True,-11.9,50.0
balcony:C:18,balcony,side_even,C,18,BAL2,48,40.98,60.5,108.55,133.9,119.7,19.4,-22.7,none,0.0,,0.0,13.5,112.7,False,31.5,0.58,0.93,True,True,-11.9,48.6
balcony:C:20,balcony,side_even,C,20,BAL2,48,42.59,60.5,107.98,133.9,119.9,20.2,-22.7,none,0.0,,0.0,13.5,112.7,False,31.5,0.58,0.93,True,True,-11.9,47.8
balcony:C:21,balcony,far_odd,C,21,BAL3,30,-47.44,60.5,106.11,134.0,120.2,22.6,-22.7,none,0.0,,0.0,13.5,112.7,False,31.5,0.58,0.9,True,True,-11.9,43.5
balcony:C:23,balcony,far_odd,C,23,BAL3,30,-49.01,60.5,105.46,134.0,120.4,23.4,-22.7,none,0.0,,0.0,13.5,112.7,False,31.5,0.58,0.9,True,True,-11.9,42.7
balcony:C:25,balcony,far_odd,C,25,BAL3,30,-50.57,60.5,104.78,134.0,120.5,24.1,-22.7,none,0.0,,0.0,13.5,112.7,False,31.5,0.58,0.89,True,True,-11.9,41.4
balcony:C:27,balcony,far_odd,C,27,BAL3,30,-52.12,60.5,104.09,134.0,120.6,24.9,-22.7,none,0.0,,0.0,13.5,112.7,False,31.5,0.58,0.88,True,True,-11.9,40.0
balcony:C:29,balcony,far_odd,C,29,BAL3,30,-53.66,60.5,103.37,134.0,120.8,25.7,-22.7,none,0.0,,0.0,13.5,112.7,False,31.5,0.58,0.87,True,True,-11.9,38.6
balcony:C:22,balcony,far_even,C,22,BAL3,30,47.44,60.5,106.11,134.0,120.2,22.6,-22.7,none,0.0,,0.0,13.5,112.7,False,31.5,0.58,0.9,True,True,-11.9,43.5
balcony:C:24,balcony,far_even,C,24,BAL3,30,49.01,60.5,105.46,134.0,120.4,23.4,-22.7,none,0.0,,0.0,13.5,112.7,False,31.5,0.58,0.9,True,True,-11.9,42.7
balcony:C:26,balcony,far_even,C,26,BAL3,30,50.57,60.5,104.78,134.0,120.5,24.1,-22.7,none,0.0,,0.0,13.5,112.7,False,31.5,0.58,0.89,True,True,-11.9,41.4
balcony:C:28,balcony,far_even,C,28,BAL3,30,52.12,60.5,104.09,134.0,120.6,24.9,-22.7,none,0.0,,0.0,13.5,112.7,False,31.5,0.58,0.88,True,True,-11.9,40.0
balcony:C:30,balcony,far_even,C,30,BAL3,30,53.66,60.5,103.37,134.0,120.8,25.7,-22.7,none,0.0,,0.0,13.5,112.7,False,31.5,0.58,0.87,True,True,-11.9,38.6
balcony:D:101,balcony,center_odd,D,101,BAL1,72,-0.85,61.7,118.28,136.9,121.4,0.4,-22.7,none,0.0,,0.0,12.3,112.7,False,31.5,0.58,1.0,True,True,-12.1,55.7
balcony:D:103,balcony,center_odd,D,103,BAL1,72,-2.55,61.7,118.25,136.9,121.4,1.2,-22.7,none,0.0,,0.0,12.3,112.7,False,31.5,0.58,1.0,True,True,-12.1,55.7
balcony:D:105,balcony,center_odd,D,105,BAL1,72,-4.25,61.7,118.21,136.9,121.4,1.9,-22.7,none,0.0,,0.0,12.3,112.7,False,31.5,0.58,1.0,True,True,-12.1,55.7
balcony:D:107,balcony,center_odd,D,107,BAL1,72,-5.95,61.7,118.14,136.9,121.4,2.7,-22.7,none,0.0,,0.0,12.3,112.7,False,31.5,0.58,1.0,True,True,-12.1,55.7
balcony:D:109,balcony,center_odd,D,109,BAL1,72,-7.65,61.7,118.05,136.9,121.5,3.5,-22.7,none,0.0,,0.0,12.3,112.7,False,31.5,0.58,1.0,True,True,-12.1,55.7
balcony:D:111,balcony,center_odd,D,111,BAL1,72,-9.34,61.7,117.94,136.9,121.5,4.2,-22.7,none,0.0,,0.0,12.3,112.7,False,31.5,0.58,1.0,True,True,-12.1,55.7
balcony:D:113,balcony,center_odd,D,113,BAL1,72,-11.04,61.7,117.8,136.9,121.5,5.0,-22.7,none,0.0,,0.0,12.3,112.7,False,31.5,0.58,1.0,True,True,-12.1,55.7
balcony:D:115,balcony,center_odd,D,115,BAL1,72,-12.73,61.7,117.65,136.9,121.5,5.8,-22.7,none,0.0,,0.0,12.3,112.7,False,31.5,0.58,1.0,True,True,-12.1,55.7
balcony:D:117,balcony,center_odd,D,117,BAL1,72,-14.42,61.7,117.47,136.9,121.6,6.6,-22.7,none,0.0,,0.0,12.3,112.7,False,31.5,0.58,1.0,True,True,-12.1,55.7
balcony:D:119,balcony,center_odd,D,119,BAL1,72,-16.11,61.7,117.26,136.9,121.6,7.3,-22.7,none,0.0,,0.0,12.3,112.7,False,31.5,0.58,1.0,True,True,-12.1,55.7
balcony:D:121,balcony,center_odd,D,121,BAL1,72,-17.79,61.7,117.04,136.9,121.7,8.1,-22.7,none,0.0,,0.0,12.3,112.7,False,31.5,0.58,1.0,True,True,-12.1,55.7
balcony:D:123,balcony,center_odd,D,123,BAL1,72,-19.47,61.7,116.79,136.9,121.7,8.9,-22.7,none,0.0,,0.0,12.3,112.7,False,31.5,0.58,1.0,True,True,-12.1,55.7
balcony:D:125,balcony,center_odd,D,125,BAL1,72,-21.15,61.7,116.52,136.9,121.8,9.6,-22.7,none,0.0,,0.0,12.3,112.7,False,31.5,0.58,1.0,True,True,-12.1,55.7
balcony:D:102,balcony,center_even,D,102,BAL1,72,0.85,61.7,118.28,136.9,121.4,0.4,-22.7,none,0.0,,0.0,12.3,112.7,False,31.5,0.58,1.0,True,True,-12.1,55.7
balcony:D:104,balcony,center_even,D,104,BAL1,72,2.55,61.7,118.25,136.9,121.4,1.2,-22.7,none,0.0,,0.0,12.3,112.7,False,31.5,0.58,1.0,True,True,-12.1,55.7
balcony:D:106,balcony,center_even,D,106,BAL1,72,4.25,61.7,118.21,136.9,121.4,1.9,-22.7,none,0.0,,0.0,12.3,112.7,False,31.5,0.58,1.0,True,True,-12.1,55.7
balcony:D:108,balcony,center_even,D,108,BAL1,72,5.95,61.7,118.14,136.9,121.4,2.7,-22.7,none,0.0,,0.0,12.3,112.7,False,31.5,0.58,1.0,True,True,-12.1,55.7
balcony:D:110,balcony,center_even,D,110,BAL1,72,7.65,61.7,118.05,136.9,121.5,3.5,-22.7,none,0.0,,0.0,12.3,112.7,False,31.5,0.58,1.0,True,True,-12.1,55.7
balcony:D:112,balcony,center_even,D,112,BAL1,72,9.34,61.7,117.94,136.9,121.5,4.2,-22.7,none,0.0,,0.0,12.3,112.7,False,31.5,0.58,1.0,True,True,-12.1,55.7
balcony:D:114,balcony,center_even,D,114,BAL1,72,11.04,61.7,117.8,136.9,121.5,5.0,-22.7,none,0.0,,0.0,12.3,112.7,False,31.5,0.58,1.0,True,True,-12.1,55.7
balcony:D:116,balcony,center_even,D,116,BAL1,72,12.73,61.7,117.65,136.9,121.5,5.8,-22.7,none,0.0,,0.0,12.3,112.7,False,31.5,0.58,1.0,True,True,-12.1,55.7
balcony:D:118,balcony,center_even,D,118,BAL1,72,14.42,61.7,117.47,136.9,121.6,6.6,-22.7,none,0.0,,0.0,12.3,112.7,False,31.5,0.58,1.0,True,True,-12.1,55.7
balcony:D:120,balcony,center_even,D,120,BAL1,72,16.11,61.7,117.26,136.9,121.6,7.3,-22.7,none,0.0,,0.0,12.3,112.7,False,31.5,0.58,1.0,True,True,-12.1,55.7
balcony:D:122,balcony,center_even,D,122,BAL1,72,17.79,61.7,117.04,136.9,121.7,8.1,-22.7,none,0.0,,0.0,12.3,112.7,False,31.5,0.58,1.0,True,True,-12.1,55.7
balcony:D:124,balcony,center_even,D,124,BAL1,72,19.47,61.7,116.79,136.9,121.7,8.9,-22.7,none,0.0,,0.0,12.3,112.7,False,31.5,0.58,1.0,True,True,-12.1,55.7
balcony:D:126,balcony,center_even,D,126,BAL1,72,21.15,61.7,116.52,136.9,121.8,9.6,-22.7,none,0.0,,0.0,12.3,112.7,False,31.5,0.58,1.0,True,True,-12.1,55.7
balcony:D:1,balcony,side_odd,D,1,BAL1,72,-27.92,61.7,115.2,137.0,122.0,12.8,-22.7,none,0.0,,0.0,12.3,112.7,False,31.5,0.58,0.99,True,True,-12.1,55.1
balcony:D:3,balcony,side_odd,D,3,BAL1,72,-29.58,61.7,114.82,137.0,122.1,13.5,-22.7,none,0.0,,0.0,12.3,112.7,False,31.5,0.58,0.99,True,True,-12.1,55.1
balcony:D:5,balcony,side_odd,D,5,BAL1,72,-31.23,61.7,114.42,137.0,122.2,14.3,-22.7,none,0.0,,0.0,12.3,112.7,False,31.5,0.58,0.98,True,True,-12.1,54.5
balcony:D:7,balcony,side_odd,D,7,BAL1,72,-32.88,61.7,113.99,137.0,122.3,15.1,-22.7,none,0.0,,0.0,12.3,112.7,False,31.5,0.58,0.97,True,True,-12.1,53.8
balcony:D:9,balcony,side_odd,D,9,BAL1,72,-34.52,61.7,113.55,137.0,122.4,15.9,-22.7,none,0.0,,0.0,12.3,112.7,False,31.5,0.58,0.96,True,True,-12.1,52.4
balcony:D:11,balcony,side_odd,D,11,BAL2,48,-36.15,61.7,113.08,137.0,122.4,16.6,-22.7,none,0.0,,0.0,12.3,112.7,False,31.5,0.58,0.96,True,True,-12.1,51.7
balcony:D:13,balcony,side_odd,D,13,BAL2,48,-37.78,61.7,112.59,137.0,122.5,17.4,-22.7,none,0.0,,0.0,12.3,112.7,False,31.5,0.58,0.95,True,True,-12.1,50.3
balcony:D:15,balcony,side_odd,D,15,BAL2,48,-39.4,61.7,112.08,137.0,122.6,18.2,-22.7,none,0.0,,0.0,12.3,112.7,False,31.5,0.58,0.94,True,True,-12.1,48.9
balcony:D:17,balcony,side_odd,D,17,BAL2,48,-41.02,61.7,111.55,137.0,122.7,18.9,-22.7,none,0.0,,0.0,12.3,112.7,False,31.5,0.58,0.94,True,True,-12.1,48.2
balcony:D:19,balcony,side_odd,D,19,BAL2,48,-42.62,61.7,110.99,137.0,122.9,19.7,-22.7,none,0.0,,0.0,12.3,112.7,False,31.5,0.58,0.93,True,True,-12.1,46.8
balcony:D:2,balcony,side_even,D,2,BAL1,72,27.92,61.7,115.2,137.0,122.0,12.8,-22.7,none,0.0,,0.0,12.3,112.7,False,31.5,0.58,0.99,True,True,-12.1,55.1
balcony:D:4,balcony,side_even,D,4,BAL1,72,29.58,61.7,114.82,137.0,122.1,13.5,-22.7,none,0.0,,0.0,12.3,112.7,False,31.5,0.58,0.99,True,True,-12.1,55.1
balcony:D:6,balcony,side_even,D,6,BAL1,72,31.23,61.7,114.42,137.0,122.2,14.3,-22.7,none,0.0,,0.0,12.3,112.7,False,31.5,0.58,0.98,True,True,-12.1,54.5
balcony:D:8,balcony,side_even,D,8,BAL1,72,32.88,61.7,113.99,137.0,122.3,15.1,-22.7,none,0.0,,0.0,12.3,112.7,False,31.5,0.58,0.97,True,True,-12.1,53.8
balcony:D:10,balcony,side_even,D,10,BAL1,72,34.52,61.7,113.55,137.0,122.4,15.9,-22.7,none,0.0,,0.0,12.3,112.7,False,31.5,0.58,0.96,True,True,-12.1,52.4
balcony:D:12,balcony,side_even,D,12,BAL2,48,36.15,61.7,113.08,137.0,122.4,16.6,-22.7,none,0.0,,0.0,12.3,112.7,False,31.5,0.58,0.96,True,True,-12.1,51.7
balcony:D:14,balcony,side_even,D,14,BAL2,48,37.78,61.7,112.59,137.0,122.5,17.4,-22.7,none,0.0,,0.0,12.3,112.7,False,31.5,0.58,0.95,True,True,-12.1,50.3
balcony:D:16,balcony,side_even,D,16,BAL2,48,39.4,61.7,112.08,137.0,122.6,18.2,-22.7,none,0.0,,0.0,12.3,112.7,False,31.5,0.58,0.94,True,True,-12.1,48.9
balcony:D:18,balcony,side_even,D,18,BAL2,48,41.02,61.7,111.55,137.0,122.7,18.9,-22.7,none,0.0,,0.0,12.3,112.7,False,31.5,0.58,0.94,True,True,-12.1,48.2
balcony:D:20,balcony,side_even,D,20,BAL2,48,42.62,61.7,110.99,137.0,122.9,19.7,-22.7,none,0.0,,0.0,12.3,112.7,False,31.5,0.58,0.93,True,True,-12.1,46.8
balcony:D:21,balcony,far_odd,D,21,BAL3,30,-47.49,61.7,109.16,137.0,123.2,22.1,-22.7,none,0.0,,0.0,12.3,112.7,False,31.5,0.58,0.91,True,True,-12.1,43.2
balcony:D:23,balcony,far_odd,D,23,BAL3,30,-49.07,61.7,108.52,137.1,123.3,22.8,-22.7,none,0.0,,0.0,12.3,112.7,False,31.5,0.58,0.9,True,True,-12.1,41.8
balcony:D:25,balcony,far_odd,D,25,BAL3,30,-50.63,61.7,107.86,137.1,123.5,23.6,-22.7,none,0.0,,0.0,12.3,112.7,False,31.5,0.58,0.89,True,True,-12.1,40.4
balcony:D:27,balcony,far_odd,D,27,BAL3,30,-52.19,61.7,107.18,137.1,123.6,24.4,-22.7,none,0.0,,0.0,12.3,112.7,False,31.5,0.58,0.88,True,True,-12.1,39.0
balcony:D:29,balcony,far_odd,D,29,BAL3,30,-53.74,61.7,106.48,137.1,123.7,25.1,-22.7,none,0.0,,0.0,12.3,112.7,False,31.5,0.58,0.87,True,True,-12.1,37.7
balcony:D:22,balcony,far_even,D,22,BAL3,30,47.49,61.7,109.16,137.0,123.2,22.1,-22.7,none,0.0,,0.0,12.3,112.7,False,31.5,0.58,0.91,True,True,-12.1,43.2
balcony:D:24,balcony,far_even,D,24,BAL3,30,49.07,61.7,108.52,137.1,123.3,22.8,-22.7,none,0.0,,0.0,12.3,112.7,False,31.5,0.58,0.9,True,True,-12.1,41.8
balcony:D:26,balcony,far_even,D,26,BAL3,30,50.63,61.7,107.86,137.1,123.5,23.6,-22.7,none,0.0,,0.0,12.3,112.7,False,31.5,0.58,0.89,True,True,-12.1,40.4
balcony:D:28,balcony,far_even,D,28,BAL3,30,52.19,61.7,107.18,137.1,123.6,24.4,-22.7,none,0.0,,0.0,12.3,112.7,False,31.5,0.58,0.88,True,True,-12.1,39.0
balcony:D:30,balcony,far_even,D,30,BAL3,30,53.74,61.7,106.48,137.1,123.7,25.1,-22.7,none,0.0,,0.0,12.3,112.7,False,31.5,0.58,0.87,True,True,-12.1,37.7
balcony:E:101,balcony,center_odd,E,101,BAL2,48,-0.85,62.9,121.13,140.0,124.5,0.4,-22.7,none,0.0,,0.0,11.1,112.7,False,31.5,0.58,1.0,True,True,-12.3,54.2
balcony:E:103,balcony,center_odd,E,103,BAL2,48,-2.55,62.9,121.11,140.0,124.5,1.1,-22.7,none,0.0,,0.0,11.1,112.7,False,31.5,0.58,1.0,True,True,-12.3,54.2
balcony:E:105,balcony,center_odd,E,105,BAL2,48,-4.25,62.9,121.06,140.0,124.5,1.9,-22.7,none,0.0,,0.0,11.1,112.7,False,31.5,0.58,1.0,True,True,-12.3,54.2
balcony:E:107,balcony,center_odd,E,107,BAL2,48,-5.95,62.9,121.0,140.0,124.5,2.6,-22.7,none,0.0,,0.0,11.1,112.7,False,31.5,0.58,1.0,True,True,-12.3,54.2
balcony:E:109,balcony,center_odd,E,109,BAL2,48,-7.65,62.9,120.91,140.0,124.5,3.4,-22.7,none,0.0,,0.0,11.1,112.7,False,31.5,0.58,1.0,True,True,-12.3,54.2
balcony:E:111,balcony,center_odd,E,111,BAL2,48,-9.34,62.9,120.8,140.0,124.5,4.1,-22.7,none,0.0,,0.0,11.1,112.7,False,31.5,0.58,1.0,True,True,-12.3,54.2
balcony:E:113,balcony,center_odd,E,113,BAL2,48,-11.04,62.9,120.66,140.0,124.6,4.9,-22.7,none,0.0,,0.0,11.1,112.7,False,31.5,0.58,1.0,True,True,-12.3,54.2
balcony:E:115,balcony,center_odd,E,115,BAL2,48,-12.73,62.9,120.51,140.0,124.6,5.7,-22.7,none,0.0,,0.0,11.1,112.7,False,31.5,0.58,1.0,True,True,-12.3,54.2
balcony:E:117,balcony,center_odd,E,117,BAL2,48,-14.42,62.9,120.33,140.0,124.6,6.4,-22.7,none,0.0,,0.0,11.1,112.7,False,31.5,0.58,1.0,True,True,-12.3,54.2
balcony:E:119,balcony,center_odd,E,119,BAL2,48,-16.11,62.9,120.14,140.0,124.7,7.2,-22.7,none,0.0,,0.0,11.1,112.7,False,31.5,0.58,1.0,True,True,-12.3,54.2
balcony:E:121,balcony,center_odd,E,121,BAL2,48,-17.79,62.9,119.92,140.0,124.7,7.9,-22.7,none,0.0,,0.0,11.1,112.7,False,31.5,0.58,1.0,True,True,-12.3,54.2
balcony:E:123,balcony,center_odd,E,123,BAL2,48,-19.48,62.9,119.68,140.0,124.8,8.7,-22.7,none,0.0,,0.0,11.1,112.7,False,31.5,0.58,1.0,True,True,-12.3,54.2
balcony:E:125,balcony,center_odd,E,125,BAL2,48,-21.16,62.9,119.41,140.0,124.8,9.4,-22.7,none,0.0,,0.0,11.1,112.7,False,31.5,0.58,1.0,True,True,-12.3,54.2
balcony:E:127,balcony,center_odd,E,127,BAL2,48,-22.83,62.9,119.13,140.0,124.9,10.2,-22.7,none,0.0,,0.0,11.1,112.7,False,31.5,0.58,1.0,True,True,-12.3,54.2
balcony:E:102,balcony,center_even,E,102,BAL2,48,0.85,62.9,121.13,140.0,124.5,0.4,-22.7,none,0.0,,0.0,11.1,112.7,False,31.5,0.58,1.0,True,True,-12.3,54.2
balcony:E:104,balcony,center_even,E,104,BAL2,48,2.55,62.9,121.11,140.0,124.5,1.1,-22.7,none,0.0,,0.0,11.1,112.7,False,31.5,0.58,1.0,True,True,-12.3,54.2
balcony:E:106,balcony,center_even,E,106,BAL2,48,4.25,62.9,121.06,140.0,124.5,1.9,-22.7,none,0.0,,0.0,11.1,112.7,False,31.5,0.58,1.0,True,True,-12.3,54.2
balcony:E:108,balcony,center_even,E,108,BAL2,48,5.95,62.9,121.0,140.0,124.5,2.6,-22.7,none,0.0,,0.0,11.1,112.7,False,31.5,0.58,1.0,True,True,-12.3,54.2
balcony:E:110,balcony,center_even,E,110,BAL2,48,7.65,62.9,120.91,140.0,124.5,3.4,-22.7,none,0.0,,0.0,11.1,112.7,False,31.5,0.58,1.0,True,True,-12.3,54.2
balcony:E:112,balcony,center_even,E,112,BAL2,48,9.34,62.9,120.8,140.0,124.5,4.1,-22.7,none,0.0,,0.0,11.1,112.7,False,31.5,0.58,1.0,True,True,-12.3,54.2
balcony:E:114,balcony,center_even,E,114,BAL2,48,11.04,62.9,120.66,140.0,124.6,4.9,-22.7,none,0.0,,0.0,11.1,112.7,False,31.5,0.58,1.0,True,True,-12.3,54.2
balcony:E:116,balcony,center_even,E,116,BAL2,48,12.73,62.9,120.51,140.0,124.6,5.7,-22.7,none,0.0,,0.0,11.1,112.7,False,31.5,0.58,1.0,True,True,-12.3,54.2
balcony:E:118,balcony,center_even,E,118,BAL2,48,14.42,62.9,120.33,140.0,124.6,6.4,-22.7,none,0.0,,0.0,11.1,112.7,False,31.5,0.58,1.0,True,True,-12.3,54.2
balcony:E:120,balcony,center_even,E,120,BAL2,48,16.11,62.9,120.14,140.0,124.7,7.2,-22.7,none,0.0,,0.0,11.1,112.7,False,31.5,0.58,1.0,True,True,-12.3,54.2
balcony:E:122,balcony,center_even,E,122,BAL2,48,17.79,62.9,119.92,140.0,124.7,7.9,-22.7,none,0.0,,0.0,11.1,112.7,False,31.5,0.58,1.0,True,True,-12.3,54.2
balcony:E:124,balcony,center_even,E,124,BAL2,48,19.48,62.9,119.68,140.0,124.8,8.7,-22.7,none,0.0,,0.0,11.1,112.7,False,31.5,0.58,1.0,True,True,-12.3,54.2
balcony:E:126,balcony,center_even,E,126,BAL2,48,21.16,62.9,119.41,140.0,124.8,9.4,-22.7,none,0.0,,0.0,11.1,112.7,False,31.5,0.58,1.0,True,True,-12.3,54.2
balcony:E:128,balcony,center_even,E,128,BAL2,48,22.83,62.9,119.13,140.0,124.9,10.2,-22.7,none,0.0,,0.0,11.1,112.7,False,31.5,0.58,1.0,True,True,-12.3,54.2
balcony:E:1,balcony,side_odd,E,1,BAL2,48,-27.93,62.9,118.12,140.0,125.1,12.5,-22.7,none,0.0,,0.0,11.1,112.7,False,31.5,0.58,0.99,True,True,-12.3,53.6
balcony:E:3,balcony,side_odd,E,3,BAL2,48,-29.59,62.9,117.75,140.1,125.1,13.2,-22.7,none,0.0,,0.0,11.1,112.7,False,31.5,0.58,0.99,True,True,-12.3,53.6
balcony:E:5,balcony,side_odd,E,5,BAL2,48,-31.25,62.9,117.35,140.1,125.2,14.0,-22.7,none,0.0,,0.0,11.1,112.7,False,31.5,0.58,0.98,True,True,-12.3,53.0
balcony:E:7,balcony,side_odd,E,7,BAL2,48,-32.89,62.9,116.94,140.1,125.3,14.8,-22.7,none,0.0,,0.0,11.1,112.7,False,31.5,0.58,0.97,True,True,-12.3,52.4
balcony:E:9,balcony,side_odd,E,9,BAL2,48,-34.54,62.9,116.5,140.1,125.4,15.5,-22.7,none,0.0,,0.0,11.1,112.7,False,31.5,0.58,0.96,True,True,-12.3,51.3
balcony:E:11,balcony,side_odd,E,11,BAL2,48,-36.17,62.9,116.04,140.1,125.5,16.3,-22.7,none,0.0,,0.0,11.1,112.7,False,31.5,0.58,0.96,True,True,-12.3,50.5
balcony:E:13,balcony,side_odd,E,13,BAL2,48,-37.81,62.9,115.56,140.1,125.6,17.0,-22.7,none,0.0,,0.0,11.1,112.7,False,31.5,0.58,0.95,True,True,-12.3,49.2
balcony:E:15,balcony,side_odd,E,15,BAL2,48,-39.43,62.9,115.06,140.1,125.6,17.8,-22.7,none,0.0,,0.0,11.1,112.7,False,31.5,0.58,0.94,True,True,-12.3,47.8
balcony:E:17,balcony,side_odd,E,17,BAL2,48,-41.05,62.9,114.54,140.1,125.7,18.5,-22.7,none,0.0,,0.0,11.1,112.7,False,31.5,0.58,0.94,True,True,-12.3,47.1
balcony:E:19,balcony,side_odd,E,19,BAL2,48,-42.66,62.9,114.0,140.1,125.9,19.3,-22.7,none,0.0,,0.0,11.1,112.7,False,31.5,0.58,0.93,True,True,-12.3,45.7
balcony:E:2,balcony,side_even,E,2,BAL2,48,27.93,62.9,118.12,140.0,125.1,12.5,-22.7,none,0.0,,0.0,11.1,112.7,False,31.5,0.58,0.99,True,True,-12.3,53.6
balcony:E:4,balcony,side_even,E,4,BAL2,48,29.59,62.9,117.75,140.1,125.1,13.2,-22.7,none,0.0,,0.0,11.1,112.7,False,31.5,0.58,0.99,True,True,-12.3,53.6
balcony:E:6,balcony,side_even,E,6,BAL2,48,31.25,62.9,117.35,140.1,125.2,14.0,-22.7,none,0.0,,0.0,11.1,112.7,False,31.5,0.58,0.98,True,True,-12.3,53.0
balcony:E:8,balcony,side_even,E,8,BAL2,48,32.89,62.9,116.94,140.1,125.3,14.8,-22.7,none,0.0,,0.0,11.1,112.7,False,31.5,0.58,0.97,True,True,-12.3,52.4
balcony:E:10,balcony,side_even,E,10,BAL2,48,34.54,62.9,116.5,140.1,125.4,15.5,-22.7,none,0.0,,0.0,11.1,112.7,False,31.5,0.58,0.96,True,True,-12.3,51.3
balcony:E:12,balcony,side_even,E,12,BAL2,48,36.17,62.9,116.04,140.1,125.5,16.3,-22.7,none,0.0,,0.0,11.1,112.7,False,31.5,0.58,0.96,True,True,-12.3,50.5
balcony:E:14,balcony,side_even,E,14,BAL2,48,37.81,62.9,115.56,140.1,125.6,17.0,-22.7,none,0.0,,0.0,11.1,112.7,False,31.5,0.58,0.95,True,True,-12.3,49.2
balcony:E:16,balcony,side_even,E,16,BAL2,48,39.43,62.9,115.06,140.1,125.6,17.8,-22.7,none,0.0,,0.0,11.1,112.7,False,31.5,0.58,0.94,True,True,-12.3,47.8
balcony:E:18,balcony,side_even,E,18,BAL2,48,41.05,62.9,114.54,140.1,125.7,18.5,-22.7,none,0.0,,0.0,11.1,112.7,False,31.5,0.58,0.94,True,True,-12.3,47.1
balcony:E:20,balcony,side_even,E,20,BAL2,48,42.66,62.9,114.0,140.1,125.9,19.3,-22.7,none,0.0,,0.0,11.1,112.7,False,31.5,0.58,0.93,True,True,-12.3,45.7
balcony:E:21,balcony,far_odd,E,21,BAL3,30,-47.54,62.9,112.21,140.1,126.2,21.6,-22.7,none,0.0,,0.0,11.1,112.7,False,31.5,0.58,0.91,True,True,-12.3,42.2
balcony:E:23,balcony,far_odd,E,23,BAL3,30,-49.12,62.9,111.58,140.1,126.3,22.3,-22.7,none,0.0,,0.0,11.1,112.7,False,31.5,0.58,0.9,True,True,-12.3,40.9
balcony:E:25,balcony,far_odd,E,25,BAL3,30,-50.69,62.9,110.93,140.2,126.4,23.1,-22.7,none,0.0,,0.0,11.1,112.7,False,31.5,0.58,0.89,True,True,-12.3,39.4
balcony:E:27,balcony,far_odd,E,27,BAL3,30,-52.26,62.9,110.27,140.2,126.6,23.8,-22.7,none,0.0,,0.0,11.1,112.7,False,31.5,0.58,0.89,True,True,-12.3,38.7
balcony:E:29,balcony,far_odd,E,29,BAL3,30,-53.81,62.9,109.58,140.2,126.7,24.6,-22.7,none,0.0,,0.0,11.1,112.7,False,31.5,0.58,0.88,True,True,-12.3,37.3
balcony:E:22,balcony,far_even,E,22,BAL3,30,47.54,62.9,112.21,140.1,126.2,21.6,-22.7,none,0.0,,0.0,11.1,112.7,False,31.5,0.58,0.91,True,True,-12.3,42.2
balcony:E:24,balcony,far_even,E,24,BAL3,30,49.12,62.9,111.58,140.1,126.3,22.3,-22.7,none,0.0,,0.0,11.1,112.7,False,31.5,0.58,0.9,True,True,-12.3,40.9
balcony:E:26,balcony,far_even,E,26,BAL3,30,50.69,62.9,110.93,140.2,126.4,23.1,-22.7,none,0.0,,0.0,11.1,112.7,False,31.5,0.58,0.89,True,True,-12.3,39.4
balcony:E:28,balcony,far_even,E,28,BAL3,30,52.26,62.9,110.27,140.2,126.6,23.8,-22.7,none,0.0,,0.0,11.1,112.7,False,31.5,0.58,0.89,True,True,-12.3,38.7
balcony:E:30,balcony,far_even,E,30,BAL3,30,53.81,62.9,109.58,140.2,126.7,24.6,-22.7,none,0.0,,0.0,11.1,112.7,False,31.5,0.58,0.88,True,True,-12.3,37.3
balcony:F:101,balcony,center_odd,F,101,BAL2,48,-0.85,64.1,123.98,143.1,127.5,0.4,-22.7,none,0.0,,0.0,9.9,112.7,False,31.5,0.58,1.0,True,True,-12.5,52.8
balcony:F:103,balcony,center_odd,F,103,BAL2,48,-2.55,64.1,123.96,143.1,127.6,1.1,-22.7,none,0.0,,0.0,9.9,112.7,False,31.5,0.58,1.0,True,True,-12.5,52.8
balcony:F:105,balcony,center_odd,F,105,BAL2,48,-4.25,64.1,123.91,143.1,127.6,1.8,-22.7,none,0.0,,0.0,9.9,112.7,False,31.5,0.58,1.0,True,True,-12.5,52.8
balcony:F:107,balcony,center_odd,F,107,BAL2,48,-5.95,64.1,123.85,143.1,127.6,2.6,-22.7,none,0.0,,0.0,9.9,112.7,False,31.5,0.58,1.0,True,True,-12.5,52.8
balcony:F:109,balcony,center_odd,F,109,BAL2,48,-7.65,64.1,123.76,143.1,127.6,3.3,-22.7,none,0.0,,0.0,9.9,112.7,False,31.5,0.58,1.0,True,True,-12.5,52.8
balcony:F:111,balcony,center_odd,F,111,BAL2,48,-9.34,64.1,123.65,143.1,127.6,4.1,-22.7,none,0.0,,0.0,9.9,112.7,False,31.5,0.58,1.0,True,True,-12.5,52.8
balcony:F:113,balcony,center_odd,F,113,BAL2,48,-11.04,64.1,123.52,143.1,127.6,4.8,-22.7,none,0.0,,0.0,9.9,112.7,False,31.5,0.58,1.0,True,True,-12.5,52.8
balcony:F:115,balcony,center_odd,F,115,BAL2,48,-12.73,64.1,123.37,143.1,127.7,5.5,-22.7,none,0.0,,0.0,9.9,112.7,False,31.5,0.58,1.0,True,True,-12.5,52.8
balcony:F:117,balcony,center_odd,F,117,BAL2,48,-14.42,64.1,123.2,143.1,127.7,6.3,-22.7,none,0.0,,0.0,9.9,112.7,False,31.5,0.58,1.0,True,True,-12.5,52.8
balcony:F:119,balcony,center_odd,F,119,BAL2,48,-16.11,64.1,123.01,143.1,127.7,7.0,-22.7,none,0.0,,0.0,9.9,112.7,False,31.5,0.58,1.0,True,True,-12.5,52.8
balcony:F:121,balcony,center_odd,F,121,BAL2,48,-17.8,64.1,122.79,143.1,127.8,7.7,-22.7,none,0.0,,0.0,9.9,112.7,False,31.5,0.58,1.0,True,True,-12.5,52.8
balcony:F:123,balcony,center_odd,F,123,BAL2,48,-19.48,64.1,122.56,143.1,127.8,8.5,-22.7,none,0.0,,0.0,9.9,112.7,False,31.5,0.58,1.0,True,True,-12.5,52.8
balcony:F:125,balcony,center_odd,F,125,BAL2,48,-21.16,64.1,122.3,143.1,127.9,9.2,-22.7,none,0.0,,0.0,9.9,112.7,False,31.5,0.58,1.0,True,True,-12.5,52.8
balcony:F:102,balcony,center_even,F,102,BAL2,48,0.85,64.1,123.98,143.1,127.5,0.4,-22.7,none,0.0,,0.0,9.9,112.7,False,31.5,0.58,1.0,True,True,-12.5,52.8
balcony:F:104,balcony,center_even,F,104,BAL2,48,2.55,64.1,123.96,143.1,127.6,1.1,-22.7,none,0.0,,0.0,9.9,112.7,False,31.5,0.58,1.0,True,True,-12.5,52.8
balcony:F:106,balcony,center_even,F,106,BAL2,48,4.25,64.1,123.91,143.1,127.6,1.8,-22.7,none,0.0,,0.0,9.9,112.7,False,31.5,0.58,1.0,True,True,-12.5,52.8
balcony:F:108,balcony,center_even,F,108,BAL2,48,5.95,64.1,123.85,143.1,127.6,2.6,-22.7,none,0.0,,0.0,9.9,112.7,False,31.5,0.58,1.0,True,True,-12.5,52.8
balcony:F:110,balcony,center_even,F,110,BAL2,48,7.65,64.1,123.76,143.1,127.6,3.3,-22.7,none,0.0,,0.0,9.9,112.7,False,31.5,0.58,1.0,True,True,-12.5,52.8
balcony:F:112,balcony,center_even,F,112,BAL2,48,9.34,64.1,123.65,143.1,127.6,4.1,-22.7,none,0.0,,0.0,9.9,112.7,False,31.5,0.58,1.0,True,True,-12.5,52.8
balcony:F:114,balcony,center_even,F,114,BAL2,48,11.04,64.1,123.52,143.1,127.6,4.8,-22.7,none,0.0,,0.0,9.9,112.7,False,31.5,0.58,1.0,True,True,-12.5,52.8
balcony:F:116,balcony,center_even,F,116,BAL2,48,12.73,64.1,123.37,143.1,127.7,5.5,-22.7,none,0.0,,0.0,9.9,112.7,False,31.5,0.58,1.0,True,True,-12.5,52.8
balcony:F:118,balcony,center_even,F,118,BAL2,48,14.42,64.1,123.2,143.1,127.7,6.3,-22.7,none,0.0,,0.0,9.9,112.7,False,31.5,0.58,1.0,True,True,-12.5,52.8
balcony:F:120,balcony,center_even,F,120,BAL2,48,16.11,64.1,123.01,143.1,127.7,7.0,-22.7,none,0.0,,0.0,9.9,112.7,False,31.5,0.58,1.0,True,True,-12.5,52.8
balcony:F:122,balcony,center_even,F,122,BAL2,48,17.8,64.1,122.79,143.1,127.8,7.7,-22.7,none,0.0,,0.0,9.9,112.7,False,31.5,0.58,1.0,True,True,-12.5,52.8
balcony:F:124,balcony,center_even,F,124,BAL2,48,19.48,64.1,122.56,143.1,127.8,8.5,-22.7,none,0.0,,0.0,9.9,112.7,False,31.5,0.58,1.0,True,True,-12.5,52.8
balcony:F:126,balcony,center_even,F,126,BAL2,48,21.16,64.1,122.3,143.1,127.9,9.2,-22.7,none,0.0,,0.0,9.9,112.7,False,31.5,0.58,1.0,True,True,-12.5,52.8
balcony:F:1,balcony,side_odd,F,1,BAL2,48,-27.94,64.1,121.03,143.1,128.1,12.2,-22.7,none,0.0,,0.0,9.9,112.7,False,31.5,0.58,0.99,True,True,-12.5,52.2
balcony:F:3,balcony,side_odd,F,3,BAL2,48,-29.6,64.1,120.67,143.1,128.2,13.0,-22.7,none,0.0,,0.0,9.9,112.7,False,31.5,0.58,0.99,True,True,-12.5,52.2
balcony:F:5,balcony,side_odd,F,5,BAL2,48,-31.26,64.1,120.28,143.1,128.2,13.7,-22.7,none,0.0,,0.0,9.9,112.7,False,31.5,0.58,0.98,True,True,-12.5,51.6
balcony:F:7,balcony,side_odd,F,7,BAL2,48,-32.91,64.1,119.88,143.2,128.3,14.4,-22.7,none,0.0,,0.0,9.9,112.7,False,31.5,0.58,0.97,True,True,-12.5,50.9
balcony:F:9,balcony,side_odd,F,9,BAL2,48,-34.55,64.1,119.45,143.2,128.4,15.2,-22.7,none,0.0,,0.0,9.9,112.7,False,31.5,0.58,0.97,True,True,-12.5,50.7
balcony:F:11,balcony,side_odd,F,11,BAL2,48,-36.19,64.1,119.0,143.2,128.5,15.9,-22.7,none,0.0,,0.0,9.9,112.7,False,31.5,0.58,0.96,True,True,-12.5,49.4
balcony:F:13,balcony,side_odd,F,13,BAL2,48,-37.83,64.1,118.53,143.2,128.6,16.6,-22.7,none,0.0,,0.0,9.9,112.7,False,31.5,0.58,0.95,True,True,-12.5,48.1
balcony:F:15,balcony,side_odd,F,15,BAL2,48,-39.46,64.1,118.04,143.2,128.7,17.4,-22.7,none,0.0,,0.0,9.9,112.7,False,31.5,0.58,0.95,True,True,-12.5,47.3
balcony:F:17,balcony,side_odd,F,17,BAL2,48,-41.08,64.1,117.53,143.2,128.8,18.1,-22.7,none,0.0,,0.0,9.9,112.7,False,31.5,0.58,0.94,True,True,-12.5,46.0
balcony:F:19,balcony,side_odd,F,19,BAL2,48,-42.69,64.1,117.0,143.2,128.9,18.9,-22.7,none,0.0,,0.0,9.9,112.7,False,31.5,0.58,0.93,True,True,-12.5,44.6
balcony:F:2,balcony,side_even,F,2,BAL2,48,27.94,64.1,121.03,143.1,128.1,12.2,-22.7,none,0.0,,0.0,9.9,112.7,False,31.5,0.58,0.99,True,True,-12.5,52.2
balcony:F:4,balcony,side_even,F,4,BAL2,48,29.6,64.1,120.67,143.1,128.2,13.0,-22.7,none,0.0,,0.0,9.9,112.7,False,31.5,0.58,0.99,True,True,-12.5,52.2
balcony:F:6,balcony,side_even,F,6,BAL2,48,31.26,64.1,120.28,143.1,128.2,13.7,-22.7,none,0.0,,0.0,9.9,112.7,False,31.5,0.58,0.98,True,True,-12.5,51.6
balcony:F:8,balcony,side_even,F,8,BAL2,48,32.91,64.1,119.88,143.2,128.3,14.4,-22.7,none,0.0,,0.0,9.9,112.7,False,31.5,0.58,0.97,True,True,-12.5,50.9
balcony:F:10,balcony,side_even,F,10,BAL2,48,34.55,64.1,119.45,143.2,128.4,15.2,-22.7,none,0.0,,0.0,9.9,112.7,False,31.5,0.58,0.97,True,True,-12.5,50.7
balcony:F:12,balcony,side_even,F,12,BAL2,48,36.19,64.1,119.0,143.2,128.5,15.9,-22.7,none,0.0,,0.0,9.9,112.7,False,31.5,0.58,0.96,True,True,-12.5,49.4
balcony:F:14,balcony,side_even,F,14,BAL2,48,37.83,64.1,118.53,143.2,128.6,16.6,-22.7,none,0.0,,0.0,9.9,112.7,False,31.5,0.58,0.95,True,True,-12.5,48.1
balcony:F:16,balcony,side_even,F,16,BAL2,48,39.46,64.1,118.04,143.2,128.7,17.4,-22.7,none,0.0,,0.0,9.9,112.7,False,31.5,0.58,0.95,True,True,-12.5,47.3
balcony:F:18,balcony,side_even,F,18,BAL2,48,41.08,64.1,117.53,143.2,128.8,18.1,-22.7,none,0.0,,0.0,9.9,112.7,False,31.5,0.58,0.94,True,True,-12.5,46.0
balcony:F:20,balcony,side_even,F,20,BAL2,48,42.69,64.1,117.0,143.2,128.9,18.9,-22.7,none,0.0,,0.0,9.9,112.7,False,31.5,0.58,0.93,True,True,-12.5,44.6
balcony:F:21,balcony,far_odd,F,21,BAL3,30,-47.59,64.1,115.24,143.2,129.2,21.1,-22.7,none,0.0,,0.0,9.9,112.7,False,31.5,0.58,0.91,True,True,-12.5,41.2
balcony:F:23,balcony,far_odd,F,23,BAL3,30,-49.17,64.1,114.63,143.2,129.3,21.9,-22.7,none,0.0,,0.0,9.9,112.7,False,31.5,0.58,0.9,True,True,-12.5,39.8
balcony:F:25,balcony,far_odd,F,25,BAL3,30,-50.75,64.1,114.0,143.2,129.4,22.6,-22.7,none,0.0,,0.0,9.9,112.7,False,31.5,0.58,0.9,True,True,-12.5,39.1
balcony:F:27,balcony,far_odd,F,27,BAL3,30,-52.32,64.1,113.34,143.2,129.5,23.3,-22.7,none,0.0,,0.0,9.9,112.7,False,31.5,0.58,0.89,True,True,-12.5,37.8
balcony:F:29,balcony,far_odd,F,29,BAL3,30,-53.88,64.1,112.67,143.3,129.7,24.1,-22.7,none,0.0,,0.0,9.9,112.7,False,31.5,0.58,0.88,True,True,-12.5,36.4
balcony:F:22,balcony,far_even,F,22,BAL3,30,47.59,64.1,115.24,143.2,129.2,21.1,-22.7,none,0.0,,0.0,9.9,112.7,False,31.5,0.58,0.91,True,True,-12.5,41.2
balcony:F:24,balcony,far_even,F,24,BAL3,30,49.17,64.1,114.63,143.2,129.3,21.9,-22.7,none,0.0,,0.0,9.9,112.7,False,31.5,0.58,0.9,True,True,-12.5,39.8
balcony:F:26,balcony,far_even,F,26,BAL3,30,50.75,64.1,114.0,143.2,129.4,22.6,-22.7,none,0.0,,0.0,9.9,112.7,False,31.5,0.58,0.9,True,True,-12.5,39.1
balcony:F:28,balcony,far_even,F,28,BAL3,30,52.32,64.1,113.34,143.2,129.5,23.3,-22.7,none,0.0,,0.0,9.9,112.7,False,31.5,0.58,0.89,True,True,-12.5,37.8
balcony:F:30,balcony,far_even,F,30,BAL3,30,53.88,64.1,112.67,143.3,129.7,24.1,-22.7,none,0.0,,0.0,9.9,112.7,False,31.5,0.58,0.88,True,True,-12.5,36.4
balcony:G:101,balcony,center_odd,G,101,BAL2,48,-0.85,65.3,126.83,146.2,130.6,0.4,-22.7,none,0.0,,0.0,8.7,112.7,False,31.5,0.5,1.0,True,True,-12.7,50.6
balcony:G:103,balcony,center_odd,G,103,BAL2,48,-2.55,65.3,126.81,146.2,130.6,1.1,-22.7,none,0.0,,0.0,8.7,112.7,False,31.5,0.5,1.0,True,True,-12.7,50.6
balcony:G:105,balcony,center_odd,G,105,BAL2,48,-4.25,65.3,126.76,146.2,130.6,1.8,-22.7,none,0.0,,0.0,8.7,112.7,False,31.5,0.5,1.0,True,True,-12.7,50.6
balcony:G:107,balcony,center_odd,G,107,BAL2,48,-5.95,65.3,126.7,146.2,130.6,2.5,-22.7,none,0.0,,0.0,8.7,112.7,False,31.5,0.5,1.0,True,True,-12.7,50.6
balcony:G:109,balcony,center_odd,G,109,BAL2,48,-7.65,65.3,126.62,146.2,130.7,3.3,-22.7,none,0.0,,0.0,8.7,112.7,False,31.5,0.5,1.0,True,True,-12.7,50.6
balcony:G:111,balcony,center_odd,G,111,BAL2,48,-9.34,65.3,126.51,146.2,130.7,4.0,-22.7,none,0.0,,0.0,8.7,112.7,False,31.5,0.5,1.0,True,True,-12.7,50.6
balcony:G:113,balcony,center_odd,G,113,BAL2,48,-11.04,65.3,126.38,146.2,130.7,4.7,-22.7,none,0.0,,0.0,8.7,112.7,False,31.5,0.5,1.0,True,True,-12.7,50.6
balcony:G:115,balcony,center_odd,G,115,BAL2,48,-12.73,65.3,126.24,146.2,130.7,5.4,-22.7,none,0.0,,0.0,8.7,112.7,False,31.5,0.58,1.0,True,True,-12.7,51.3
balcony:G:117,balcony,center_odd,G,117,BAL2,48,-14.42,65.3,126.07,146.2,130.8,6.1,-22.7,none,0.0,,0.0,8.7,112.7,False,31.5,0.58,1.0,True,True,-12.7,51.3
balcony:G:119,balcony,center_odd,G,119,BAL2,48,-16.11,65.3,125.88,146.2,130.8,6.9,-22.7,none,0.0,,0.0,8.7,112.7,False,31.5,0.58,1.0,True,True,-12.7,51.3
balcony:G:121,balcony,center_odd,G,121,BAL2,48,-17.8,65.3,125.67,146.2,130.8,7.6,-22.7,none,0.0,,0.0,8.7,112.7,False,31.5,0.58,1.0,True,True,-12.7,51.3
balcony:G:123,balcony,center_odd,G,123,BAL2,48,-19.48,65.3,125.44,146.2,130.9,8.3,-22.7,none,0.0,,0.0,8.7,112.7,False,31.5,0.58,1.0,True,True,-12.7,51.3
balcony:G:125,balcony,center_odd,G,125,BAL2,48,-21.16,65.3,125.18,146.2,130.9,9.0,-22.7,none,0.0,,0.0,8.7,112.7,False,31.5,0.58,1.0,True,True,-12.7,51.3
balcony:G:127,balcony,center_odd,G,127,BAL2,48,-22.84,65.3,124.91,146.2,131.0,9.8,-22.7,none,0.0,,0.0,8.7,112.7,False,31.5,0.58,1.0,True,True,-12.7,51.3
balcony:G:102,balcony,center_even,G,102,BAL2,48,0.85,65.3,126.83,146.2,130.6,0.4,-22.7,none,0.0,,0.0,8.7,112.7,False,31.5,0.5,1.0,True,True,-12.7,50.6
balcony:G:104,balcony,center_even,G,104,BAL2,48,2.55,65.3,126.81,146.2,130.6,1.1,-22.7,none,0.0,,0.0,8.7,112.7,False,31.5,0.5,1.0,True,True,-12.7,50.6
balcony:G:106,balcony,center_even,G,106,BAL2,48,4.25,65.3,126.76,146.2,130.6,1.8,-22.7,none,0.0,,0.0,8.7,112.7,False,31.5,0.5,1.0,True,True,-12.7,50.6
balcony:G:108,balcony,center_even,G,108,BAL2,48,5.95,65.3,126.7,146.2,130.6,2.5,-22.7,none,0.0,,0.0,8.7,112.7,False,31.5,0.5,1.0,True,True,-12.7,50.6
balcony:G:110,balcony,center_even,G,110,BAL2,48,7.65,65.3,126.62,146.2,130.7,3.3,-22.7,none,0.0,,0.0,8.7,112.7,False,31.5,0.5,1.0,True,True,-12.7,50.6
balcony:G:112,balcony,center_even,G,112,BAL2,48,9.34,65.3,126.51,146.2,130.7,4.0,-22.7,none,0.0,,0.0,8.7,112.7,False,31.5,0.5,1.0,True,True,-12.7,50.6
balcony:G:114,balcony,center_even,G,114,BAL2,48,11.04,65.3,126.38,146.2,130.7,4.7,-22.7,none,0.0,,0.0,8.7,112.7,False,31.5,0.5,1.0,True,True,-12.7,50.6
balcony:G:116,balcony,center_even,G,116,BAL2,48,12.73,65.3,126.24,146.2,130.7,5.4,-22.7,none,0.0,,0.0,8.7,112.7,False,31.5,0.58,1.0,True,True,-12.7,51.3
balcony:G:118,balcony,center_even,G,118,BAL2,48,14.42,65.3,126.07,146.2,130.8,6.1,-22.7,none,0.0,,0.0,8.7,112.7,False,31.5,0.58,1.0,True,True,-12.7,51.3
balcony:G:120,balcony,center_even,G,120,BAL2,48,16.11,65.3,125.88,146.2,130.8,6.9,-22.7,none,0.0,,0.0,8.7,112.7,False,31.5,0.58,1.0,True,True,-12.7,51.3
balcony:G:122,balcony,center_even,G,122,BAL2,48,17.8,65.3,125.67,146.2,130.8,7.6,-22.7,none,0.0,,0.0,8.7,112.7,False,31.5,0.58,1.0,True,True,-12.7,51.3
balcony:G:124,balcony,center_even,G,124,BAL2,48,19.48,65.3,125.44,146.2,130.9,8.3,-22.7,none,0.0,,0.0,8.7,112.7,False,31.5,0.58,1.0,True,True,-12.7,51.3
balcony:G:126,balcony,center_even,G,126,BAL2,48,21.16,65.3,125.18,146.2,130.9,9.0,-22.7,none,0.0,,0.0,8.7,112.7,False,31.5,0.58,1.0,True,True,-12.7,51.3
balcony:G:128,balcony,center_even,G,128,BAL2,48,22.84,65.3,124.91,146.2,131.0,9.8,-22.7,none,0.0,,0.0,8.7,112.7,False,31.5,0.58,1.0,True,True,-12.7,51.3
balcony:G:1,balcony,side_odd,G,1,BAL2,48,-27.95,65.3,123.94,146.2,131.1,12.0,-22.7,none,0.0,,0.0,8.7,112.7,False,31.5,0.58,0.99,True,True,-12.7,50.7
balcony:G:3,balcony,side_odd,G,3,BAL2,48,-29.61,65.3,123.59,146.2,131.2,12.7,-22.7,none,0.0,,0.0,8.7,112.7,False,31.5,0.58,0.99,True,True,-12.7,50.7
balcony:G:5,balcony,side_odd,G,5,BAL2,48,-31.27,65.3,123.21,146.2,131.3,13.4,-22.7,none,0.0,,0.0,8.7,112.7,False,31.5,0.58,0.98,True,True,-12.7,50.1
balcony:G:7,balcony,side_odd,G,7,BAL2,48,-32.92,65.3,122.81,146.2,131.4,14.1,-22.7,none,0.0,,0.0,8.7,112.7,False,31.5,0.58,0.97,True,True,-12.7,49.5
balcony:G:9,balcony,side_odd,G,9,BAL2,48,-34.57,65.3,122.39,146.3,131.4,14.8,-22.7,none,0.0,,0.0,8.7,112.7,False,31.5,0.58,0.97,True,True,-12.7,49.4
balcony:G:11,balcony,side_odd,G,11,BAL2,48,-36.21,65.3,121.95,146.3,131.5,15.6,-22.7,none,0.0,,0.0,8.7,112.7,False,31.5,0.58,0.96,True,True,-12.7,48.2
balcony:G:13,balcony,side_odd,G,13,BAL2,48,-37.85,65.3,121.49,146.3,131.6,16.3,-22.7,none,0.0,,0.0,8.7,112.7,False,31.5,0.58,0.95,True,True,-12.7,46.9
balcony:G:15,balcony,side_odd,G,15,BAL2,48,-39.48,65.3,121.01,146.3,131.7,17.0,-22.7,none,0.0,,0.0,8.7,112.7,False,31.5,0.58,0.95,True,True,-12.7,46.2
balcony:G:17,balcony,side_odd,G,17,BAL2,48,-41.11,65.3,120.51,146.3,131.8,17.7,-22.7,none,0.0,,0.0,8.7,112.7,False,31.5,0.58,0.94,True,True,-12.7,44.9
balcony:G:19,balcony,side_odd,G,19,BAL2,48,-42.72,65.3,119.99,146.3,131.9,18.5,-22.7,none,0.0,,0.0,8.7,112.7,False,31.5,0.58,0.93,True,True,-12.7,43.5
balcony:G:2,balcony,side_even,G,2,BAL2,48,27.95,65.3,123.94,146.2,131.1,12.0,-22.7,none,0.0,,0.0,8.7,112.7,False,31.5,0.58,0.99,True,True,-12.7,50.7
balcony:G:4,balcony,side_even,G,4,BAL2,48,29.61,65.3,123.59,146.2,131.2,12.7,-22.7,none,0.0,,0.0,8.7,112.7,False,31.5,0.58,0.99,True,True,-12.7,50.7
balcony:G:6,balcony,side_even,G,6,BAL2,48,31.27,65.3,123.21,146.2,131.3,13.4,-22.7,none,0.0,,0.0,8.7,112.7,False,31.5,0.58,0.98,True,True,-12.7,50.1
balcony:G:8,balcony,side_even,G,8,BAL2,48,32.92,65.3,122.81,146.2,131.4,14.1,-22.7,none,0.0,,0.0,8.7,112.7,False,31.5,0.58,0.97,True,True,-12.7,49.5
balcony:G:10,balcony,side_even,G,10,BAL2,48,34.57,65.3,122.39,146.3,131.4,14.8,-22.7,none,0.0,,0.0,8.7,112.7,False,31.5,0.58,0.97,True,True,-12.7,49.4
balcony:G:12,balcony,side_even,G,12,BAL2,48,36.21,65.3,121.95,146.3,131.5,15.6,-22.7,none,0.0,,0.0,8.7,112.7,False,31.5,0.58,0.96,True,True,-12.7,48.2
balcony:G:14,balcony,side_even,G,14,BAL2,48,37.85,65.3,121.49,146.3,131.6,16.3,-22.7,none,0.0,,0.0,8.7,112.7,False,31.5,0.58,0.95,True,True,-12.7,46.9
balcony:G:16,balcony,side_even,G,16,BAL2,48,39.48,65.3,121.01,146.3,131.7,17.0,-22.7,none,0.0,,0.0,8.7,112.7,False,31.5,0.58,0.95,True,True,-12.7,46.2
balcony:G:18,balcony,side_even,G,18,BAL2,48,41.11,65.3,120.51,146.3,131.8,17.7,-22.7,none,0.0,,0.0,8.7,112.7,False,31.5,0.58,0.94,True,True,-12.7,44.9
balcony:G:20,balcony,side_even,G,20,BAL2,48,42.72,65.3,119.99,146.3,131.9,18.5,-22.7,none,0.0,,0.0,8.7,112.7,False,31.5,0.58,0.93,True,True,-12.7,43.5
balcony:G:21,balcony,far_odd,G,21,BAL3,30,-47.63,65.3,118.27,146.3,132.2,20.7,-22.7,none,0.0,,0.0,8.7,112.7,False,31.5,0.58,0.91,True,True,-12.7,40.1
balcony:G:23,balcony,far_odd,G,23,BAL3,30,-49.22,65.3,117.67,146.3,132.3,21.4,-22.7,none,0.0,,0.0,8.7,112.7,False,31.5,0.58,0.91,True,True,-12.7,39.4
balcony:G:25,balcony,far_odd,G,25,BAL3,30,-50.8,65.3,117.05,146.3,132.4,22.1,-22.7,none,0.0,,0.0,8.7,112.7,False,31.5,0.58,0.9,True,True,-12.7,38.1
balcony:G:27,balcony,far_odd,G,27,BAL3,30,-52.38,65.3,116.41,146.3,132.5,22.8,-22.7,none,0.0,,0.0,8.7,112.7,False,31.5,0.58,0.89,True,True,-12.7,36.8
balcony:G:29,balcony,far_odd,G,29,BAL3,30,-53.94,65.3,115.75,146.3,132.6,23.6,-22.7,none,0.0,,0.0,8.7,112.7,False,31.5,0.58,0.88,True,True,-12.7,35.4
balcony:G:22,balcony,far_even,G,22,BAL3,30,47.63,65.3,118.27,146.3,132.2,20.7,-22.7,none,0.0,,0.0,8.7,112.7,False,31.5,0.58,0.91,True,True,-12.7,40.1
balcony:G:24,balcony,far_even,G,24,BAL3,30,49.22,65.3,117.67,146.3,132.3,21.4,-22.7,none,0.0,,0.0,8.7,112.7,False,31.5,0.58,0.91,True,True,-12.7,39.4
balcony:G:26,balcony,far_even,G,26,BAL3,30,50.8,65.3,117.05,146.3,132.4,22.1,-22.7,none,0.0,,0.0,8.7,112.7,False,31.5,0.58,0.9,True,True,-12.7,38.1
balcony:G:28,balcony,far_even,G,28,BAL3,30,52.38,65.3,116.41,146.3,132.5,22.8,-22.7,none,0.0,,0.0,8.7,112.7,False,31.5,0.58,0.89,True,True,-12.7,36.8
balcony:G:30,balcony,far_even,G,30,BAL3,30,53.94,65.3,115.75,146.3,132.6,23.6,-22.7,none,0.0,,0.0,8.7,112.7,False,31.5,0.58,0.88,True,True,-12.7,35.4
balcony:H:101,balcony,center_odd,H,101,BAL2,48,-0.85,66.5,129.68,149.3,133.7,0.4,-22.7,none,0.0,,0.0,7.5,112.7,False,31.5,0.5,1.0,True,True,-12.9,49.1
balcony:H:103,balcony,center_odd,H,103,BAL2,48,-2.55,66.5,129.66,149.3,133.7,1.1,-22.7,none,0.0,,0.0,7.5,112.7,False,31.5,0.5,1.0,True,True,-12.9,49.1
balcony:H:105,balcony,center_odd,H,105,BAL2,48,-4.25,66.5,129.62,149.3,133.7,1.8,-22.7,none,0.0,,0.0,7.5,112.7,False,31.5,0.5,1.0,True,True,-12.9,49.1
balcony:H:107,balcony,center_odd,H,107,BAL2,48,-5.95,66.5,129.55,149.3,133.7,2.5,-22.7,none,0.0,,0.0,7.5,112.7,False,31.5,0.5,1.0,True,True,-12.9,49.1
balcony:H:109,balcony,center_odd,H,109,BAL2,48,-7.65,66.5,129.47,149.3,133.7,3.2,-22.7,none,0.0,,0.0,7.5,112.7,False,31.5,0.5,1.0,True,True,-12.9,49.1
balcony:H:111,balcony,center_odd,H,111,BAL2,48,-9.34,66.5,129.37,149.3,133.7,3.9,-22.7,none,0.0,,0.0,7.5,112.7,False,31.5,0.5,1.0,True,True,-12.9,49.1
balcony:H:113,balcony,center_odd,H,113,BAL2,48,-11.04,66.5,129.24,149.3,133.8,4.6,-22.7,none,0.0,,0.0,7.5,112.7,False,31.5,0.5,1.0,True,True,-12.9,49.1
balcony:H:115,balcony,center_odd,H,115,BAL2,48,-12.73,66.5,129.1,149.3,133.8,5.3,-22.7,none,0.0,,0.0,7.5,112.7,False,31.5,0.5,1.0,True,True,-12.9,49.1
balcony:H:117,balcony,center_odd,H,117,BAL2,48,-14.42,66.5,128.93,149.3,133.8,6.0,-22.7,none,0.0,,0.0,7.5,112.7,False,31.5,0.5,1.0,True,True,-12.9,49.1
balcony:H:119,balcony,center_odd,H,119,BAL2,48,-16.11,66.5,128.75,149.3,133.8,6.7,-22.7,none,0.0,,0.0,7.5,112.7,False,31.5,0.5,1.0,True,True,-12.9,49.1
balcony:H:121,balcony,center_odd,H,121,BAL2,48,-17.8,66.5,128.54,149.3,133.9,7.4,-22.7,none,0.0,,0.0,7.5,112.7,False,31.5,0.5,1.0,True,True,-12.9,49.1
balcony:H:123,balcony,center_odd,H,123,BAL2,48,-19.49,66.5,128.31,149.3,133.9,8.1,-22.7,none,0.0,,0.0,7.5,112.7,False,31.5,0.5,1.0,True,True,-12.9,49.1
balcony:H:125,balcony,center_odd,H,125,BAL2,48,-21.17,66.5,128.07,149.3,134.0,8.8,-22.7,none,0.0,,0.0,7.5,112.7,False,31.5,0.58,1.0,True,True,-12.9,49.8
balcony:H:102,balcony,center_even,H,102,BAL2,48,0.85,66.5,129.68,149.3,133.7,0.4,-22.7,none,0.0,,0.0,7.5,112.7,False,31.5,0.5,1.0,True,True,-12.9,49.1
balcony:H:104,balcony,center_even,H,104,BAL2,48,2.55,66.5,129.66,149.3,133.7,1.1,-22.7,none,0.0,,0.0,7.5,112.7,False,31.5,0.5,1.0,True,True,-12.9,49.1
balcony:H:106,balcony,center_even,H,106,BAL2,48,4.25,66.5,129.62,149.3,133.7,1.8,-22.7,none,0.0,,0.0,7.5,112.7,False,31.5,0.5,1.0,True,True,-12.9,49.1
balcony:H:108,balcony,center_even,H,108,BAL2,48,5.95,66.5,129.55,149.3,133.7,2.5,-22.7,none,0.0,,0.0,7.5,112.7,False,31.5,0.5,1.0,True,True,-12.9,49.1
balcony:H:110,balcony,center_even,H,110,BAL2,48,7.65,66.5,129.47,149.3,133.7,3.2,-22.7,none,0.0,,0.0,7.5,112.7,False,31.5,0.5,1.0,True,True,-12.9,49.1
balcony:H:112,balcony,center_even,H,112,BAL2,48,9.34,66.5,129.37,149.3,133.7,3.9,-22.7,none,0.0,,0.0,7.5,112.7,False,31.5,0.5,1.0,True,True,-12.9,49.1
balcony:H:114,balcony,center_even,H,114,BAL2,48,11.04,66.5,129.24,149.3,133.8,4.6,-22.7,none,0.0,,0.0,7.5,112.7,False,31.5,0.5,1.0,True,True,-12.9,49.1
balcony:H:116,balcony,center_even,H,116,BAL2,48,12.73,66.5,129.1,149.3,133.8,5.3,-22.7,none,0.0,,0.0,7.5,112.7,False,31.5,0.5,1.0,True,True,-12.9,49.1
balcony:H:118,balcony,center_even,H,118,BAL2,48,14.42,66.5,128.93,149.3,133.8,6.0,-22.7,none,0.0,,0.0,7.5,112.7,False,31.5,0.5,1.0,True,True,-12.9,49.1
balcony:H:120,balcony,center_even,H,120,BAL2,48,16.11,66.5,128.75,149.3,133.8,6.7,-22.7,none,0.0,,0.0,7.5,112.7,False,31.5,0.5,1.0,True,True,-12.9,49.1
balcony:H:122,balcony,center_even,H,122,BAL2,48,17.8,66.5,128.54,149.3,133.9,7.4,-22.7,none,0.0,,0.0,7.5,112.7,False,31.5,0.5,1.0,True,True,-12.9,49.1
balcony:H:124,balcony,center_even,H,124,BAL2,48,19.49,66.5,128.31,149.3,133.9,8.1,-22.7,none,0.0,,0.0,7.5,112.7,False,31.5,0.5,1.0,True,True,-12.9,49.1
balcony:H:126,balcony,center_even,H,126,BAL2,48,21.17,66.5,128.07,149.3,134.0,8.8,-22.7,none,0.0,,0.0,7.5,112.7,False,31.5,0.58,1.0,True,True,-12.9,49.8
balcony:H:1,balcony,side_odd,H,1,BAL2,48,-27.96,66.5,126.85,149.3,134.2,11.7,-22.7,none,0.0,,0.0,7.5,112.7,False,31.5,0.58,0.99,True,True,-12.9,49.2
balcony:H:3,balcony,side_odd,H,3,BAL2,48,-29.62,66.5,126.5,149.3,134.3,12.4,-22.7,none,0.0,,0.0,7.5,112.7,False,31.5,0.58,0.99,True,True,-12.9,49.2
balcony:H:5,balcony,side_odd,H,5,BAL2,48,-31.28,66.5,126.13,149.3,134.3,13.1,-22.7,none,0.0,,0.0,7.5,112.7,False,31.5,0.58,0.98,True,True,-12.9,48.6
balcony:H:7,balcony,side_odd,H,7,BAL2,48,-32.94,66.5,125.74,149.3,134.4,13.8,-22.7,none,0.0,,0.0,7.5,112.7,False,31.5,0.58,0.97,True,True,-12.9,48.0
balcony:H:9,balcony,side_odd,H,9,BAL2,48,-34.59,66.5,125.33,149.3,134.5,14.5,-22.7,none,0.0,,0.0,7.5,112.7,False,31.5,0.58,0.97,True,True,-12.9,48.0
balcony:H:11,balcony,side_odd,H,11,BAL2,48,-36.23,66.5,124.9,149.3,134.5,15.2,-22.7,none,0.0,,0.0,7.5,112.7,False,31.5,0.58,0.96,True,True,-12.9,47.2
balcony:H:13,balcony,side_odd,H,13,BAL2,48,-37.87,66.5,124.45,149.4,134.6,16.0,-22.7,none,0.0,,0.0,7.5,112.7,False,31.5,0.58,0.95,True,True,-12.9,45.7
balcony:H:15,balcony,side_odd,H,15,BAL2,48,-39.5,66.5,123.98,149.4,134.7,16.7,-22.7,none,0.0,,0.0,7.5,112.7,False,31.5,0.58,0.95,True,True,-12.9,45.0
balcony:H:17,balcony,side_odd,H,17,BAL2,48,-41.13,66.5,123.49,149.4,134.8,17.4,-22.7,none,0.0,,0.0,7.5,112.7,False,31.5,0.58,0.94,True,True,-12.9,43.7
balcony:H:19,balcony,side_odd,H,19,BAL2,48,-42.75,66.5,122.98,149.4,134.9,18.1,-22.7,none,0.0,,0.0,7.5,112.7,False,31.5,0.58,0.93,True,True,-12.9,42.4
balcony:H:2,balcony,side_even,H,2,BAL2,48,27.96,66.5,126.85,149.3,134.2,11.7,-22.7,none,0.0,,0.0,7.5,112.7,False,31.5,0.58,0.99,True,True,-12.9,49.2
balcony:H:4,balcony,side_even,H,4,BAL2,48,29.62,66.5,126.5,149.3,134.3,12.4,-22.7,none,0.0,,0.0,7.5,112.7,False,31.5,0.58,0.99,True,True,-12.9,49.2
balcony:H:6,balcony,side_even,H,6,BAL2,48,31.28,66.5,126.13,149.3,134.3,13.1,-22.7,none,0.0,,0.0,7.5,112.7,False,31.5,0.58,0.98,True,True,-12.9,48.6
balcony:H:8,balcony,side_even,H,8,BAL2,48,32.94,66.5,125.74,149.3,134.4,13.8,-22.7,none,0.0,,0.0,7.5,112.7,False,31.5,0.58,0.97,True,True,-12.9,48.0
balcony:H:10,balcony,side_even,H,10,BAL2,48,34.59,66.5,125.33,149.3,134.5,14.5,-22.7,none,0.0,,0.0,7.5,112.7,False,31.5,0.58,0.97,True,True,-12.9,48.0
balcony:H:12,balcony,side_even,H,12,BAL2,48,36.23,66.5,124.9,149.3,134.5,15.2,-22.7,none,0.0,,0.0,7.5,112.7,False,31.5,0.58,0.96,True,True,-12.9,47.2
balcony:H:14,balcony,side_even,H,14,BAL2,48,37.87,66.5,124.45,149.4,134.6,16.0,-22.7,none,0.0,,0.0,7.5,112.7,False,31.5,0.58,0.95,True,True,-12.9,45.7
balcony:H:16,balcony,side_even,H,16,BAL2,48,39.5,66.5,123.98,149.4,134.7,16.7,-22.7,none,0.0,,0.0,7.5,112.7,False,31.5,0.58,0.95,True,True,-12.9,45.0
balcony:H:18,balcony,side_even,H,18,BAL2,48,41.13,66.5,123.49,149.4,134.8,17.4,-22.7,none,0.0,,0.0,7.5,112.7,False,31.5,0.58,0.94,True,True,-12.9,43.7
balcony:H:20,balcony,side_even,H,20,BAL2,48,42.75,66.5,122.98,149.4,134.9,18.1,-22.7,none,0.0,,0.0,7.5,112.7,False,31.5,0.58,0.93,True,True,-12.9,42.4
balcony:H:21,balcony,far_odd,H,21,BAL3,30,-47.67,66.5,121.29,149.4,135.2,20.2,-22.7,none,0.0,,0.0,7.5,112.7,False,31.5,0.58,0.91,True,True,-12.9,39.1
balcony:H:23,balcony,far_odd,H,23,BAL3,30,-49.27,66.5,120.7,149.4,135.3,20.9,-22.7,none,0.0,,0.0,7.5,112.7,False,31.5,0.58,0.91,True,True,-12.9,38.4
balcony:H:25,balcony,far_odd,H,25,BAL3,30,-50.85,66.5,120.09,149.4,135.4,21.7,-22.7,none,0.0,,0.0,7.5,112.7,False,31.5,0.58,0.9,True,True,-12.9,37.0
balcony:H:27,balcony,far_odd,H,27,BAL3,30,-52.43,66.5,119.47,149.4,135.5,22.4,-22.7,none,0.0,,0.0,7.5,112.7,False,31.5,0.58,0.89,True,True,-12.9,35.7
balcony:H:29,balcony,far_odd,H,29,BAL3,30,-54.01,66.5,118.82,149.4,135.6,23.1,-22.7,none,0.0,,0.0,7.5,112.7,False,31.5,0.58,0.89,True,True,-12.9,35.0
balcony:H:22,balcony,far_even,H,22,BAL3,30,47.67,66.5,121.29,149.4,135.2,20.2,-22.7,none,0.0,,0.0,7.5,112.7,False,31.5,0.58,0.91,True,True,-12.9,39.1
balcony:H:24,balcony,far_even,H,24,BAL3,30,49.27,66.5,120.7,149.4,135.3,20.9,-22.7,none,0.0,,0.0,7.5,112.7,False,31.5,0.58,0.91,True,True,-12.9,38.4
balcony:H:26,balcony,far_even,H,26,BAL3,30,50.85,66.5,120.09,149.4,135.4,21.7,-22.7,none,0.0,,0.0,7.5,112.7,False,31.5,0.58,0.9,True,True,-12.9,37.0
balcony:H:28,balcony,far_even,H,28,BAL3,30,52.43,66.5,119.47,149.4,135.5,22.4,-22.7,none,0.0,,0.0,7.5,112.7,False,31.5,0.58,0.89,True,True,-12.9,35.7
balcony:H:30,balcony,far_even,H,30,BAL3,30,54.01,66.5,118.82,149.4,135.6,23.1,-22.7,none,0.0,,0.0,7.5,112.7,False,31.5,0.58,0.89,True,True,-12.9,35.0
balcony:J:101,balcony,center_odd,J,101,BAL2,48,-0.85,67.7,132.53,152.4,136.8,0.3,-22.7,none,0.0,,0.0,6.3,112.7,False,31.5,0.5,1.0,True,True,-13.1,47.6
balcony:J:103,balcony,center_odd,J,103,BAL2,48,-2.55,67.7,132.51,152.4,136.8,1.0,-22.7,none,0.0,,0.0,6.3,112.7,False,31.5,0.5,1.0,True,True,-13.1,47.6
balcony:J:105,balcony,center_odd,J,105,BAL2,48,-4.25,67.7,132.47,152.4,136.8,1.7,-22.7,none,0.0,,0.0,6.3,112.7,False,31.5,0.5,1.0,True,True,-13.1,47.6
balcony:J:107,balcony,center_odd,J,107,BAL2,48,-5.95,67.7,132.41,152.4,136.8,2.4,-22.7,none,0.0,,0.0,6.3,112.7,False,31.5,0.5,1.0,True,True,-13.1,47.6
balcony:J:109,balcony,center_odd,J,109,BAL2,48,-7.65,67.7,132.32,152.4,136.8,3.1,-22.7,none,0.0,,0.0,6.3,112.7,False,31.5,0.5,1.0,True,True,-13.1,47.6
balcony:J:111,balcony,center_odd,J,111,BAL2,48,-9.34,67.7,132.22,152.4,136.8,3.8,-22.7,none,0.0,,0.0,6.3,112.7,False,31.5,0.5,1.0,True,True,-13.1,47.6
balcony:J:113,balcony,center_odd,J,113,BAL2,48,-11.04,67.7,132.1,152.4,136.8,4.5,-22.7,none,0.0,,0.0,6.3,112.7,False,31.5,0.5,1.0,True,True,-13.1,47.6
balcony:J:115,balcony,center_odd,J,115,BAL2,48,-12.73,67.7,131.96,152.4,136.9,5.2,-22.7,none,0.0,,0.0,6.3,112.7,False,31.5,0.5,1.0,True,True,-13.1,47.6
balcony:J:117,balcony,center_odd,J,117,BAL2,48,-14.43,67.7,131.8,152.4,136.9,5.9,-22.7,none,0.0,,0.0,6.3,112.7,False,31.5,0.5,1.0,True,True,-13.1,47.6
balcony:J:119,balcony,center_odd,J,119,BAL2,48,-16.12,67.7,131.62,152.4,136.9,6.6,-22.7,none,0.0,,0.0,6.3,112.7,False,31.5,0.5,1.0,True,True,-13.1,47.6
balcony:J:121,balcony,center_odd,J,121,BAL2,48,-17.8,67.7,131.41,152.4,136.9,7.3,-22.7,none,0.0,,0.0,6.3,112.7,False,31.5,0.5,1.0,True,True,-13.1,47.6
balcony:J:123,balcony,center_odd,J,123,BAL2,48,-19.49,67.7,131.19,152.4,137.0,8.0,-22.7,none,0.0,,0.0,6.3,112.7,False,31.5,0.5,1.0,True,True,-13.1,47.6
balcony:J:125,balcony,center_odd,J,125,BAL2,48,-21.17,67.7,130.95,152.4,137.0,8.7,-22.7,none,0.0,,0.0,6.3,112.7,False,31.5,0.5,1.0,True,True,-13.1,47.6
balcony:J:127,balcony,center_odd,J,127,BAL2,48,-22.85,67.7,130.69,152.4,137.1,9.4,-22.7,none,0.0,,0.0,6.3,112.7,False,31.5,0.5,1.0,True,True,-13.1,47.6
balcony:J:102,balcony,center_even,J,102,BAL2,48,0.85,67.7,132.53,152.4,136.8,0.3,-22.7,none,0.0,,0.0,6.3,112.7,False,31.5,0.5,1.0,True,True,-13.1,47.6
balcony:J:104,balcony,center_even,J,104,BAL2,48,2.55,67.7,132.51,152.4,136.8,1.0,-22.7,none,0.0,,0.0,6.3,112.7,False,31.5,0.5,1.0,True,True,-13.1,47.6
balcony:J:106,balcony,center_even,J,106,BAL2,48,4.25,67.7,132.47,152.4,136.8,1.7,-22.7,none,0.0,,0.0,6.3,112.7,False,31.5,0.5,1.0,True,True,-13.1,47.6
balcony:J:108,balcony,center_even,J,108,BAL2,48,5.95,67.7,132.41,152.4,136.8,2.4,-22.7,none,0.0,,0.0,6.3,112.7,False,31.5,0.5,1.0,True,True,-13.1,47.6
balcony:J:110,balcony,center_even,J,110,BAL2,48,7.65,67.7,132.32,152.4,136.8,3.1,-22.7,none,0.0,,0.0,6.3,112.7,False,31.5,0.5,1.0,True,True,-13.1,47.6
balcony:J:112,balcony,center_even,J,112,BAL2,48,9.34,67.7,132.22,152.4,136.8,3.8,-22.7,none,0.0,,0.0,6.3,112.7,False,31.5,0.5,1.0,True,True,-13.1,47.6
balcony:J:114,balcony,center_even,J,114,BAL2,48,11.04,67.7,132.1,152.4,136.8,4.5,-22.7,none,0.0,,0.0,6.3,112.7,False,31.5,0.5,1.0,True,True,-13.1,47.6
balcony:J:116,balcony,center_even,J,116,BAL2,48,12.73,67.7,131.96,152.4,136.9,5.2,-22.7,none,0.0,,0.0,6.3,112.7,False,31.5,0.5,1.0,True,True,-13.1,47.6
balcony:J:118,balcony,center_even,J,118,BAL2,48,14.43,67.7,131.8,152.4,136.9,5.9,-22.7,none,0.0,,0.0,6.3,112.7,False,31.5,0.5,1.0,True,True,-13.1,47.6
balcony:J:120,balcony,center_even,J,120,BAL2,48,16.12,67.7,131.62,152.4,136.9,6.6,-22.7,none,0.0,,0.0,6.3,112.7,False,31.5,0.5,1.0,True,True,-13.1,47.6
balcony:J:122,balcony,center_even,J,122,BAL2,48,17.8,67.7,131.41,152.4,136.9,7.3,-22.7,none,0.0,,0.0,6.3,112.7,False,31.5,0.5,1.0,True,True,-13.1,47.6
balcony:J:124,balcony,center_even,J,124,BAL2,48,19.49,67.7,131.19,152.4,137.0,8.0,-22.7,none,0.0,,0.0,6.3,112.7,False,31.5,0.5,1.0,True,True,-13.1,47.6
balcony:J:126,balcony,center_even,J,126,BAL2,48,21.17,67.7,130.95,152.4,137.0,8.7,-22.7,none,0.0,,0.0,6.3,112.7,False,31.5,0.5,1.0,True,True,-13.1,47.6
balcony:J:128,balcony,center_even,J,128,BAL2,48,22.85,67.7,130.69,152.4,137.1,9.4,-22.7,none,0.0,,0.0,6.3,112.7,False,31.5,0.5,1.0,True,True,-13.1,47.6
balcony:J:1,balcony,side_odd,J,1,BAL2,48,-27.97,67.7,129.76,152.4,137.2,11.5,-22.7,none,0.0,,0.0,6.3,112.7,False,31.5,0.58,0.99,True,True,-13.1,47.7
balcony:J:3,balcony,side_odd,J,3,BAL2,48,-29.63,67.7,129.42,152.4,137.3,12.2,-22.7,none,0.0,,0.0,6.3,112.7,False,31.5,0.58,0.99,True,True,-13.1,47.7
balcony:J:5,balcony,side_odd,J,5,BAL2,48,-31.29,67.7,129.05,152.4,137.4,12.9,-22.7,none,0.0,,0.0,6.3,112.7,False,31.5,0.58,0.98,True,True,-13.1,47.1
balcony:J:7,balcony,side_odd,J,7,BAL2,48,-32.95,67.7,128.67,152.4,137.4,13.6,-22.7,none,0.0,,0.0,6.3,112.7,False,31.5,0.58,0.97,True,True,-13.1,46.5
balcony:J:9,balcony,side_odd,J,9,BAL2,48,-34.6,67.7,128.27,152.4,137.5,14.2,-22.7,none,0.0,,0.0,6.3,112.7,False,31.5,0.58,0.97,True,True,-13.1,46.5
balcony:J:11,balcony,side_odd,J,11,BAL2,48,-36.25,67.7,127.84,152.4,137.6,14.9,-22.7,none,0.0,,0.0,6.3,112.7,False,31.5,0.58,0.96,True,True,-13.1,45.9
balcony:J:13,balcony,side_odd,J,13,BAL2,48,-37.89,67.7,127.4,152.4,137.6,15.6,-22.7,none,0.0,,0.0,6.3,112.7,False,31.5,0.58,0.96,True,True,-13.1,45.3
balcony:J:15,balcony,side_odd,J,15,BAL2,48,-39.53,67.7,126.94,152.4,137.7,16.3,-22.7,none,0.0,,0.0,6.3,112.7,False,31.5,0.58,0.95,True,True,-13.1,44.0
balcony:J:17,balcony,side_odd,J,17,BAL2,48,-41.16,67.7,126.46,152.5,137.8,17.0,-22.7,none,0.0,,0.0,6.3,112.7,False,31.5,0.58,0.94,True,True,-13.1,42.6
balcony:J:19,balcony,side_odd,J,19,BAL2,48,-42.78,67.7,125.96,152.5,137.9,17.7,-22.7,none,0.0,,0.0,6.3,112.7,False,31.5,0.58,0.94,True,True,-13.1,41.9
balcony:J:2,balcony,side_even,J,2,BAL2,48,27.97,67.7,129.76,152.4,137.2,11.5,-22.7,none,0.0,,0.0,6.3,112.7,False,31.5,0.58,0.99,True,True,-13.1,47.7
balcony:J:4,balcony,side_even,J,4,BAL2,48,29.63,67.7,129.42,152.4,137.3,12.2,-22.7,none,0.0,,0.0,6.3,112.7,False,31.5,0.58,0.99,True,True,-13.1,47.7
balcony:J:6,balcony,side_even,J,6,BAL2,48,31.29,67.7,129.05,152.4,137.4,12.9,-22.7,none,0.0,,0.0,6.3,112.7,False,31.5,0.58,0.98,True,True,-13.1,47.1
balcony:J:8,balcony,side_even,J,8,BAL2,48,32.95,67.7,128.67,152.4,137.4,13.6,-22.7,none,0.0,,0.0,6.3,112.7,False,31.5,0.58,0.97,True,True,-13.1,46.5
balcony:J:10,balcony,side_even,J,10,BAL2,48,34.6,67.7,128.27,152.4,137.5,14.2,-22.7,none,0.0,,0.0,6.3,112.7,False,31.5,0.58,0.97,True,True,-13.1,46.5
balcony:J:12,balcony,side_even,J,12,BAL2,48,36.25,67.7,127.84,152.4,137.6,14.9,-22.7,none,0.0,,0.0,6.3,112.7,False,31.5,0.58,0.96,True,True,-13.1,45.9
balcony:J:14,balcony,side_even,J,14,BAL2,48,37.89,67.7,127.4,152.4,137.6,15.6,-22.7,none,0.0,,0.0,6.3,112.7,False,31.5,0.58,0.96,True,True,-13.1,45.3
balcony:J:16,balcony,side_even,J,16,BAL2,48,39.53,67.7,126.94,152.4,137.7,16.3,-22.7,none,0.0,,0.0,6.3,112.7,False,31.5,0.58,0.95,True,True,-13.1,44.0
balcony:J:18,balcony,side_even,J,18,BAL2,48,41.16,67.7,126.46,152.5,137.8,17.0,-22.7,none,0.0,,0.0,6.3,112.7,False,31.5,0.58,0.94,True,True,-13.1,42.6
balcony:J:20,balcony,side_even,J,20,BAL2,48,42.78,67.7,125.96,152.5,137.9,17.7,-22.7,none,0.0,,0.0,6.3,112.7,False,31.5,0.58,0.94,True,True,-13.1,41.9
balcony:J:21,balcony,far_odd,J,21,BAL3,30,-47.71,67.7,124.31,152.5,138.2,19.8,-22.7,none,0.0,,0.0,6.3,112.7,False,31.5,0.58,0.92,True,True,-13.1,38.6
balcony:J:23,balcony,far_odd,J,23,BAL3,30,-49.31,67.7,123.73,152.5,138.3,20.5,-22.7,none,0.0,,0.0,6.3,112.7,False,31.5,0.58,0.91,True,True,-13.1,37.3
balcony:J:25,balcony,far_odd,J,25,BAL3,30,-50.9,67.7,123.13,152.5,138.4,21.2,-22.7,none,0.0,,0.0,6.3,112.7,False,31.5,0.58,0.9,True,True,-13.1,36.0
balcony:J:27,balcony,far_odd,J,27,BAL3,30,-52.49,67.7,122.51,152.5,138.5,21.9,-22.7,none,0.0,,0.0,6.3,112.7,False,31.5,0.58,0.9,True,True,-13.1,35.3
balcony:J:29,balcony,far_odd,J,29,BAL3,30,-54.06,67.7,121.88,152.5,138.6,22.6,-22.7,none,0.0,,0.0,6.3,112.7,False,31.5,0.58,0.89,True,True,-13.1,34.0
balcony:J:22,balcony,far_even,J,22,BAL3,30,47.71,67.7,124.31,152.5,138.2,19.8,-22.7,none,0.0,,0.0,6.3,112.7,False,31.5,0.58,0.92,True,True,-13.1,38.6
balcony:J:24,balcony,far_even,J,24,BAL3,30,49.31,67.7,123.73,152.5,138.3,20.5,-22.7,none,0.0,,0.0,6.3,112.7,False,31.5,0.58,0.91,True,True,-13.1,37.3
balcony:J:26,balcony,far_even,J,26,BAL3,30,50.9,67.7,123.13,152.5,138.4,21.2,-22.7,none,0.0,,0.0,6.3,112.7,False,31.5,0.58,0.9,True,True,-13.1,36.0
balcony:J:28,balcony,far_even,J,28,BAL3,30,52.49,67.7,122.51,152.5,138.5,21.9,-22.7,none,0.0,,0.0,6.3,112.7,False,31.5,0.58,0.9,True,True,-13.1,35.3
balcony:J:30,balcony,far_even,J,30,BAL3,30,54.06,67.7,121.88,152.5,138.6,22.6,-22.7,none,0.0,,0.0,6.3,112.7,False,31.5,0.58,0.89,True,True,-13.1,34.0
balcony:K:101,balcony,center_odd,K,101,BAL2,48,-0.85,68.9,135.38,155.5,139.8,0.3,-22.7,none,0.0,,0.0,5.1,112.7,False,31.5,0.5,1.0,True,True,-13.2,46.2
balcony:K:103,balcony,center_odd,K,103,BAL2,48,-2.55,68.9,135.36,155.5,139.8,1.0,-22.7,none,0.0,,0.0,5.1,112.7,False,31.5,0.5,1.0,True,True,-13.2,46.2
balcony:K:105,balcony,center_odd,K,105,BAL2,48,-4.25,68.9,135.32,155.5,139.8,1.7,-22.7,none,0.0,,0.0,5.1,112.7,False,31.5,0.5,1.0,True,True,-13.2,46.2
balcony:K:107,balcony,center_odd,K,107,BAL2,48,-5.95,68.9,135.26,155.5,139.8,2.4,-22.7,none,0.0,,0.0,5.1,112.7,False,31.5,0.5,1.0,True,True,-13.2,46.2
balcony:K:109,balcony,center_odd,K,109,BAL2,48,-7.65,68.9,135.18,155.5,139.9,3.1,-22.7,none,0.0,,0.0,5.1,112.7,False,31.5,0.5,1.0,True,True,-13.2,46.2
balcony:K:111,balcony,center_odd,K,111,BAL2,48,-9.34,68.9,135.08,155.5,139.9,3.7,-22.7,none,0.0,,0.0,5.1,112.7,False,31.5,0.5,1.0,True,True,-13.2,46.2
balcony:K:113,balcony,center_odd,K,113,BAL2,48,-11.04,68.9,134.96,155.5,139.9,4.4,-22.7,none,0.0,,0.0,5.1,112.7,False,31.5,0.5,1.0,True,True,-13.2,46.2
balcony:K:115,balcony,center_odd,K,115,BAL2,48,-12.73,68.9,134.82,155.5,139.9,5.1,-22.7,none,0.0,,0.0,5.1,112.7,False,31.5,0.5,1.0,True,True,-13.2,46.2
balcony:K:117,balcony,center_odd,K,117,BAL2,48,-14.43,68.9,134.66,155.5,139.9,5.8,-22.7,none,0.0,,0.0,5.1,112.7,False,31.5,0.5,1.0,True,True,-13.2,46.2
balcony:K:119,balcony,center_odd,K,119,BAL2,48,-16.12,68.9,134.48,155.5,140.0,6.5,-22.7,none,0.0,,0.0,5.1,112.7,False,31.5,0.5,1.0,True,True,-13.2,46.2
balcony:K:121,balcony,center_odd,K,121,BAL2,48,-17.81,68.9,134.29,155.5,140.0,7.1,-22.7,none,0.0,,0.0,5.1,112.7,False,31.5,0.5,1.0,True,True,-13.2,46.2
balcony:K:123,balcony,center_odd,K,123,BAL2,48,-19.49,68.9,134.07,155.5,140.0,7.8,-22.7,none,0.0,,0.0,5.1,112.7,False,31.5,0.5,1.0,True,True,-13.2,46.2
balcony:K:125,balcony,center_odd,K,125,BAL2,48,-21.17,68.9,133.83,155.5,140.1,8.5,-22.7,none,0.0,,0.0,5.1,112.7,False,31.5,0.5,1.0,True,True,-13.2,46.2
balcony:K:102,balcony,center_even,K,102,BAL2,48,0.85,68.9,135.38,155.5,139.8,0.3,-22.7,none,0.0,,0.0,5.1,112.7,False,31.5,0.5,1.0,True,True,-13.2,46.2
balcony:K:104,balcony,center_even,K,104,BAL2,48,2.55,68.9,135.36,155.5,139.8,1.0,-22.7,none,0.0,,0.0,5.1,112.7,False,31.5,0.5,1.0,True,True,-13.2,46.2
balcony:K:106,balcony,center_even,K,106,BAL2,48,4.25,68.9,135.32,155.5,139.8,1.7,-22.7,none,0.0,,0.0,5.1,112.7,False,31.5,0.5,1.0,True,True,-13.2,46.2
balcony:K:108,balcony,center_even,K,108,BAL2,48,5.95,68.9,135.26,155.5,139.8,2.4,-22.7,none,0.0,,0.0,5.1,112.7,False,31.5,0.5,1.0,True,True,-13.2,46.2
balcony:K:110,balcony,center_even,K,110,BAL2,48,7.65,68.9,135.18,155.5,139.9,3.1,-22.7,none,0.0,,0.0,5.1,112.7,False,31.5,0.5,1.0,True,True,-13.2,46.2
balcony:K:112,balcony,center_even,K,112,BAL2,48,9.34,68.9,135.08,155.5,139.9,3.7,-22.7,none,0.0,,0.0,5.1,112.7,False,31.5,0.5,1.0,True,True,-13.2,46.2
balcony:K:114,balcony,center_even,K,114,BAL2,48,11.04,68.9,134.96,155.5,139.9,4.4,-22.7,none,0.0,,0.0,5.1,112.7,False,31.5,0.5,1.0,True,True,-13.2,46.2
balcony:K:116,balcony,center_even,K,116,BAL2,48,12.73,68.9,134.82,155.5,139.9,5.1,-22.7,none,0.0,,0.0,5.1,112.7,False,31.5,0.5,1.0,True,True,-13.2,46.2
balcony:K:118,balcony,center_even,K,118,BAL2,48,14.43,68.9,134.66,155.5,139.9,5.8,-22.7,none,0.0,,0.0,5.1,112.7,False,31.5,0.5,1.0,True,True,-13.2,46.2
balcony:K:120,balcony,center_even,K,120,BAL2,48,16.12,68.9,134.48,155.5,140.0,6.5,-22.7,none,0.0,,0.0,5.1,112.7,False,31.5,0.5,1.0,True,True,-13.2,46.2
balcony:K:122,balcony,center_even,K,122,BAL2,48,17.81,68.9,134.29,155.5,140.0,7.1,-22.7,none,0.0,,0.0,5.1,112.7,False,31.5,0.5,1.0,True,True,-13.2,46.2
balcony:K:124,balcony,center_even,K,124,BAL2,48,19.49,68.9,134.07,155.5,140.0,7.8,-22.7,none,0.0,,0.0,5.1,112.7,False,31.5,0.5,1.0,True,True,-13.2,46.2
balcony:K:126,balcony,center_even,K,126,BAL2,48,21.17,68.9,133.83,155.5,140.1,8.5,-22.7,none,0.0,,0.0,5.1,112.7,False,31.5,0.5,1.0,True,True,-13.2,46.2
balcony:K:1,balcony,side_odd,K,1,BAL2,48,-27.97,68.9,132.66,155.5,140.3,11.2,-22.7,none,0.0,,0.0,5.1,112.7,False,31.5,0.5,0.99,True,True,-13.2,45.6
balcony:K:3,balcony,side_odd,K,3,BAL2,48,-29.64,68.9,132.33,155.5,140.3,11.9,-22.7,none,0.0,,0.0,5.1,112.7,False,31.5,0.5,0.99,True,True,-13.2,45.6
balcony:K:5,balcony,side_odd,K,5,BAL2,48,-31.3,68.9,131.97,155.5,140.4,12.6,-22.7,none,0.0,,0.0,5.1,112.7,False,31.5,0.58,0.98,True,True,-13.2,45.6
balcony:K:7,balcony,side_odd,K,7,BAL2,48,-32.96,68.9,131.59,155.5,140.5,13.3,-22.7,none,0.0,,0.0,5.1,112.7,False,31.5,0.58,0.97,True,True,-13.2,45.0
balcony:K:9,balcony,side_odd,K,9,BAL2,48,-34.61,68.9,131.2,155.5,140.5,14.0,-22.7,none,0.0,,0.0,5.1,112.7,False,31.5,0.58,0.97,True,True,-13.2,45.0
balcony:K:11,balcony,side_odd,K,11,BAL2,48,-36.26,68.9,130.78,155.5,140.6,14.6,-22.7,none,0.0,,0.0,5.1,112.7,False,31.5,0.58,0.96,True,True,-13.2,44.4
balcony:K:13,balcony,side_odd,K,13,BAL2,48,-37.91,68.9,130.35,155.5,140.7,15.3,-22.7,none,0.0,,0.0,5.1,112.7,False,31.5,0.58,0.96,True,True,-13.2,44.1
balcony:K:15,balcony,side_odd,K,15,BAL2,48,-39.55,68.9,129.9,155.5,140.8,16.0,-22.7,none,0.0,,0.0,5.1,112.7,False,31.5,0.58,0.95,True,True,-13.2,42.8
balcony:K:17,balcony,side_odd,K,17,BAL2,48,-41.18,68.9,129.43,155.5,140.8,16.7,-22.7,none,0.0,,0.0,5.1,112.7,False,31.5,0.58,0.94,True,True,-13.2,41.5
balcony:K:19,balcony,side_odd,K,19,BAL2,48,-42.81,68.9,128.94,155.5,140.9,17.4,-22.7,none,0.0,,0.0,5.1,112.7,False,31.5,0.58,0.94,True,True,-13.2,40.8
balcony:K:2,balcony,side_even,K,2,BAL2,48,27.97,68.9,132.66,155.5,140.3,11.2,-22.7,none,0.0,,0.0,5.1,112.7,False,31.5,0.5,0.99,True,True,-13.2,45.6
balcony:K:4,balcony,side_even,K,4,BAL2,48,29.64,68.9,132.33,155.5,140.3,11.9,-22.7,none,0.0,,0.0,5.1,112.7,False,31.5,0.5,0.99,True,True,-13.2,45.6
balcony:K:6,balcony,side_even,K,6,BAL2,48,31.3,68.9,131.97,155.5,140.4,12.6,-22.7,none,0.0,,0.0,5.1,112.7,False,31.5,0.58,0.98,True,True,-13.2,45.6
balcony:K:8,balcony,side_even,K,8,BAL2,48,32.96,68.9,131.59,155.5,140.5,13.3,-22.7,none,0.0,,0.0,5.1,112.7,False,31.5,0.58,0.97,True,True,-13.2,45.0
balcony:K:10,balcony,side_even,K,10,BAL2,48,34.61,68.9,131.2,155.5,140.5,14.0,-22.7,none,0.0,,0.0,5.1,112.7,False,31.5,0.58,0.97,True,True,-13.2,45.0
balcony:K:12,balcony,side_even,K,12,BAL2,48,36.26,68.9,130.78,155.5,140.6,14.6,-22.7,none,0.0,,0.0,5.1,112.7,False,31.5,0.58,0.96,True,True,-13.2,44.4
balcony:K:14,balcony,side_even,K,14,BAL2,48,37.91,68.9,130.35,155.5,140.7,15.3,-22.7,none,0.0,,0.0,5.1,112.7,False,31.5,0.58,0.96,True,True,-13.2,44.1
balcony:K:16,balcony,side_even,K,16,BAL2,48,39.55,68.9,129.9,155.5,140.8,16.0,-22.7,none,0.0,,0.0,5.1,112.7,False,31.5,0.58,0.95,True,True,-13.2,42.8
balcony:K:18,balcony,side_even,K,18,BAL2,48,41.18,68.9,129.43,155.5,140.8,16.7,-22.7,none,0.0,,0.0,5.1,112.7,False,31.5,0.58,0.94,True,True,-13.2,41.5
balcony:K:20,balcony,side_even,K,20,BAL2,48,42.81,68.9,128.94,155.5,140.9,17.4,-22.7,none,0.0,,0.0,5.1,112.7,False,31.5,0.58,0.94,True,True,-13.2,40.8
balcony:K:21,balcony,far_odd,K,21,BAL3,30,-47.75,68.9,127.32,155.6,141.2,19.4,-22.7,none,0.0,,0.0,5.1,112.7,False,31.5,0.58,0.92,True,True,-13.2,37.6
balcony:K:23,balcony,far_odd,K,23,BAL3,30,-49.35,68.9,126.75,155.6,141.3,20.1,-22.7,none,0.0,,0.0,5.1,112.7,False,31.5,0.58,0.91,True,True,-13.2,36.3
balcony:K:25,balcony,far_odd,K,25,BAL3,30,-50.95,68.9,126.16,155.6,141.4,20.8,-22.7,none,0.0,,0.0,5.1,112.7,False,31.5,0.58,0.9,True,True,-13.2,35.0
balcony:K:27,balcony,far_odd,K,27,BAL3,30,-52.53,68.9,125.56,155.6,141.5,21.5,-22.7,none,0.0,,0.0,5.1,112.7,False,31.5,0.58,0.9,True,True,-13.2,34.3
balcony:K:29,balcony,far_odd,K,29,BAL3,30,-54.12,68.9,124.93,155.6,141.6,22.2,-22.7,none,0.0,,0.0,5.1,112.7,False,31.5,0.58,0.89,True,True,-13.2,33.0
balcony:K:22,balcony,far_even,K,22,BAL3,30,47.75,68.9,127.32,155.6,141.2,19.4,-22.7,none,0.0,,0.0,5.1,112.7,False,31.5,0.58,0.92,True,True,-13.2,37.6
balcony:K:24,balcony,far_even,K,24,BAL3,30,49.35,68.9,126.75,155.6,141.3,20.1,-22.7,none,0.0,,0.0,5.1,112.7,False,31.5,0.58,0.91,True,True,-13.2,36.3
balcony:K:26,balcony,far_even,K,26,BAL3,30,50.95,68.9,126.16,155.6,141.4,20.8,-22.7,none,0.0,,0.0,5.1,112.7,False,31.5,0.58,0.9,True,True,-13.2,35.0
balcony:K:28,balcony,far_even,K,28,BAL3,30,52.53,68.9,125.56,155.6,141.5,21.5,-22.7,none,0.0,,0.0,5.1,112.7,False,31.5,0.58,0.9,True,True,-13.2,34.3
balcony:K:30,balcony,far_even,K,30,BAL3,30,54.12,68.9,124.93,155.6,141.6,22.2,-22.7,none,0.0,,0.0,5.1,112.7,False,31.5,0.58,0.89,True,True,-13.2,33.0
balcony:L:101,balcony,center_odd,L,101,BAL2,48,-0.85,70.1,138.23,158.6,142.9,0.3,-22.7,none,0.0,,0.0,3.9,112.7,False,31.5,0.5,1.0,True,True,-13.4,44.7
balcony:L:103,balcony,center_odd,L,103,BAL2,48,-2.55,70.1,138.21,158.6,142.9,1.0,-22.7,none,0.0,,0.0,3.9,112.7,False,31.5,0.5,1.0,True,True,-13.4,44.7
balcony:L:105,balcony,center_odd,L,105,BAL2,48,-4.25,70.1,138.17,158.6,142.9,1.7,-22.7,none,0.0,,0.0,3.9,112.7,False,31.5,0.5,1.0,True,True,-13.4,44.7
balcony:L:107,balcony,center_odd,L,107,BAL2,48,-5.95,70.1,138.11,158.6,142.9,2.3,-22.7,none,0.0,,0.0,3.9,112.7,False,31.5,0.5,1.0,True,True,-13.4,44.7
balcony:L:109,balcony,center_odd,L,109,BAL2,48,-7.65,70.1,138.03,158.6,142.9,3.0,-22.7,none,0.0,,0.0,3.9,112.7,False,31.5,0.5,1.0,True,True,-13.4,44.7
balcony:L:111,balcony,center_odd,L,111,BAL2,48,-9.34,70.1,137.94,158.6,142.9,3.7,-22.7,none,0.0,,0.0,3.9,112.7,False,31.5,0.5,1.0,True,True,-13.4,44.7
balcony:L:113,balcony,center_odd,L,113,BAL2,48,-11.04,70.1,137.82,158.6,143.0,4.3,-22.7,none,0.0,,0.0,3.9,112.7,False,31.5,0.5,1.0,True,True,-13.4,44.7
balcony:L:115,balcony,center_odd,L,115,BAL2,48,-12.73,70.1,137.68,158.6,143.0,5.0,-22.7,none,0.0,,0.0,3.9,112.7,False,31.5,0.5,1.0,True,True,-13.4,44.7
balcony:L:117,balcony,center_odd,L,117,BAL2,48,-14.43,70.1,137.53,158.6,143.0,5.7,-22.7,none,0.0,,0.0,3.9,112.7,False,31.5,0.5,1.0,True,True,-13.4,44.7
balcony:L:119,balcony,center_odd,L,119,BAL2,48,-16.12,70.1,137.35,158.6,143.0,6.3,-22.7,none,0.0,,0.0,3.9,112.7,False,31.5,0.5,1.0,True,True,-13.4,44.7
balcony:L:121,balcony,center_odd,L,121,BAL2,48,-17.81,70.1,137.16,158.6,143.1,7.0,-22.7,none,0.0,,0.0,3.9,112.7,False,31.5,0.5,1.0,True,True,-13.4,44.7
balcony:L:123,balcony,center_odd,L,123,BAL2,48,-19.49,70.1,136.94,158.6,143.1,7.7,-22.7,none,0.0,,0.0,3.9,112.7,False,31.5,0.5,1.0,True,True,-13.4,44.7
balcony:L:125,balcony,center_odd,L,125,BAL2,48,-21.18,70.1,136.71,158.6,143.1,8.3,-22.7,none,0.0,,0.0,3.9,112.7,False,31.5,0.5,1.0,True,True,-13.4,44.7
balcony:L:102,balcony,center_even,L,102,BAL2,48,0.85,70.1,138.23,158.6,142.9,0.3,-22.7,none,0.0,,0.0,3.9,112.7,False,31.5,0.5,1.0,True,True,-13.4,44.7
balcony:L:104,balcony,center_even,L,104,BAL2,48,2.55,70.1,138.21,158.6,142.9,1.0,-22.7,none,0.0,,0.0,3.9,112.7,False,31.5,0.5,1.0,True,True,-13.4,44.7
balcony:L:106,balcony,center_even,L,106,BAL2,48,4.25,70.1,138.17,158.6,142.9,1.7,-22.7,none,0.0,,0.0,3.9,112.7,False,31.5,0.5,1.0,True,True,-13.4,44.7
balcony:L:108,balcony,center_even,L,108,BAL2,48,5.95,70.1,138.11,158.6,142.9,2.3,-22.7,none,0.0,,0.0,3.9,112.7,False,31.5,0.5,1.0,True,True,-13.4,44.7
balcony:L:110,balcony,center_even,L,110,BAL2,48,7.65,70.1,138.03,158.6,142.9,3.0,-22.7,none,0.0,,0.0,3.9,112.7,False,31.5,0.5,1.0,True,True,-13.4,44.7
balcony:L:112,balcony,center_even,L,112,BAL2,48,9.34,70.1,137.94,158.6,142.9,3.7,-22.7,none,0.0,,0.0,3.9,112.7,False,31.5,0.5,1.0,True,True,-13.4,44.7
balcony:L:114,balcony,center_even,L,114,BAL2,48,11.04,70.1,137.82,158.6,143.0,4.3,-22.7,none,0.0,,0.0,3.9,112.7,False,31.5,0.5,1.0,True,True,-13.4,44.7
balcony:L:116,balcony,center_even,L,116,BAL2,48,12.73,70.1,137.68,158.6,143.0,5.0,-22.7,none,0.0,,0.0,3.9,112.7,False,31.5,0.5,1.0,True,True,-13.4,44.7
balcony:L:118,balcony,center_even,L,118,BAL2,48,14.43,70.1,137.53,158.6,143.0,5.7,-22.7,none,0.0,,0.0,3.9,112.7,False,31.5,0.5,1.0,True,True,-13.4,44.7
balcony:L:120,balcony,center_even,L,120,BAL2,48,16.12,70.1,137.35,158.6,143.0,6.3,-22.7,none,0.0,,0.0,3.9,112.7,False,31.5,0.5,1.0,True,True,-13.4,44.7
balcony:L:122,balcony,center_even,L,122,BAL2,48,17.81,70.1,137.16,158.6,143.1,7.0,-22.7,none,0.0,,0.0,3.9,112.7,False,31.5,0.5,1.0,True,True,-13.4,44.7
balcony:L:124,balcony,center_even,L,124,BAL2,48,19.49,70.1,136.94,158.6,143.1,7.7,-22.7,none,0.0,,0.0,3.9,112.7,False,31.5,0.5,1.0,True,True,-13.4,44.7
balcony:L:126,balcony,center_even,L,126,BAL2,48,21.18,70.1,136.71,158.6,143.1,8.3,-22.7,none,0.0,,0.0,3.9,112.7,False,31.5,0.5,1.0,True,True,-13.4,44.7
balcony:L:1,balcony,side_odd,L,1,BAL2,48,-27.98,70.1,135.57,158.6,143.3,11.0,-22.7,none,0.0,,0.0,3.9,112.7,False,31.5,0.5,0.99,True,True,-13.4,44.1
balcony:L:3,balcony,side_odd,L,3,BAL2,48,-29.65,70.1,135.23,158.6,143.4,11.7,-22.7,none,0.0,,0.0,3.9,112.7,False,31.5,0.5,0.99,True,True,-13.4,44.1
balcony:L:5,balcony,side_odd,L,5,BAL2,48,-31.31,70.1,134.89,158.6,143.5,12.4,-22.7,none,0.0,,0.0,3.9,112.7,False,31.5,0.5,0.98,True,True,-13.4,43.5
balcony:L:7,balcony,side_odd,L,7,BAL2,48,-32.97,70.1,134.52,158.6,143.5,13.0,-22.7,none,0.0,,0.0,3.9,112.7,False,31.5,0.5,0.98,True,True,-13.4,43.5
balcony:L:9,balcony,side_odd,L,9,BAL2,48,-34.63,70.1,134.13,158.6,143.6,13.7,-22.7,none,0.0,,0.0,3.9,112.7,False,31.5,0.58,0.97,True,True,-13.4,43.5
balcony:L:11,balcony,side_odd,L,11,BAL2,48,-36.28,70.1,133.72,158.6,143.6,14.4,-22.7,none,0.0,,0.0,3.9,112.7,False,31.5,0.58,0.96,True,True,-13.4,42.9
balcony:L:13,balcony,side_odd,L,13,BAL2,48,-37.92,70.1,133.3,158.6,143.7,15.0,-22.7,none,0.0,,0.0,3.9,112.7,False,31.5,0.58,0.96,True,True,-13.4,42.9
balcony:L:15,balcony,side_odd,L,15,BAL2,48,-39.56,70.1,132.85,158.6,143.8,15.7,-22.7,none,0.0,,0.0,3.9,112.7,False,31.5,0.58,0.95,True,True,-13.4,41.6
balcony:L:17,balcony,side_odd,L,17,BAL2,48,-41.2,70.1,132.39,158.6,143.9,16.4,-22.7,none,0.0,,0.0,3.9,112.7,False,31.5,0.58,0.94,True,True,-13.4,40.3
balcony:L:19,balcony,side_odd,L,19,BAL2,48,-42.83,70.1,131.91,158.6,143.9,17.0,-22.7,none,0.0,,0.0,3.9,112.7,False,31.5,0.58,0.94,True,True,-13.4,39.7
balcony:L:2,balcony,side_even,L,2,BAL2,48,27.98,70.1,135.57,158.6,143.3,11.0,-22.7,none,0.0,,0.0,3.9,112.7,False,31.5,0.5,0.99,True,True,-13.4,44.1
balcony:L:4,balcony,side_even,L,4,BAL2,48,29.65,70.1,135.23,158.6,143.4,11.7,-22.7,none,0.0,,0.0,3.9,112.7,False,31.5,0.5,0.99,True,True,-13.4,44.1
balcony:L:6,balcony,side_even,L,6,BAL2,48,31.31,70.1,134.89,158.6,143.5,12.4,-22.7,none,0.0,,0.0,3.9,112.7,False,31.5,0.5,0.98,True,True,-13.4,43.5
balcony:L:8,balcony,side_even,L,8,BAL2,48,32.97,70.1,134.52,158.6,143.5,13.0,-22.7,none,0.0,,0.0,3.9,112.7,False,31.5,0.5,0.98,True,True,-13.4,43.5
balcony:L:10,balcony,side_even,L,10,BAL2,48,34.63,70.1,134.13,158.6,143.6,13.7,-22.7,none,0.0,,0.0,3.9,112.7,False,31.5,0.58,0.97,True,True,-13.4,43.5
balcony:L:12,balcony,side_even,L,12,BAL2,48,36.28,70.1,133.72,158.6,143.6,14.4,-22.7,none,0.0,,0.0,3.9,112.7,False,31.5,0.58,0.96,True,True,-13.4,42.9
balcony:L:14,balcony,side_even,L,14,BAL2,48,37.92,70.1,133.3,158.6,143.7,15.0,-22.7,none,0.0,,0.0,3.9,112.7,False,31.5,0.58,0.96,True,True,-13.4,42.9
balcony:L:16,balcony,side_even,L,16,BAL2,48,39.56,70.1,132.85,158.6,143.8,15.7,-22.7,none,0.0,,0.0,3.9,112.7,False,31.5,0.58,0.95,True,True,-13.4,41.6
balcony:L:18,balcony,side_even,L,18,BAL2,48,41.2,70.1,132.39,158.6,143.9,16.4,-22.7,none,0.0,,0.0,3.9,112.7,False,31.5,0.58,0.94,True,True,-13.4,40.3
balcony:L:20,balcony,side_even,L,20,BAL2,48,42.83,70.1,131.91,158.6,143.9,17.0,-22.7,none,0.0,,0.0,3.9,112.7,False,31.5,0.58,0.94,True,True,-13.4,39.7
balcony:L:21,balcony,far_odd,L,21,BAL3,30,-47.78,70.1,130.32,158.7,144.2,19.1,-22.7,none,0.0,,0.0,3.9,112.7,False,31.5,0.58,0.92,True,True,-13.4,36.4
balcony:L:23,balcony,far_odd,L,23,BAL3,30,-49.39,70.1,129.76,158.7,144.3,19.7,-22.7,none,0.0,,0.0,3.9,112.7,False,31.5,0.58,0.91,True,True,-13.4,35.2
balcony:L:25,balcony,far_odd,L,25,BAL3,30,-50.99,70.1,129.19,158.7,144.4,20.4,-22.7,none,0.0,,0.0,3.9,112.7,False,31.5,0.58,0.91,True,True,-13.4,34.5
balcony:L:27,balcony,far_odd,L,27,BAL3,30,-52.58,70.1,128.59,158.7,144.5,21.1,-22.7,none,0.0,,0.0,3.9,112.7,False,31.5,0.58,0.9,True,True,-13.4,33.2
balcony:L:22,balcony,far_even,L,22,BAL3,30,47.78,70.1,130.32,158.7,144.2,19.1,-22.7,none,0.0,,0.0,3.9,112.7,False,31.5,0.58,0.92,True,True,-13.4,36.4
balcony:L:24,balcony,far_even,L,24,BAL3,30,49.39,70.1,129.76,158.7,144.3,19.7,-22.7,none,0.0,,0.0,3.9,112.7,False,31.5,0.58,0.91,True,True,-13.4,35.2
balcony:L:26,balcony,far_even,L,26,BAL3,30,50.99,70.1,129.19,158.7,144.4,20.4,-22.7,none,0.0,,0.0,3.9,112.7,False,31.5,0.58,0.91,True,True,-13.4,34.5
balcony:L:28,balcony,far_even,L,28,BAL3,30,52.58,70.1,128.59,158.7,144.5,21.1,-22.7,none,0.0,,0.0,3.9,112.7,False,31.5,0.58,0.9,True,True,-13.4,33.2
